2026-04-26 15:44:24,140 - INFO - Configuration loaded from: /home/napbad/PycharmProjects/Gradulate/config/host.yaml
2026-04-26 15:44:24,140 - INFO - Model: unet
2026-04-26 15:44:24,140 - INFO - Device: cpu
2026-04-26 15:44:24,140 - INFO - Using device: cpu
2026-04-26 15:44:24,140 - INFO - Building model...
2026-04-26 15:44:24,153 - INFO - Model parameters: 5,734
2026-04-26 15:44:25,040 - INFO - Setting up datasets...
2026-04-26 15:44:25,093 - INFO - Training samples: 649
2026-04-26 15:44:25,094 - INFO - Validation samples: 649
2026-04-26 15:44:25,094 - INFO - Starting training...
2026-04-27 11:55:44,312 - INFO - Configuration loaded from: /home/napbad/PycharmProjects/Gradulate/config/host.yaml
2026-04-27 11:55:44,312 - INFO - Model: unet
2026-04-27 11:55:44,312 - INFO - Device: cpu
2026-04-27 11:55:44,312 - INFO - Using device: cpu
2026-04-27 11:55:44,312 - INFO - Building model...
2026-04-27 11:55:44,343 - INFO - Model parameters: 5,734
2026-04-27 11:55:44,941 - INFO - Setting up datasets...
2026-04-27 11:55:44,981 - INFO - Training samples: 649
2026-04-27 11:55:44,981 - INFO - Validation samples: 649
2026-04-27 11:55:44,984 - INFO - Starting training...
2026-04-27 11:57:31,957 - INFO - Configuration loaded from: /home/napbad/PycharmProjects/Gradulate/config/host.yaml
2026-04-27 11:57:31,958 - INFO - Model: unet
2026-04-27 11:57:31,958 - INFO - Device: cpu
2026-04-27 11:57:31,958 - INFO - Using device: cpu
2026-04-27 11:57:31,958 - INFO - Building model...
2026-04-27 11:57:31,971 - INFO - Model parameters: 5,734
2026-04-27 11:57:34,476 - INFO - Setting up datasets...
2026-04-27 11:57:34,565 - INFO - Training samples: 649
2026-04-27 11:57:34,565 - INFO - Validation samples: 649
2026-04-27 11:57:34,566 - INFO - Starting training...
2026-04-27 14:36:44,232 - INFO - Configuration loaded from: /home/napbad/PycharmProjects/Gradulate/config/host.yaml
2026-04-27 14:36:44,232 - INFO - Model: unet
2026-04-27 14:36:44,232 - INFO - Device: cuda
2026-04-27 14:36:44,232 - INFO - Using device: cuda
2026-04-27 14:36:44,232 - INFO - Building model...
2026-04-27 14:36:44,378 - INFO - Model parameters: 5,734
2026-04-27 14:36:45,047 - INFO - Setting up datasets...
2026-04-27 14:36:45,078 - INFO - Training samples: 649
2026-04-27 14:36:45,078 - INFO - Validation samples: 649
2026-04-27 14:36:45,079 - INFO - Starting training...
2026-04-27 14:36:45,080 - INFO - Epoch 1 training started: total_volumes=649
2026-04-27 14:36:45,080 - INFO - Epoch 1 volume 1/649 loading
2026-04-27 14:36:45,974 - INFO - Epoch 1 volume 1/649 loaded: patches=1 image_shape=(1, 1, 128, 128, 128) label_shape=(1, 128, 128, 128)
2026-04-27 14:36:45,974 - INFO - Epoch 1 volume 1/649 patch 1/1 training started
2026-04-27 14:36:47,071 - INFO - Epoch 1 volume 1/649 patch 1/1 done: loss=1.689938 avg_loss=1.689938 global_patch_step=1
2026-04-27 14:36:47,149 - INFO - Saved sample prediction to checkpoints/predictions/epoch_0001_case_0000_prediction.nii.gz
2026-04-27 14:36:47,149 - INFO - Epoch 1 volume 2/649 loading
2026-04-27 14:36:48,182 - INFO - Epoch 1 volume 2/649 loaded: patches=1 image_shape=(1, 1, 128, 128, 128) label_shape=(1, 128, 128, 128)
2026-04-27 14:36:48,182 - INFO - Epoch 1 volume 2/649 patch 1/1 training started
2026-04-27 14:36:48,320 - INFO - Epoch 1 volume 2/649 patch 1/1 done: loss=1.695067 avg_loss=1.692503 global_patch_step=2
2026-04-27 14:36:48,320 - INFO - Epoch 1 volume 3/649 loading
2026-04-27 14:36:49,870 - INFO - Epoch 1 volume 3/649 loaded: patches=1 image_shape=(1, 1, 128, 128, 128) label_shape=(1, 128, 128, 128)
2026-04-27 14:36:49,870 - INFO - Epoch 1 volume 3/649 patch 1/1 training started
2026-04-27 14:36:50,006 - INFO - Epoch 1 volume 3/649 patch 1/1 done: loss=1.692516 avg_loss=1.692507 global_patch_step=3
2026-04-27 14:36:50,006 - INFO - Epoch 1 volume 4/649 loading
2026-04-27 14:36:50,577 - INFO - Epoch 1 volume 4/649 loaded: patches=1 image_shape=(1, 1, 128, 128, 128) label_shape=(1, 128, 128, 128)
2026-04-27 14:36:50,577 - INFO - Epoch 1 volume 4/649 patch 1/1 training started
2026-04-27 14:36:50,712 - INFO - Epoch 1 volume 4/649 patch 1/1 done: loss=1.693469 avg_loss=1.692748 global_patch_step=4
2026-04-27 14:36:50,712 - INFO - Epoch 1 volume 5/649 loading
2026-04-27 14:36:51,208 - INFO - Epoch 1 volume 5/649 loaded: patches=1 image_shape=(1, 1, 128, 128, 128) label_shape=(1, 128, 128, 128)
2026-04-27 14:36:51,208 - INFO - Epoch 1 volume 5/649 patch 1/1 training started
2026-04-27 14:36:51,343 - INFO - Epoch 1 volume 5/649 patch 1/1 done: loss=1.690834 avg_loss=1.692365 global_patch_step=5
2026-04-27 14:36:51,343 - INFO - Epoch 1 volume 6/649 loading
2026-04-27 14:36:51,843 - INFO - Epoch 1 volume 6/649 loaded: patches=1 image_shape=(1, 1, 128, 128, 128) label_shape=(1, 128, 128, 128)
2026-04-27 14:36:51,844 - INFO - Epoch 1 volume 6/649 patch 1/1 training started
2026-04-27 14:36:51,980 - INFO - Epoch 1 volume 6/649 patch 1/1 done: loss=1.687211 avg_loss=1.691506 global_patch_step=6
2026-04-27 14:36:51,980 - INFO - Epoch 1 volume 7/649 loading
2026-04-27 14:36:52,523 - INFO - Epoch 1 volume 7/649 loaded: patches=1 image_shape=(1, 1, 128, 128, 128) label_shape=(1, 128, 128, 128)
2026-04-27 14:36:52,523 - INFO - Epoch 1 volume 7/649 patch 1/1 training started
2026-04-27 14:36:52,659 - INFO - Epoch 1 volume 7/649 patch 1/1 done: loss=1.690232 avg_loss=1.691324 global_patch_step=7
2026-04-27 14:36:52,659 - INFO - Epoch 1 volume 8/649 loading
2026-04-27 14:36:53,715 - INFO - Epoch 1 volume 8/649 loaded: patches=1 image_shape=(1, 1, 128, 128, 128) label_shape=(1, 128, 128, 128)
2026-04-27 14:36:53,715 - INFO - Epoch 1 volume 8/649 patch 1/1 training started
2026-04-27 14:36:53,850 - INFO - Epoch 1 volume 8/649 patch 1/1 done: loss=1.689602 avg_loss=1.691109 global_patch_step=8
2026-04-27 14:36:53,850 - INFO - Epoch 1 volume 9/649 loading
2026-04-27 14:36:54,416 - INFO - Epoch 1 volume 9/649 loaded: patches=1 image_shape=(1, 1, 128, 128, 128) label_shape=(1, 128, 128, 128)
2026-04-27 14:36:54,417 - INFO - Epoch 1 volume 9/649 patch 1/1 training started
2026-04-27 14:36:54,552 - INFO - Epoch 1 volume 9/649 patch 1/1 done: loss=1.688093 avg_loss=1.690773 global_patch_step=9
2026-04-27 14:36:54,552 - INFO - Epoch 1 volume 10/649 loading
2026-04-27 14:36:55,133 - INFO - Epoch 1 volume 10/649 loaded: patches=1 image_shape=(1, 1, 128, 128, 128) label_shape=(1, 128, 128, 128)
2026-04-27 14:36:55,133 - INFO - Epoch 1 volume 10/649 patch 1/1 training started
2026-04-27 14:36:55,272 - INFO - Epoch 1 volume 10/649 patch 1/1 done: loss=1.690220 avg_loss=1.690718 global_patch_step=10
2026-04-27 14:36:55,273 - INFO - Epoch 1 volume 11/649 loading
2026-04-27 14:36:55,970 - INFO - Epoch 1 volume 11/649 loaded: patches=1 image_shape=(1, 1, 128, 128, 128) label_shape=(1, 128, 128, 128)
2026-04-27 14:36:55,970 - INFO - Epoch 1 volume 11/649 patch 1/1 training started
2026-04-27 14:36:56,113 - INFO - Epoch 1 volume 11/649 patch 1/1 done: loss=1.691179 avg_loss=1.690760 global_patch_step=11
2026-04-27 14:36:56,113 - INFO - Epoch 1 volume 12/649 loading
2026-04-27 14:36:56,789 - INFO - Epoch 1 volume 12/649 loaded: patches=1 image_shape=(1, 1, 128, 128, 128) label_shape=(1, 128, 128, 128)
2026-04-27 14:36:56,789 - INFO - Epoch 1 volume 12/649 patch 1/1 training started
2026-04-27 14:36:56,927 - INFO - Epoch 1 volume 12/649 patch 1/1 done: loss=1.691637 avg_loss=1.690833 global_patch_step=12
2026-04-27 14:36:56,927 - INFO - Epoch 1 volume 13/649 loading
2026-04-27 14:36:57,297 - INFO - Epoch 1 volume 13/649 loaded: patches=1 image_shape=(1, 1, 128, 128, 128) label_shape=(1, 128, 128, 128)
2026-04-27 14:36:57,297 - INFO - Epoch 1 volume 13/649 patch 1/1 training started
2026-04-27 14:36:57,430 - INFO - Epoch 1 volume 13/649 patch 1/1 done: loss=1.688903 avg_loss=1.690685 global_patch_step=13
2026-04-27 14:36:57,430 - INFO - Epoch 1 volume 14/649 loading
2026-04-27 14:36:59,115 - INFO - Epoch 1 volume 14/649 loaded: patches=1 image_shape=(1, 1, 128, 128, 128) label_shape=(1, 128, 128, 128)
2026-04-27 14:36:59,115 - INFO - Epoch 1 volume 14/649 patch 1/1 training started
2026-04-27 14:36:59,261 - INFO - Epoch 1 volume 14/649 patch 1/1 done: loss=1.687402 avg_loss=1.690450 global_patch_step=14
2026-04-27 14:36:59,262 - INFO - Epoch 1 volume 15/649 loading
2026-04-27 14:36:59,907 - INFO - Epoch 1 volume 15/649 loaded: patches=1 image_shape=(1, 1, 128, 128, 128) label_shape=(1, 128, 128, 128)
2026-04-27 14:36:59,907 - INFO - Epoch 1 volume 15/649 patch 1/1 training started
2026-04-27 14:37:00,043 - INFO - Epoch 1 volume 15/649 patch 1/1 done: loss=1.688532 avg_loss=1.690322 global_patch_step=15
2026-04-27 14:37:00,043 - INFO - Epoch 1 volume 16/649 loading
2026-04-27 14:37:54,133 - INFO - Configuration loaded from: /home/napbad/PycharmProjects/Gradulate/config/host.yaml
2026-04-27 14:37:54,133 - INFO - Model: unet
2026-04-27 14:37:54,133 - INFO - Device: cuda
2026-04-27 14:37:54,133 - INFO - Using device: cuda
2026-04-27 14:37:54,133 - INFO - Building model...
2026-04-27 14:37:54,242 - INFO - Model parameters: 5,734
2026-04-27 14:37:54,777 - INFO - Setting up datasets...
2026-04-27 14:37:54,807 - INFO - Training samples: 649
2026-04-27 14:37:54,807 - INFO - Validation samples: 649
2026-04-27 14:37:54,807 - INFO - Starting training...
2026-04-27 14:37:54,808 - INFO - Epoch 1 training started: total_volumes=649
2026-04-27 14:37:54,808 - INFO - Epoch 1 volume 1/649 loading
2026-04-27 14:37:55,292 - INFO - Epoch 1 volume 1/649 loaded: patches=1 image_shape=(1, 1, 128, 128, 128) label_shape=(1, 128, 128, 128)
2026-04-27 14:37:55,292 - INFO - Epoch 1 volume 1/649 patch 1/1 training started
2026-04-27 14:37:55,821 - INFO - Epoch 1 volume 1/649 patch 1/1 done: loss=1.689938 avg_loss=1.689938 global_patch_step=1
2026-04-27 14:37:55,894 - INFO - Saved sample prediction to checkpoints/predictions/epoch_0001_case_0000_prediction.nii.gz
2026-04-27 14:37:55,894 - INFO - Epoch 1 volume 2/649 loading
2026-04-27 14:37:56,396 - INFO - Epoch 1 volume 2/649 loaded: patches=1 image_shape=(1, 1, 128, 128, 128) label_shape=(1, 128, 128, 128)
2026-04-27 14:37:56,397 - INFO - Epoch 1 volume 2/649 patch 1/1 training started
2026-04-27 14:37:56,527 - INFO - Epoch 1 volume 2/649 patch 1/1 done: loss=1.695067 avg_loss=1.692503 global_patch_step=2
2026-04-27 14:37:56,527 - INFO - Epoch 1 volume 3/649 loading
2026-04-27 14:37:57,346 - INFO - Epoch 1 volume 3/649 loaded: patches=1 image_shape=(1, 1, 128, 128, 128) label_shape=(1, 128, 128, 128)
2026-04-27 14:37:57,346 - INFO - Epoch 1 volume 3/649 patch 1/1 training started
2026-04-27 14:37:57,475 - INFO - Epoch 1 volume 3/649 patch 1/1 done: loss=1.692516 avg_loss=1.692507 global_patch_step=3
2026-04-27 14:37:57,475 - INFO - Epoch 1 volume 4/649 loading
2026-04-27 14:37:58,118 - INFO - Epoch 1 volume 4/649 loaded: patches=1 image_shape=(1, 1, 128, 128, 128) label_shape=(1, 128, 128, 128)
2026-04-27 14:37:58,118 - INFO - Epoch 1 volume 4/649 patch 1/1 training started
2026-04-27 14:37:58,248 - INFO - Epoch 1 volume 4/649 patch 1/1 done: loss=1.693469 avg_loss=1.692748 global_patch_step=4
2026-04-27 14:37:58,249 - INFO - Epoch 1 volume 5/649 loading
2026-04-27 14:37:58,753 - INFO - Epoch 1 volume 5/649 loaded: patches=1 image_shape=(1, 1, 128, 128, 128) label_shape=(1, 128, 128, 128)
2026-04-27 14:37:58,753 - INFO - Epoch 1 volume 5/649 patch 1/1 training started
2026-04-27 14:37:58,883 - INFO - Epoch 1 volume 5/649 patch 1/1 done: loss=1.690834 avg_loss=1.692365 global_patch_step=5
2026-04-27 14:37:58,883 - INFO - Epoch 1 volume 6/649 loading
2026-04-27 14:37:59,321 - INFO - Epoch 1 volume 6/649 loaded: patches=1 image_shape=(1, 1, 128, 128, 128) label_shape=(1, 128, 128, 128)
2026-04-27 14:37:59,321 - INFO - Epoch 1 volume 6/649 patch 1/1 training started
2026-04-27 14:37:59,451 - INFO - Epoch 1 volume 6/649 patch 1/1 done: loss=1.687211 avg_loss=1.691506 global_patch_step=6
2026-04-27 14:37:59,451 - INFO - Epoch 1 volume 7/649 loading
2026-04-27 14:37:59,933 - INFO - Epoch 1 volume 7/649 loaded: patches=1 image_shape=(1, 1, 128, 128, 128) label_shape=(1, 128, 128, 128)
2026-04-27 14:37:59,934 - INFO - Epoch 1 volume 7/649 patch 1/1 training started
2026-04-27 14:38:00,063 - INFO - Epoch 1 volume 7/649 patch 1/1 done: loss=1.690232 avg_loss=1.691324 global_patch_step=7
2026-04-27 14:38:00,063 - INFO - Epoch 1 volume 8/649 loading
2026-04-27 14:38:00,782 - INFO - Epoch 1 volume 8/649 loaded: patches=1 image_shape=(1, 1, 128, 128, 128) label_shape=(1, 128, 128, 128)
2026-04-27 14:38:00,782 - INFO - Epoch 1 volume 8/649 patch 1/1 training started
2026-04-27 14:38:00,903 - INFO - Epoch 1 volume 8/649 patch 1/1 done: loss=1.689602 avg_loss=1.691109 global_patch_step=8
2026-04-27 14:38:00,903 - INFO - Epoch 1 volume 9/649 loading
2026-04-27 14:38:01,444 - INFO - Epoch 1 volume 9/649 loaded: patches=1 image_shape=(1, 1, 128, 128, 128) label_shape=(1, 128, 128, 128)
2026-04-27 14:38:01,444 - INFO - Epoch 1 volume 9/649 patch 1/1 training started
2026-04-27 14:38:01,549 - INFO - Epoch 1 volume 9/649 patch 1/1 done: loss=1.688093 avg_loss=1.690773 global_patch_step=9
2026-04-27 14:38:01,550 - INFO - Epoch 1 volume 10/649 loading
2026-04-27 14:38:02,058 - INFO - Epoch 1 volume 10/649 loaded: patches=1 image_shape=(1, 1, 128, 128, 128) label_shape=(1, 128, 128, 128)
2026-04-27 14:38:02,058 - INFO - Epoch 1 volume 10/649 patch 1/1 training started
2026-04-27 14:38:02,169 - INFO - Epoch 1 volume 10/649 patch 1/1 done: loss=1.690220 avg_loss=1.690718 global_patch_step=10
2026-04-27 14:38:02,171 - INFO - Epoch 1 volume 11/649 loading
2026-04-27 14:38:02,759 - INFO - Epoch 1 volume 11/649 loaded: patches=1 image_shape=(1, 1, 128, 128, 128) label_shape=(1, 128, 128, 128)
2026-04-27 14:38:02,759 - INFO - Epoch 1 volume 11/649 patch 1/1 training started
2026-04-27 14:38:02,864 - INFO - Epoch 1 volume 11/649 patch 1/1 done: loss=1.691179 avg_loss=1.690760 global_patch_step=11
2026-04-27 14:38:02,864 - INFO - Epoch 1 volume 12/649 loading
2026-04-27 14:38:03,419 - INFO - Epoch 1 volume 12/649 loaded: patches=1 image_shape=(1, 1, 128, 128, 128) label_shape=(1, 128, 128, 128)
2026-04-27 14:38:03,419 - INFO - Epoch 1 volume 12/649 patch 1/1 training started
2026-04-27 14:38:03,526 - INFO - Epoch 1 volume 12/649 patch 1/1 done: loss=1.691637 avg_loss=1.690833 global_patch_step=12
2026-04-27 14:38:03,526 - INFO - Epoch 1 volume 13/649 loading
2026-04-27 14:38:03,876 - INFO - Epoch 1 volume 13/649 loaded: patches=1 image_shape=(1, 1, 128, 128, 128) label_shape=(1, 128, 128, 128)
2026-04-27 14:38:03,876 - INFO - Epoch 1 volume 13/649 patch 1/1 training started
2026-04-27 14:38:03,981 - INFO - Epoch 1 volume 13/649 patch 1/1 done: loss=1.688903 avg_loss=1.690685 global_patch_step=13
2026-04-27 14:38:03,981 - INFO - Epoch 1 volume 14/649 loading
2026-04-27 14:38:04,967 - INFO - Epoch 1 volume 14/649 loaded: patches=1 image_shape=(1, 1, 128, 128, 128) label_shape=(1, 128, 128, 128)
2026-04-27 14:38:04,967 - INFO - Epoch 1 volume 14/649 patch 1/1 training started
2026-04-27 14:38:05,071 - INFO - Epoch 1 volume 14/649 patch 1/1 done: loss=1.687402 avg_loss=1.690450 global_patch_step=14
2026-04-27 14:38:05,071 - INFO - Epoch 1 volume 15/649 loading
2026-04-27 14:38:05,659 - INFO - Epoch 1 volume 15/649 loaded: patches=1 image_shape=(1, 1, 128, 128, 128) label_shape=(1, 128, 128, 128)
2026-04-27 14:38:05,659 - INFO - Epoch 1 volume 15/649 patch 1/1 training started
2026-04-27 14:38:05,764 - INFO - Epoch 1 volume 15/649 patch 1/1 done: loss=1.688532 avg_loss=1.690322 global_patch_step=15
2026-04-27 14:38:05,764 - INFO - Epoch 1 volume 16/649 loading
2026-04-27 14:38:06,496 - INFO - Epoch 1 volume 16/649 loaded: patches=1 image_shape=(1, 1, 128, 128, 128) label_shape=(1, 128, 128, 128)
2026-04-27 14:38:06,496 - INFO - Epoch 1 volume 16/649 patch 1/1 training started
2026-04-27 14:38:06,612 - INFO - Epoch 1 volume 16/649 patch 1/1 done: loss=1.689640 avg_loss=1.690280 global_patch_step=16
2026-04-27 14:38:06,612 - INFO - Epoch 1 volume 17/649 loading
2026-04-27 14:38:07,031 - INFO - Epoch 1 volume 17/649 loaded: patches=1 image_shape=(1, 1, 128, 128, 128) label_shape=(1, 128, 128, 128)
2026-04-27 14:38:07,031 - INFO - Epoch 1 volume 17/649 patch 1/1 training started
2026-04-27 14:38:07,144 - INFO - Epoch 1 volume 17/649 patch 1/1 done: loss=1.686229 avg_loss=1.690041 global_patch_step=17
2026-04-27 14:38:07,144 - INFO - Epoch 1 volume 18/649 loading
2026-04-27 14:38:07,603 - INFO - Epoch 1 volume 18/649 loaded: patches=1 image_shape=(1, 1, 128, 128, 128) label_shape=(1, 128, 128, 128)
2026-04-27 14:38:07,603 - INFO - Epoch 1 volume 18/649 patch 1/1 training started
2026-04-27 14:38:07,710 - INFO - Epoch 1 volume 18/649 patch 1/1 done: loss=1.689522 avg_loss=1.690013 global_patch_step=18
2026-04-27 14:38:07,710 - INFO - Epoch 1 volume 19/649 loading
2026-04-27 14:38:08,126 - INFO - Epoch 1 volume 19/649 loaded: patches=1 image_shape=(1, 1, 128, 128, 128) label_shape=(1, 128, 128, 128)
2026-04-27 14:38:08,126 - INFO - Epoch 1 volume 19/649 patch 1/1 training started
2026-04-27 14:38:08,231 - INFO - Epoch 1 volume 19/649 patch 1/1 done: loss=1.684804 avg_loss=1.689738 global_patch_step=19
2026-04-27 14:38:08,231 - INFO - Epoch 1 volume 20/649 loading
2026-04-27 14:38:08,641 - INFO - Epoch 1 volume 20/649 loaded: patches=1 image_shape=(1, 1, 128, 128, 128) label_shape=(1, 128, 128, 128)
2026-04-27 14:38:08,641 - INFO - Epoch 1 volume 20/649 patch 1/1 training started
2026-04-27 14:38:08,745 - INFO - Epoch 1 volume 20/649 patch 1/1 done: loss=1.687296 avg_loss=1.689616 global_patch_step=20
2026-04-27 14:38:08,746 - INFO - Epoch 1 volume 21/649 loading
2026-04-27 14:38:09,257 - INFO - Epoch 1 volume 21/649 loaded: patches=1 image_shape=(1, 1, 128, 128, 128) label_shape=(1, 128, 128, 128)
2026-04-27 14:38:09,258 - INFO - Epoch 1 volume 21/649 patch 1/1 training started
2026-04-27 14:38:09,366 - INFO - Epoch 1 volume 21/649 patch 1/1 done: loss=1.684108 avg_loss=1.689354 global_patch_step=21
2026-04-27 14:38:09,366 - INFO - Epoch 1 volume 22/649 loading
2026-04-27 14:38:09,864 - INFO - Epoch 1 volume 22/649 loaded: patches=1 image_shape=(1, 1, 128, 128, 128) label_shape=(1, 128, 128, 128)
2026-04-27 14:38:09,864 - INFO - Epoch 1 volume 22/649 patch 1/1 training started
2026-04-27 14:38:09,969 - INFO - Epoch 1 volume 22/649 patch 1/1 done: loss=1.686051 avg_loss=1.689204 global_patch_step=22
2026-04-27 14:38:09,969 - INFO - Epoch 1 volume 23/649 loading
2026-04-27 14:38:10,339 - INFO - Epoch 1 volume 23/649 loaded: patches=1 image_shape=(1, 1, 128, 128, 128) label_shape=(1, 128, 128, 128)
2026-04-27 14:38:10,339 - INFO - Epoch 1 volume 23/649 patch 1/1 training started
2026-04-27 14:38:10,444 - INFO - Epoch 1 volume 23/649 patch 1/1 done: loss=1.683998 avg_loss=1.688978 global_patch_step=23
2026-04-27 14:38:10,444 - INFO - Epoch 1 volume 24/649 loading
2026-04-27 14:38:11,069 - INFO - Epoch 1 volume 24/649 loaded: patches=1 image_shape=(1, 1, 128, 128, 128) label_shape=(1, 128, 128, 128)
2026-04-27 14:38:11,070 - INFO - Epoch 1 volume 24/649 patch 1/1 training started
2026-04-27 14:38:11,176 - INFO - Epoch 1 volume 24/649 patch 1/1 done: loss=1.685109 avg_loss=1.688816 global_patch_step=24
2026-04-27 14:38:11,176 - INFO - Epoch 1 volume 25/649 loading
2026-04-27 14:38:11,681 - INFO - Epoch 1 volume 25/649 loaded: patches=1 image_shape=(1, 1, 128, 128, 128) label_shape=(1, 128, 128, 128)
2026-04-27 14:38:11,681 - INFO - Epoch 1 volume 25/649 patch 1/1 training started
2026-04-27 14:38:11,788 - INFO - Epoch 1 volume 25/649 patch 1/1 done: loss=1.685200 avg_loss=1.688672 global_patch_step=25
2026-04-27 14:38:11,788 - INFO - Epoch 1 volume 26/649 loading
2026-04-27 14:38:12,125 - INFO - Epoch 1 volume 26/649 loaded: patches=1 image_shape=(1, 1, 128, 128, 128) label_shape=(1, 128, 128, 128)
2026-04-27 14:38:12,125 - INFO - Epoch 1 volume 26/649 patch 1/1 training started
2026-04-27 14:38:12,238 - INFO - Epoch 1 volume 26/649 patch 1/1 done: loss=1.681154 avg_loss=1.688383 global_patch_step=26
2026-04-27 14:38:12,238 - INFO - Epoch 1 volume 27/649 loading
2026-04-27 14:38:12,680 - INFO - Epoch 1 volume 27/649 loaded: patches=1 image_shape=(1, 1, 128, 128, 128) label_shape=(1, 128, 128, 128)
2026-04-27 14:38:12,680 - INFO - Epoch 1 volume 27/649 patch 1/1 training started
2026-04-27 14:38:12,785 - INFO - Epoch 1 volume 27/649 patch 1/1 done: loss=1.683887 avg_loss=1.688216 global_patch_step=27
2026-04-27 14:38:12,785 - INFO - Epoch 1 volume 28/649 loading
2026-04-27 14:38:13,097 - INFO - Epoch 1 volume 28/649 loaded: patches=1 image_shape=(1, 1, 128, 128, 128) label_shape=(1, 128, 128, 128)
2026-04-27 14:38:13,097 - INFO - Epoch 1 volume 28/649 patch 1/1 training started
2026-04-27 14:38:13,204 - INFO - Epoch 1 volume 28/649 patch 1/1 done: loss=1.681782 avg_loss=1.687986 global_patch_step=28
2026-04-27 14:38:13,204 - INFO - Epoch 1 volume 29/649 loading
2026-04-27 14:38:13,642 - INFO - Epoch 1 volume 29/649 loaded: patches=1 image_shape=(1, 1, 128, 128, 128) label_shape=(1, 128, 128, 128)
2026-04-27 14:38:13,642 - INFO - Epoch 1 volume 29/649 patch 1/1 training started
2026-04-27 14:38:13,747 - INFO - Epoch 1 volume 29/649 patch 1/1 done: loss=1.682509 avg_loss=1.687797 global_patch_step=29
2026-04-27 14:38:13,747 - INFO - Epoch 1 volume 30/649 loading
2026-04-27 14:38:14,163 - INFO - Epoch 1 volume 30/649 loaded: patches=1 image_shape=(1, 1, 128, 128, 128) label_shape=(1, 128, 128, 128)
2026-04-27 14:38:14,163 - INFO - Epoch 1 volume 30/649 patch 1/1 training started
2026-04-27 14:38:14,267 - INFO - Epoch 1 volume 30/649 patch 1/1 done: loss=1.684718 avg_loss=1.687695 global_patch_step=30
2026-04-27 14:38:14,267 - INFO - Epoch 1 volume 31/649 loading
2026-04-27 14:38:14,844 - INFO - Epoch 1 volume 31/649 loaded: patches=1 image_shape=(1, 1, 128, 128, 128) label_shape=(1, 128, 128, 128)
2026-04-27 14:38:14,844 - INFO - Epoch 1 volume 31/649 patch 1/1 training started
2026-04-27 14:38:14,948 - INFO - Epoch 1 volume 31/649 patch 1/1 done: loss=1.681648 avg_loss=1.687500 global_patch_step=31
2026-04-27 14:38:14,948 - INFO - Epoch 1 volume 32/649 loading
2026-04-27 14:38:15,215 - INFO - Epoch 1 volume 32/649 loaded: patches=1 image_shape=(1, 1, 128, 128, 128) label_shape=(1, 128, 128, 128)
2026-04-27 14:38:15,215 - INFO - Epoch 1 volume 32/649 patch 1/1 training started
2026-04-27 14:38:15,320 - INFO - Epoch 1 volume 32/649 patch 1/1 done: loss=1.680867 avg_loss=1.687292 global_patch_step=32
2026-04-27 14:38:15,320 - INFO - Epoch 1 volume 33/649 loading
2026-04-27 14:38:15,755 - INFO - Epoch 1 volume 33/649 loaded: patches=1 image_shape=(1, 1, 128, 128, 128) label_shape=(1, 128, 128, 128)
2026-04-27 14:38:15,755 - INFO - Epoch 1 volume 33/649 patch 1/1 training started
2026-04-27 14:38:15,860 - INFO - Epoch 1 volume 33/649 patch 1/1 done: loss=1.681367 avg_loss=1.687113 global_patch_step=33
2026-04-27 14:38:15,860 - INFO - Epoch 1 volume 34/649 loading
2026-04-27 14:38:16,123 - INFO - Epoch 1 volume 34/649 loaded: patches=1 image_shape=(1, 1, 128, 128, 128) label_shape=(1, 128, 128, 128)
2026-04-27 14:38:16,123 - INFO - Epoch 1 volume 34/649 patch 1/1 training started
2026-04-27 14:38:16,231 - INFO - Epoch 1 volume 34/649 patch 1/1 done: loss=1.679465 avg_loss=1.686888 global_patch_step=34
2026-04-27 14:38:16,231 - INFO - Epoch 1 volume 35/649 loading
2026-04-27 14:38:16,839 - INFO - Epoch 1 volume 35/649 loaded: patches=1 image_shape=(1, 1, 128, 128, 128) label_shape=(1, 128, 128, 128)
2026-04-27 14:38:16,839 - INFO - Epoch 1 volume 35/649 patch 1/1 training started
2026-04-27 14:38:16,948 - INFO - Epoch 1 volume 35/649 patch 1/1 done: loss=1.682048 avg_loss=1.686750 global_patch_step=35
2026-04-27 14:38:16,948 - INFO - Epoch 1 volume 36/649 loading
2026-04-27 14:38:17,406 - INFO - Epoch 1 volume 36/649 loaded: patches=1 image_shape=(1, 1, 128, 128, 128) label_shape=(1, 128, 128, 128)
2026-04-27 14:38:17,406 - INFO - Epoch 1 volume 36/649 patch 1/1 training started
2026-04-27 14:38:17,511 - INFO - Epoch 1 volume 36/649 patch 1/1 done: loss=1.682256 avg_loss=1.686625 global_patch_step=36
2026-04-27 14:38:17,511 - INFO - Epoch 1 volume 37/649 loading
2026-04-27 14:38:17,933 - INFO - Epoch 1 volume 37/649 loaded: patches=1 image_shape=(1, 1, 128, 128, 128) label_shape=(1, 128, 128, 128)
2026-04-27 14:38:17,933 - INFO - Epoch 1 volume 37/649 patch 1/1 training started
2026-04-27 14:38:18,037 - INFO - Epoch 1 volume 37/649 patch 1/1 done: loss=1.680170 avg_loss=1.686450 global_patch_step=37
2026-04-27 14:38:18,037 - INFO - Epoch 1 volume 38/649 loading
2026-04-27 14:38:18,320 - INFO - Epoch 1 volume 38/649 loaded: patches=1 image_shape=(1, 1, 128, 128, 128) label_shape=(1, 128, 128, 128)
2026-04-27 14:38:18,320 - INFO - Epoch 1 volume 38/649 patch 1/1 training started
2026-04-27 14:38:18,428 - INFO - Epoch 1 volume 38/649 patch 1/1 done: loss=1.680033 avg_loss=1.686282 global_patch_step=38
2026-04-27 14:38:18,428 - INFO - Epoch 1 volume 39/649 loading
2026-04-27 14:38:18,911 - INFO - Epoch 1 volume 39/649 loaded: patches=1 image_shape=(1, 1, 128, 128, 128) label_shape=(1, 128, 128, 128)
2026-04-27 14:38:18,911 - INFO - Epoch 1 volume 39/649 patch 1/1 training started
2026-04-27 14:38:19,015 - INFO - Epoch 1 volume 39/649 patch 1/1 done: loss=1.680658 avg_loss=1.686137 global_patch_step=39
2026-04-27 14:38:19,016 - INFO - Epoch 1 volume 40/649 loading
2026-04-27 14:38:19,320 - INFO - Epoch 1 volume 40/649 loaded: patches=1 image_shape=(1, 1, 128, 128, 128) label_shape=(1, 128, 128, 128)
2026-04-27 14:38:19,320 - INFO - Epoch 1 volume 40/649 patch 1/1 training started
2026-04-27 14:38:19,427 - INFO - Epoch 1 volume 40/649 patch 1/1 done: loss=1.680829 avg_loss=1.686005 global_patch_step=40
2026-04-27 14:38:19,427 - INFO - Epoch 1 volume 41/649 loading
2026-04-27 14:38:19,771 - INFO - Epoch 1 volume 41/649 loaded: patches=1 image_shape=(1, 1, 128, 128, 128) label_shape=(1, 128, 128, 128)
2026-04-27 14:38:19,771 - INFO - Epoch 1 volume 41/649 patch 1/1 training started
2026-04-27 14:38:19,882 - INFO - Epoch 1 volume 41/649 patch 1/1 done: loss=1.678854 avg_loss=1.685830 global_patch_step=41
2026-04-27 14:38:19,883 - INFO - Epoch 1 volume 42/649 loading
2026-04-27 14:38:20,345 - INFO - Epoch 1 volume 42/649 loaded: patches=1 image_shape=(1, 1, 128, 128, 128) label_shape=(1, 128, 128, 128)
2026-04-27 14:38:20,345 - INFO - Epoch 1 volume 42/649 patch 1/1 training started
2026-04-27 14:38:20,449 - INFO - Epoch 1 volume 42/649 patch 1/1 done: loss=1.677397 avg_loss=1.685629 global_patch_step=42
2026-04-27 14:38:20,449 - INFO - Epoch 1 volume 43/649 loading
2026-04-27 14:38:20,802 - INFO - Epoch 1 volume 43/649 loaded: patches=1 image_shape=(1, 1, 128, 128, 128) label_shape=(1, 128, 128, 128)
2026-04-27 14:38:20,802 - INFO - Epoch 1 volume 43/649 patch 1/1 training started
2026-04-27 14:38:20,907 - INFO - Epoch 1 volume 43/649 patch 1/1 done: loss=1.678175 avg_loss=1.685456 global_patch_step=43
2026-04-27 14:38:20,907 - INFO - Epoch 1 volume 44/649 loading
2026-04-27 14:38:21,285 - INFO - Epoch 1 volume 44/649 loaded: patches=1 image_shape=(1, 1, 128, 128, 128) label_shape=(1, 128, 128, 128)
2026-04-27 14:38:21,285 - INFO - Epoch 1 volume 44/649 patch 1/1 training started
2026-04-27 14:38:21,390 - INFO - Epoch 1 volume 44/649 patch 1/1 done: loss=1.677264 avg_loss=1.685270 global_patch_step=44
2026-04-27 14:38:21,390 - INFO - Epoch 1 volume 45/649 loading
2026-04-27 14:38:21,751 - INFO - Epoch 1 volume 45/649 loaded: patches=1 image_shape=(1, 1, 128, 128, 128) label_shape=(1, 128, 128, 128)
2026-04-27 14:38:21,751 - INFO - Epoch 1 volume 45/649 patch 1/1 training started
2026-04-27 14:38:21,862 - INFO - Epoch 1 volume 45/649 patch 1/1 done: loss=1.676582 avg_loss=1.685077 global_patch_step=45
2026-04-27 14:38:21,862 - INFO - Epoch 1 volume 46/649 loading
2026-04-27 14:38:22,381 - INFO - Epoch 1 volume 46/649 loaded: patches=1 image_shape=(1, 1, 128, 128, 128) label_shape=(1, 128, 128, 128)
2026-04-27 14:38:22,381 - INFO - Epoch 1 volume 46/649 patch 1/1 training started
2026-04-27 14:38:22,486 - INFO - Epoch 1 volume 46/649 patch 1/1 done: loss=1.679185 avg_loss=1.684949 global_patch_step=46
2026-04-27 14:38:22,486 - INFO - Epoch 1 volume 47/649 loading
2026-04-27 14:38:22,919 - INFO - Epoch 1 volume 47/649 loaded: patches=1 image_shape=(1, 1, 128, 128, 128) label_shape=(1, 128, 128, 128)
2026-04-27 14:38:22,920 - INFO - Epoch 1 volume 47/649 patch 1/1 training started
2026-04-27 14:38:23,024 - INFO - Epoch 1 volume 47/649 patch 1/1 done: loss=1.678992 avg_loss=1.684822 global_patch_step=47
2026-04-27 14:38:23,024 - INFO - Epoch 1 volume 48/649 loading
2026-04-27 14:38:23,348 - INFO - Epoch 1 volume 48/649 loaded: patches=1 image_shape=(1, 1, 128, 128, 128) label_shape=(1, 128, 128, 128)
2026-04-27 14:38:23,348 - INFO - Epoch 1 volume 48/649 patch 1/1 training started
2026-04-27 14:38:23,453 - INFO - Epoch 1 volume 48/649 patch 1/1 done: loss=1.675921 avg_loss=1.684637 global_patch_step=48
2026-04-27 14:38:23,453 - INFO - Epoch 1 volume 49/649 loading
2026-04-27 14:38:23,764 - INFO - Epoch 1 volume 49/649 loaded: patches=1 image_shape=(1, 1, 128, 128, 128) label_shape=(1, 128, 128, 128)
2026-04-27 14:38:23,764 - INFO - Epoch 1 volume 49/649 patch 1/1 training started
2026-04-27 14:38:23,868 - INFO - Epoch 1 volume 49/649 patch 1/1 done: loss=1.674552 avg_loss=1.684431 global_patch_step=49
2026-04-27 14:38:23,868 - INFO - Epoch 1 volume 50/649 loading
2026-04-27 14:38:24,187 - INFO - Epoch 1 volume 50/649 loaded: patches=1 image_shape=(1, 1, 128, 128, 128) label_shape=(1, 128, 128, 128)
2026-04-27 14:38:24,187 - INFO - Epoch 1 volume 50/649 patch 1/1 training started
2026-04-27 14:38:24,292 - INFO - Epoch 1 volume 50/649 patch 1/1 done: loss=1.674266 avg_loss=1.684227 global_patch_step=50
2026-04-27 14:38:24,293 - INFO - Epoch 1 volume 51/649 loading
2026-04-27 14:38:24,707 - INFO - Epoch 1 volume 51/649 loaded: patches=1 image_shape=(1, 1, 128, 128, 128) label_shape=(1, 128, 128, 128)
2026-04-27 14:38:24,708 - INFO - Epoch 1 volume 51/649 patch 1/1 training started
2026-04-27 14:38:24,814 - INFO - Epoch 1 volume 51/649 patch 1/1 done: loss=1.673388 avg_loss=1.684015 global_patch_step=51
2026-04-27 14:38:24,814 - INFO - Epoch 1 volume 52/649 loading
2026-04-27 14:38:25,068 - INFO - Epoch 1 volume 52/649 loaded: patches=1 image_shape=(1, 1, 128, 128, 128) label_shape=(1, 128, 128, 128)
2026-04-27 14:38:25,068 - INFO - Epoch 1 volume 52/649 patch 1/1 training started
2026-04-27 14:38:25,175 - INFO - Epoch 1 volume 52/649 patch 1/1 done: loss=1.674324 avg_loss=1.683829 global_patch_step=52
2026-04-27 14:38:25,175 - INFO - Epoch 1 volume 53/649 loading
2026-04-27 14:38:25,886 - INFO - Epoch 1 volume 53/649 loaded: patches=1 image_shape=(1, 1, 128, 128, 128) label_shape=(1, 128, 128, 128)
2026-04-27 14:38:25,886 - INFO - Epoch 1 volume 53/649 patch 1/1 training started
2026-04-27 14:38:25,993 - INFO - Epoch 1 volume 53/649 patch 1/1 done: loss=1.675067 avg_loss=1.683663 global_patch_step=53
2026-04-27 14:38:25,993 - INFO - Epoch 1 volume 54/649 loading
2026-04-27 14:38:26,382 - INFO - Epoch 1 volume 54/649 loaded: patches=1 image_shape=(1, 1, 128, 128, 128) label_shape=(1, 128, 128, 128)
2026-04-27 14:38:26,382 - INFO - Epoch 1 volume 54/649 patch 1/1 training started
2026-04-27 14:38:26,486 - INFO - Epoch 1 volume 54/649 patch 1/1 done: loss=1.673299 avg_loss=1.683471 global_patch_step=54
2026-04-27 14:38:26,486 - INFO - Epoch 1 volume 55/649 loading
2026-04-27 14:38:27,065 - INFO - Epoch 1 volume 55/649 loaded: patches=1 image_shape=(1, 1, 128, 128, 128) label_shape=(1, 128, 128, 128)
2026-04-27 14:38:27,065 - INFO - Epoch 1 volume 55/649 patch 1/1 training started
2026-04-27 14:38:27,178 - INFO - Epoch 1 volume 55/649 patch 1/1 done: loss=1.675940 avg_loss=1.683334 global_patch_step=55
2026-04-27 14:38:27,179 - INFO - Epoch 1 volume 56/649 loading
2026-04-27 14:38:27,468 - INFO - Epoch 1 volume 56/649 loaded: patches=1 image_shape=(1, 1, 128, 128, 128) label_shape=(1, 128, 128, 128)
2026-04-27 14:38:27,468 - INFO - Epoch 1 volume 56/649 patch 1/1 training started
2026-04-27 14:38:27,573 - INFO - Epoch 1 volume 56/649 patch 1/1 done: loss=1.672312 avg_loss=1.683138 global_patch_step=56
2026-04-27 14:38:27,573 - INFO - Epoch 1 volume 57/649 loading
2026-04-27 14:38:27,963 - INFO - Epoch 1 volume 57/649 loaded: patches=1 image_shape=(1, 1, 128, 128, 128) label_shape=(1, 128, 128, 128)
2026-04-27 14:38:27,963 - INFO - Epoch 1 volume 57/649 patch 1/1 training started
2026-04-27 14:38:28,067 - INFO - Epoch 1 volume 57/649 patch 1/1 done: loss=1.671764 avg_loss=1.682938 global_patch_step=57
2026-04-27 14:38:28,067 - INFO - Epoch 1 volume 58/649 loading
2026-04-27 14:38:28,341 - INFO - Epoch 1 volume 58/649 loaded: patches=1 image_shape=(1, 1, 128, 128, 128) label_shape=(1, 128, 128, 128)
2026-04-27 14:38:28,341 - INFO - Epoch 1 volume 58/649 patch 1/1 training started
2026-04-27 14:38:28,445 - INFO - Epoch 1 volume 58/649 patch 1/1 done: loss=1.672589 avg_loss=1.682760 global_patch_step=58
2026-04-27 14:38:28,445 - INFO - Epoch 1 volume 59/649 loading
2026-04-27 14:38:28,852 - INFO - Epoch 1 volume 59/649 loaded: patches=1 image_shape=(1, 1, 128, 128, 128) label_shape=(1, 128, 128, 128)
2026-04-27 14:38:28,852 - INFO - Epoch 1 volume 59/649 patch 1/1 training started
2026-04-27 14:38:28,956 - INFO - Epoch 1 volume 59/649 patch 1/1 done: loss=1.676507 avg_loss=1.682654 global_patch_step=59
2026-04-27 14:38:28,957 - INFO - Epoch 1 volume 60/649 loading
2026-04-27 14:38:29,376 - INFO - Epoch 1 volume 60/649 loaded: patches=1 image_shape=(1, 1, 128, 128, 128) label_shape=(1, 128, 128, 128)
2026-04-27 14:38:29,376 - INFO - Epoch 1 volume 60/649 patch 1/1 training started
2026-04-27 14:38:29,481 - INFO - Epoch 1 volume 60/649 patch 1/1 done: loss=1.672499 avg_loss=1.682484 global_patch_step=60
2026-04-27 14:38:29,481 - INFO - Epoch 1 volume 61/649 loading
2026-04-27 14:38:29,799 - INFO - Epoch 1 volume 61/649 loaded: patches=1 image_shape=(1, 1, 128, 128, 128) label_shape=(1, 128, 128, 128)
2026-04-27 14:38:29,800 - INFO - Epoch 1 volume 61/649 patch 1/1 training started
2026-04-27 14:38:29,904 - INFO - Epoch 1 volume 61/649 patch 1/1 done: loss=1.670793 avg_loss=1.682293 global_patch_step=61
2026-04-27 14:38:29,904 - INFO - Epoch 1 volume 62/649 loading
2026-04-27 14:38:30,354 - INFO - Epoch 1 volume 62/649 loaded: patches=1 image_shape=(1, 1, 128, 128, 128) label_shape=(1, 128, 128, 128)
2026-04-27 14:38:30,354 - INFO - Epoch 1 volume 62/649 patch 1/1 training started
2026-04-27 14:38:30,458 - INFO - Epoch 1 volume 62/649 patch 1/1 done: loss=1.670546 avg_loss=1.682103 global_patch_step=62
2026-04-27 14:38:30,458 - INFO - Epoch 1 volume 63/649 loading
2026-04-27 14:38:30,772 - INFO - Epoch 1 volume 63/649 loaded: patches=1 image_shape=(1, 1, 128, 128, 128) label_shape=(1, 128, 128, 128)
2026-04-27 14:38:30,772 - INFO - Epoch 1 volume 63/649 patch 1/1 training started
2026-04-27 14:38:30,880 - INFO - Epoch 1 volume 63/649 patch 1/1 done: loss=1.671295 avg_loss=1.681932 global_patch_step=63
2026-04-27 14:38:30,881 - INFO - Epoch 1 volume 64/649 loading
2026-04-27 14:38:31,221 - INFO - Epoch 1 volume 64/649 loaded: patches=1 image_shape=(1, 1, 128, 128, 128) label_shape=(1, 128, 128, 128)
2026-04-27 14:38:31,221 - INFO - Epoch 1 volume 64/649 patch 1/1 training started
2026-04-27 14:38:31,328 - INFO - Epoch 1 volume 64/649 patch 1/1 done: loss=1.669729 avg_loss=1.681741 global_patch_step=64
2026-04-27 14:38:31,328 - INFO - Epoch 1 volume 65/649 loading
2026-04-27 14:38:32,064 - INFO - Epoch 1 volume 65/649 loaded: patches=1 image_shape=(1, 1, 128, 128, 128) label_shape=(1, 128, 128, 128)
2026-04-27 14:38:32,064 - INFO - Epoch 1 volume 65/649 patch 1/1 training started
2026-04-27 14:38:32,176 - INFO - Epoch 1 volume 65/649 patch 1/1 done: loss=1.671216 avg_loss=1.681579 global_patch_step=65
2026-04-27 14:38:32,177 - INFO - Epoch 1 volume 66/649 loading
2026-04-27 14:38:32,571 - INFO - Epoch 1 volume 66/649 loaded: patches=1 image_shape=(1, 1, 128, 128, 128) label_shape=(1, 128, 128, 128)
2026-04-27 14:38:32,572 - INFO - Epoch 1 volume 66/649 patch 1/1 training started
2026-04-27 14:38:32,682 - INFO - Epoch 1 volume 66/649 patch 1/1 done: loss=1.669267 avg_loss=1.681393 global_patch_step=66
2026-04-27 14:38:32,682 - INFO - Epoch 1 volume 67/649 loading
2026-04-27 14:38:33,163 - INFO - Epoch 1 volume 67/649 loaded: patches=1 image_shape=(1, 1, 128, 128, 128) label_shape=(1, 128, 128, 128)
2026-04-27 14:38:33,163 - INFO - Epoch 1 volume 67/649 patch 1/1 training started
2026-04-27 14:38:33,268 - INFO - Epoch 1 volume 67/649 patch 1/1 done: loss=1.670645 avg_loss=1.681232 global_patch_step=67
2026-04-27 14:38:33,268 - INFO - Epoch 1 volume 68/649 loading
2026-04-27 14:38:33,644 - INFO - Epoch 1 volume 68/649 loaded: patches=1 image_shape=(1, 1, 128, 128, 128) label_shape=(1, 128, 128, 128)
2026-04-27 14:38:33,644 - INFO - Epoch 1 volume 68/649 patch 1/1 training started
2026-04-27 14:38:33,748 - INFO - Epoch 1 volume 68/649 patch 1/1 done: loss=1.669119 avg_loss=1.681054 global_patch_step=68
2026-04-27 14:38:33,748 - INFO - Epoch 1 volume 69/649 loading
2026-04-27 14:38:34,048 - INFO - Epoch 1 volume 69/649 loaded: patches=1 image_shape=(1, 1, 128, 128, 128) label_shape=(1, 128, 128, 128)
2026-04-27 14:38:34,049 - INFO - Epoch 1 volume 69/649 patch 1/1 training started
2026-04-27 14:38:34,161 - INFO - Epoch 1 volume 69/649 patch 1/1 done: loss=1.670317 avg_loss=1.680898 global_patch_step=69
2026-04-27 14:38:34,161 - INFO - Epoch 1 volume 70/649 loading
2026-04-27 14:38:34,490 - INFO - Epoch 1 volume 70/649 loaded: patches=1 image_shape=(1, 1, 128, 128, 128) label_shape=(1, 128, 128, 128)
2026-04-27 14:38:34,491 - INFO - Epoch 1 volume 70/649 patch 1/1 training started
2026-04-27 14:38:34,596 - INFO - Epoch 1 volume 70/649 patch 1/1 done: loss=1.668528 avg_loss=1.680722 global_patch_step=70
2026-04-27 14:38:34,596 - INFO - Epoch 1 volume 71/649 loading
2026-04-27 14:38:35,099 - INFO - Epoch 1 volume 71/649 loaded: patches=1 image_shape=(1, 1, 128, 128, 128) label_shape=(1, 128, 128, 128)
2026-04-27 14:38:35,099 - INFO - Epoch 1 volume 71/649 patch 1/1 training started
2026-04-27 14:38:35,207 - INFO - Epoch 1 volume 71/649 patch 1/1 done: loss=1.670266 avg_loss=1.680574 global_patch_step=71
2026-04-27 14:38:35,207 - INFO - Epoch 1 volume 72/649 loading
2026-04-27 14:38:35,577 - INFO - Epoch 1 volume 72/649 loaded: patches=1 image_shape=(1, 1, 128, 128, 128) label_shape=(1, 128, 128, 128)
2026-04-27 14:38:35,578 - INFO - Epoch 1 volume 72/649 patch 1/1 training started
2026-04-27 14:38:35,689 - INFO - Epoch 1 volume 72/649 patch 1/1 done: loss=1.667105 avg_loss=1.680387 global_patch_step=72
2026-04-27 14:38:35,689 - INFO - Epoch 1 volume 73/649 loading
2026-04-27 14:38:36,280 - INFO - Epoch 1 volume 73/649 loaded: patches=1 image_shape=(1, 1, 128, 128, 128) label_shape=(1, 128, 128, 128)
2026-04-27 14:38:36,280 - INFO - Epoch 1 volume 73/649 patch 1/1 training started
2026-04-27 14:38:36,385 - INFO - Epoch 1 volume 73/649 patch 1/1 done: loss=1.668813 avg_loss=1.680229 global_patch_step=73
2026-04-27 14:38:36,385 - INFO - Epoch 1 volume 74/649 loading
2026-04-27 14:38:36,766 - INFO - Epoch 1 volume 74/649 loaded: patches=1 image_shape=(1, 1, 128, 128, 128) label_shape=(1, 128, 128, 128)
2026-04-27 14:38:36,766 - INFO - Epoch 1 volume 74/649 patch 1/1 training started
2026-04-27 14:38:36,882 - INFO - Epoch 1 volume 74/649 patch 1/1 done: loss=1.668178 avg_loss=1.680066 global_patch_step=74
2026-04-27 14:38:36,882 - INFO - Epoch 1 volume 75/649 loading
2026-04-27 14:38:37,162 - INFO - Epoch 1 volume 75/649 loaded: patches=1 image_shape=(1, 1, 128, 128, 128) label_shape=(1, 128, 128, 128)
2026-04-27 14:38:37,162 - INFO - Epoch 1 volume 75/649 patch 1/1 training started
2026-04-27 14:38:37,273 - INFO - Epoch 1 volume 75/649 patch 1/1 done: loss=1.665586 avg_loss=1.679873 global_patch_step=75
2026-04-27 14:38:37,273 - INFO - Epoch 1 volume 76/649 loading
2026-04-27 14:38:37,741 - INFO - Epoch 1 volume 76/649 loaded: patches=1 image_shape=(1, 1, 128, 128, 128) label_shape=(1, 128, 128, 128)
2026-04-27 14:38:37,741 - INFO - Epoch 1 volume 76/649 patch 1/1 training started
2026-04-27 14:38:37,847 - INFO - Epoch 1 volume 76/649 patch 1/1 done: loss=1.666097 avg_loss=1.679692 global_patch_step=76
2026-04-27 14:38:37,847 - INFO - Epoch 1 volume 77/649 loading
2026-04-27 14:38:38,340 - INFO - Epoch 1 volume 77/649 loaded: patches=1 image_shape=(1, 1, 128, 128, 128) label_shape=(1, 128, 128, 128)
2026-04-27 14:38:38,340 - INFO - Epoch 1 volume 77/649 patch 1/1 training started
2026-04-27 14:38:38,445 - INFO - Epoch 1 volume 77/649 patch 1/1 done: loss=1.666644 avg_loss=1.679522 global_patch_step=77
2026-04-27 14:38:38,445 - INFO - Epoch 1 volume 78/649 loading
2026-04-27 14:38:38,729 - INFO - Epoch 1 volume 78/649 loaded: patches=1 image_shape=(1, 1, 128, 128, 128) label_shape=(1, 128, 128, 128)
2026-04-27 14:38:38,729 - INFO - Epoch 1 volume 78/649 patch 1/1 training started
2026-04-27 14:38:38,838 - INFO - Epoch 1 volume 78/649 patch 1/1 done: loss=1.664941 avg_loss=1.679335 global_patch_step=78
2026-04-27 14:38:38,838 - INFO - Epoch 1 volume 79/649 loading
2026-04-27 14:38:39,169 - INFO - Epoch 1 volume 79/649 loaded: patches=1 image_shape=(1, 1, 128, 128, 128) label_shape=(1, 128, 128, 128)
2026-04-27 14:38:39,169 - INFO - Epoch 1 volume 79/649 patch 1/1 training started
2026-04-27 14:38:39,274 - INFO - Epoch 1 volume 79/649 patch 1/1 done: loss=1.665715 avg_loss=1.679163 global_patch_step=79
2026-04-27 14:38:39,274 - INFO - Epoch 1 volume 80/649 loading
2026-04-27 14:38:39,798 - INFO - Epoch 1 volume 80/649 loaded: patches=1 image_shape=(1, 1, 128, 128, 128) label_shape=(1, 128, 128, 128)
2026-04-27 14:38:39,798 - INFO - Epoch 1 volume 80/649 patch 1/1 training started
2026-04-27 14:38:39,903 - INFO - Epoch 1 volume 80/649 patch 1/1 done: loss=1.664722 avg_loss=1.678982 global_patch_step=80
2026-04-27 14:38:39,903 - INFO - Epoch 1 volume 81/649 loading
2026-04-27 14:38:40,281 - INFO - Epoch 1 volume 81/649 loaded: patches=1 image_shape=(1, 1, 128, 128, 128) label_shape=(1, 128, 128, 128)
2026-04-27 14:38:40,282 - INFO - Epoch 1 volume 81/649 patch 1/1 training started
2026-04-27 14:38:40,391 - INFO - Epoch 1 volume 81/649 patch 1/1 done: loss=1.665628 avg_loss=1.678817 global_patch_step=81
2026-04-27 14:38:40,391 - INFO - Epoch 1 volume 82/649 loading
2026-04-27 14:38:40,815 - INFO - Epoch 1 volume 82/649 loaded: patches=1 image_shape=(1, 1, 128, 128, 128) label_shape=(1, 128, 128, 128)
2026-04-27 14:38:40,815 - INFO - Epoch 1 volume 82/649 patch 1/1 training started
2026-04-27 14:38:40,920 - INFO - Epoch 1 volume 82/649 patch 1/1 done: loss=1.666352 avg_loss=1.678665 global_patch_step=82
2026-04-27 14:38:40,920 - INFO - Epoch 1 volume 83/649 loading
2026-04-27 14:38:41,277 - INFO - Epoch 1 volume 83/649 loaded: patches=1 image_shape=(1, 1, 128, 128, 128) label_shape=(1, 128, 128, 128)
2026-04-27 14:38:41,277 - INFO - Epoch 1 volume 83/649 patch 1/1 training started
2026-04-27 14:38:41,382 - INFO - Epoch 1 volume 83/649 patch 1/1 done: loss=1.665884 avg_loss=1.678511 global_patch_step=83
2026-04-27 14:38:41,382 - INFO - Epoch 1 volume 84/649 loading
2026-04-27 14:38:41,685 - INFO - Epoch 1 volume 84/649 loaded: patches=1 image_shape=(1, 1, 128, 128, 128) label_shape=(1, 128, 128, 128)
2026-04-27 14:38:41,686 - INFO - Epoch 1 volume 84/649 patch 1/1 training started
2026-04-27 14:38:41,793 - INFO - Epoch 1 volume 84/649 patch 1/1 done: loss=1.660069 avg_loss=1.678292 global_patch_step=84
2026-04-27 14:38:41,793 - INFO - Epoch 1 volume 85/649 loading
2026-04-27 14:38:42,198 - INFO - Epoch 1 volume 85/649 loaded: patches=1 image_shape=(1, 1, 128, 128, 128) label_shape=(1, 128, 128, 128)
2026-04-27 14:38:42,199 - INFO - Epoch 1 volume 85/649 patch 1/1 training started
2026-04-27 14:38:42,311 - INFO - Epoch 1 volume 85/649 patch 1/1 done: loss=1.663819 avg_loss=1.678122 global_patch_step=85
2026-04-27 14:38:42,311 - INFO - Epoch 1 volume 86/649 loading
2026-04-27 14:38:42,688 - INFO - Epoch 1 volume 86/649 loaded: patches=1 image_shape=(1, 1, 128, 128, 128) label_shape=(1, 128, 128, 128)
2026-04-27 14:38:42,688 - INFO - Epoch 1 volume 86/649 patch 1/1 training started
2026-04-27 14:38:42,793 - INFO - Epoch 1 volume 86/649 patch 1/1 done: loss=1.663522 avg_loss=1.677952 global_patch_step=86
2026-04-27 14:38:42,793 - INFO - Epoch 1 volume 87/649 loading
2026-04-27 14:38:43,270 - INFO - Epoch 1 volume 87/649 loaded: patches=1 image_shape=(1, 1, 128, 128, 128) label_shape=(1, 128, 128, 128)
2026-04-27 14:38:43,270 - INFO - Epoch 1 volume 87/649 patch 1/1 training started
2026-04-27 14:38:43,379 - INFO - Epoch 1 volume 87/649 patch 1/1 done: loss=1.663420 avg_loss=1.677785 global_patch_step=87
2026-04-27 14:38:43,379 - INFO - Epoch 1 volume 88/649 loading
2026-04-27 14:38:43,683 - INFO - Epoch 1 volume 88/649 loaded: patches=1 image_shape=(1, 1, 128, 128, 128) label_shape=(1, 128, 128, 128)
2026-04-27 14:38:43,683 - INFO - Epoch 1 volume 88/649 patch 1/1 training started
2026-04-27 14:38:43,796 - INFO - Epoch 1 volume 88/649 patch 1/1 done: loss=1.663281 avg_loss=1.677620 global_patch_step=88
2026-04-27 14:38:43,796 - INFO - Epoch 1 volume 89/649 loading
2026-04-27 14:38:44,097 - INFO - Epoch 1 volume 89/649 loaded: patches=1 image_shape=(1, 1, 128, 128, 128) label_shape=(1, 128, 128, 128)
2026-04-27 14:38:44,097 - INFO - Epoch 1 volume 89/649 patch 1/1 training started
2026-04-27 14:38:44,205 - INFO - Epoch 1 volume 89/649 patch 1/1 done: loss=1.663491 avg_loss=1.677461 global_patch_step=89
2026-04-27 14:38:44,205 - INFO - Epoch 1 volume 90/649 loading
2026-04-27 14:38:44,852 - INFO - Epoch 1 volume 90/649 loaded: patches=1 image_shape=(1, 1, 128, 128, 128) label_shape=(1, 128, 128, 128)
2026-04-27 14:38:44,852 - INFO - Epoch 1 volume 90/649 patch 1/1 training started
2026-04-27 14:38:44,958 - INFO - Epoch 1 volume 90/649 patch 1/1 done: loss=1.662148 avg_loss=1.677291 global_patch_step=90
2026-04-27 14:38:44,959 - INFO - Epoch 1 volume 91/649 loading
2026-04-27 14:38:45,236 - INFO - Epoch 1 volume 91/649 loaded: patches=1 image_shape=(1, 1, 128, 128, 128) label_shape=(1, 128, 128, 128)
2026-04-27 14:38:45,236 - INFO - Epoch 1 volume 91/649 patch 1/1 training started
2026-04-27 14:38:45,342 - INFO - Epoch 1 volume 91/649 patch 1/1 done: loss=1.660615 avg_loss=1.677108 global_patch_step=91
2026-04-27 14:38:45,342 - INFO - Epoch 1 volume 92/649 loading
2026-04-27 14:38:45,637 - INFO - Epoch 1 volume 92/649 loaded: patches=1 image_shape=(1, 1, 128, 128, 128) label_shape=(1, 128, 128, 128)
2026-04-27 14:38:45,637 - INFO - Epoch 1 volume 92/649 patch 1/1 training started
2026-04-27 14:38:45,745 - INFO - Epoch 1 volume 92/649 patch 1/1 done: loss=1.661291 avg_loss=1.676936 global_patch_step=92
2026-04-27 14:38:45,745 - INFO - Epoch 1 volume 93/649 loading
2026-04-27 14:38:45,989 - INFO - Epoch 1 volume 93/649 loaded: patches=1 image_shape=(1, 1, 128, 128, 128) label_shape=(1, 128, 128, 128)
2026-04-27 14:38:45,990 - INFO - Epoch 1 volume 93/649 patch 1/1 training started
2026-04-27 14:38:46,095 - INFO - Epoch 1 volume 93/649 patch 1/1 done: loss=1.661037 avg_loss=1.676765 global_patch_step=93
2026-04-27 14:38:46,095 - INFO - Epoch 1 volume 94/649 loading
2026-04-27 14:38:46,377 - INFO - Epoch 1 volume 94/649 loaded: patches=1 image_shape=(1, 1, 128, 128, 128) label_shape=(1, 128, 128, 128)
2026-04-27 14:38:46,377 - INFO - Epoch 1 volume 94/649 patch 1/1 training started
2026-04-27 14:38:46,482 - INFO - Epoch 1 volume 94/649 patch 1/1 done: loss=1.661513 avg_loss=1.676603 global_patch_step=94
2026-04-27 14:38:46,482 - INFO - Epoch 1 volume 95/649 loading
2026-04-27 14:38:46,756 - INFO - Epoch 1 volume 95/649 loaded: patches=1 image_shape=(1, 1, 128, 128, 128) label_shape=(1, 128, 128, 128)
2026-04-27 14:38:46,756 - INFO - Epoch 1 volume 95/649 patch 1/1 training started
2026-04-27 14:38:46,866 - INFO - Epoch 1 volume 95/649 patch 1/1 done: loss=1.660748 avg_loss=1.676436 global_patch_step=95
2026-04-27 14:38:46,866 - INFO - Epoch 1 volume 96/649 loading
2026-04-27 14:38:47,203 - INFO - Epoch 1 volume 96/649 loaded: patches=1 image_shape=(1, 1, 128, 128, 128) label_shape=(1, 128, 128, 128)
2026-04-27 14:38:47,203 - INFO - Epoch 1 volume 96/649 patch 1/1 training started
2026-04-27 14:38:47,310 - INFO - Epoch 1 volume 96/649 patch 1/1 done: loss=1.660985 avg_loss=1.676275 global_patch_step=96
2026-04-27 14:38:47,310 - INFO - Epoch 1 volume 97/649 loading
2026-04-27 14:38:47,705 - INFO - Epoch 1 volume 97/649 loaded: patches=1 image_shape=(1, 1, 128, 128, 128) label_shape=(1, 128, 128, 128)
2026-04-27 14:38:47,705 - INFO - Epoch 1 volume 97/649 patch 1/1 training started
2026-04-27 14:38:47,813 - INFO - Epoch 1 volume 97/649 patch 1/1 done: loss=1.662062 avg_loss=1.676128 global_patch_step=97
2026-04-27 14:38:47,813 - INFO - Epoch 1 volume 98/649 loading
2026-04-27 14:38:48,239 - INFO - Epoch 1 volume 98/649 loaded: patches=1 image_shape=(1, 1, 128, 128, 128) label_shape=(1, 128, 128, 128)
2026-04-27 14:38:48,240 - INFO - Epoch 1 volume 98/649 patch 1/1 training started
2026-04-27 14:38:48,345 - INFO - Epoch 1 volume 98/649 patch 1/1 done: loss=1.660661 avg_loss=1.675971 global_patch_step=98
2026-04-27 14:38:48,345 - INFO - Epoch 1 volume 99/649 loading
2026-04-27 14:38:48,970 - INFO - Epoch 1 volume 99/649 loaded: patches=1 image_shape=(1, 1, 128, 128, 128) label_shape=(1, 128, 128, 128)
2026-04-27 14:38:48,970 - INFO - Epoch 1 volume 99/649 patch 1/1 training started
2026-04-27 14:38:49,075 - INFO - Epoch 1 volume 99/649 patch 1/1 done: loss=1.660088 avg_loss=1.675810 global_patch_step=99
2026-04-27 14:38:49,075 - INFO - Epoch 1 volume 100/649 loading
2026-04-27 14:38:49,334 - INFO - Epoch 1 volume 100/649 loaded: patches=1 image_shape=(1, 1, 128, 128, 128) label_shape=(1, 128, 128, 128)
2026-04-27 14:38:49,334 - INFO - Epoch 1 volume 100/649 patch 1/1 training started
2026-04-27 14:38:49,441 - INFO - Epoch 1 volume 100/649 patch 1/1 done: loss=1.659007 avg_loss=1.675642 global_patch_step=100
2026-04-27 14:38:49,441 - INFO - Epoch 1 volume 101/649 loading
2026-04-27 14:38:49,835 - INFO - Epoch 1 volume 101/649 loaded: patches=1 image_shape=(1, 1, 128, 128, 128) label_shape=(1, 128, 128, 128)
2026-04-27 14:38:49,835 - INFO - Epoch 1 volume 101/649 patch 1/1 training started
2026-04-27 14:38:49,940 - INFO - Epoch 1 volume 101/649 patch 1/1 done: loss=1.659378 avg_loss=1.675481 global_patch_step=101
2026-04-27 14:38:49,940 - INFO - Epoch 1 volume 102/649 loading
2026-04-27 14:38:50,364 - INFO - Epoch 1 volume 102/649 loaded: patches=1 image_shape=(1, 1, 128, 128, 128) label_shape=(1, 128, 128, 128)
2026-04-27 14:38:50,364 - INFO - Epoch 1 volume 102/649 patch 1/1 training started
2026-04-27 14:38:50,469 - INFO - Epoch 1 volume 102/649 patch 1/1 done: loss=1.659111 avg_loss=1.675321 global_patch_step=102
2026-04-27 14:38:50,469 - INFO - Epoch 1 volume 103/649 loading
2026-04-27 14:38:51,245 - INFO - Epoch 1 volume 103/649 loaded: patches=1 image_shape=(1, 1, 128, 128, 128) label_shape=(1, 128, 128, 128)
2026-04-27 14:38:51,245 - INFO - Epoch 1 volume 103/649 patch 1/1 training started
2026-04-27 14:38:51,353 - INFO - Epoch 1 volume 103/649 patch 1/1 done: loss=1.658351 avg_loss=1.675156 global_patch_step=103
2026-04-27 14:38:51,353 - INFO - Epoch 1 volume 104/649 loading
2026-04-27 14:38:51,766 - INFO - Epoch 1 volume 104/649 loaded: patches=1 image_shape=(1, 1, 128, 128, 128) label_shape=(1, 128, 128, 128)
2026-04-27 14:38:51,766 - INFO - Epoch 1 volume 104/649 patch 1/1 training started
2026-04-27 14:38:51,876 - INFO - Epoch 1 volume 104/649 patch 1/1 done: loss=1.660425 avg_loss=1.675014 global_patch_step=104
2026-04-27 14:38:51,877 - INFO - Epoch 1 volume 105/649 loading
2026-04-27 14:38:52,237 - INFO - Epoch 1 volume 105/649 loaded: patches=1 image_shape=(1, 1, 128, 128, 128) label_shape=(1, 128, 128, 128)
2026-04-27 14:38:52,237 - INFO - Epoch 1 volume 105/649 patch 1/1 training started
2026-04-27 14:38:52,343 - INFO - Epoch 1 volume 105/649 patch 1/1 done: loss=1.657997 avg_loss=1.674852 global_patch_step=105
2026-04-27 14:38:52,343 - INFO - Epoch 1 volume 106/649 loading
2026-04-27 14:38:52,684 - INFO - Epoch 1 volume 106/649 loaded: patches=1 image_shape=(1, 1, 128, 128, 128) label_shape=(1, 128, 128, 128)
2026-04-27 14:38:52,684 - INFO - Epoch 1 volume 106/649 patch 1/1 training started
2026-04-27 14:38:52,794 - INFO - Epoch 1 volume 106/649 patch 1/1 done: loss=1.657549 avg_loss=1.674689 global_patch_step=106
2026-04-27 14:38:52,794 - INFO - Epoch 1 volume 107/649 loading
2026-04-27 14:38:53,089 - INFO - Epoch 1 volume 107/649 loaded: patches=1 image_shape=(1, 1, 128, 128, 128) label_shape=(1, 128, 128, 128)
2026-04-27 14:38:53,089 - INFO - Epoch 1 volume 107/649 patch 1/1 training started
2026-04-27 14:38:53,197 - INFO - Epoch 1 volume 107/649 patch 1/1 done: loss=1.656742 avg_loss=1.674521 global_patch_step=107
2026-04-27 14:38:53,197 - INFO - Epoch 1 volume 108/649 loading
2026-04-27 14:38:53,579 - INFO - Epoch 1 volume 108/649 loaded: patches=1 image_shape=(1, 1, 128, 128, 128) label_shape=(1, 128, 128, 128)
2026-04-27 14:38:53,579 - INFO - Epoch 1 volume 108/649 patch 1/1 training started
2026-04-27 14:38:53,688 - INFO - Epoch 1 volume 108/649 patch 1/1 done: loss=1.657630 avg_loss=1.674365 global_patch_step=108
2026-04-27 14:38:53,688 - INFO - Epoch 1 volume 109/649 loading
2026-04-27 14:38:54,245 - INFO - Epoch 1 volume 109/649 loaded: patches=1 image_shape=(1, 1, 128, 128, 128) label_shape=(1, 128, 128, 128)
2026-04-27 14:38:54,245 - INFO - Epoch 1 volume 109/649 patch 1/1 training started
2026-04-27 14:38:54,350 - INFO - Epoch 1 volume 109/649 patch 1/1 done: loss=1.656496 avg_loss=1.674201 global_patch_step=109
2026-04-27 14:38:54,350 - INFO - Epoch 1 volume 110/649 loading
2026-04-27 14:38:54,727 - INFO - Epoch 1 volume 110/649 loaded: patches=1 image_shape=(1, 1, 128, 128, 128) label_shape=(1, 128, 128, 128)
2026-04-27 14:38:54,728 - INFO - Epoch 1 volume 110/649 patch 1/1 training started
2026-04-27 14:38:54,837 - INFO - Epoch 1 volume 110/649 patch 1/1 done: loss=1.656794 avg_loss=1.674043 global_patch_step=110
2026-04-27 14:38:54,837 - INFO - Epoch 1 volume 111/649 loading
2026-04-27 14:38:55,151 - INFO - Epoch 1 volume 111/649 loaded: patches=1 image_shape=(1, 1, 128, 128, 128) label_shape=(1, 128, 128, 128)
2026-04-27 14:38:55,151 - INFO - Epoch 1 volume 111/649 patch 1/1 training started
2026-04-27 14:38:55,257 - INFO - Epoch 1 volume 111/649 patch 1/1 done: loss=1.656394 avg_loss=1.673884 global_patch_step=111
2026-04-27 14:38:55,258 - INFO - Epoch 1 volume 112/649 loading
2026-04-27 14:38:55,638 - INFO - Epoch 1 volume 112/649 loaded: patches=1 image_shape=(1, 1, 128, 128, 128) label_shape=(1, 128, 128, 128)
2026-04-27 14:38:55,638 - INFO - Epoch 1 volume 112/649 patch 1/1 training started
2026-04-27 14:38:55,745 - INFO - Epoch 1 volume 112/649 patch 1/1 done: loss=1.656204 avg_loss=1.673726 global_patch_step=112
2026-04-27 14:38:55,745 - INFO - Epoch 1 volume 113/649 loading
2026-04-27 14:38:56,039 - INFO - Epoch 1 volume 113/649 loaded: patches=1 image_shape=(1, 1, 128, 128, 128) label_shape=(1, 128, 128, 128)
2026-04-27 14:38:56,039 - INFO - Epoch 1 volume 113/649 patch 1/1 training started
2026-04-27 14:38:56,150 - INFO - Epoch 1 volume 113/649 patch 1/1 done: loss=1.655152 avg_loss=1.673561 global_patch_step=113
2026-04-27 14:38:56,150 - INFO - Epoch 1 volume 114/649 loading
2026-04-27 14:38:56,556 - INFO - Epoch 1 volume 114/649 loaded: patches=1 image_shape=(1, 1, 128, 128, 128) label_shape=(1, 128, 128, 128)
2026-04-27 14:38:56,556 - INFO - Epoch 1 volume 114/649 patch 1/1 training started
2026-04-27 14:38:56,667 - INFO - Epoch 1 volume 114/649 patch 1/1 done: loss=1.654834 avg_loss=1.673397 global_patch_step=114
2026-04-27 14:38:56,667 - INFO - Epoch 1 volume 115/649 loading
2026-04-27 14:38:57,132 - INFO - Epoch 1 volume 115/649 loaded: patches=1 image_shape=(1, 1, 128, 128, 128) label_shape=(1, 128, 128, 128)
2026-04-27 14:38:57,132 - INFO - Epoch 1 volume 115/649 patch 1/1 training started
2026-04-27 14:38:57,244 - INFO - Epoch 1 volume 115/649 patch 1/1 done: loss=1.654760 avg_loss=1.673235 global_patch_step=115
2026-04-27 14:38:57,245 - INFO - Epoch 1 volume 116/649 loading
2026-04-27 14:38:57,593 - INFO - Epoch 1 volume 116/649 loaded: patches=1 image_shape=(1, 1, 128, 128, 128) label_shape=(1, 128, 128, 128)
2026-04-27 14:38:57,593 - INFO - Epoch 1 volume 116/649 patch 1/1 training started
2026-04-27 14:38:57,704 - INFO - Epoch 1 volume 116/649 patch 1/1 done: loss=1.654861 avg_loss=1.673077 global_patch_step=116
2026-04-27 14:38:57,704 - INFO - Epoch 1 volume 117/649 loading
2026-04-27 14:38:58,308 - INFO - Epoch 1 volume 117/649 loaded: patches=1 image_shape=(1, 1, 128, 128, 128) label_shape=(1, 128, 128, 128)
2026-04-27 14:38:58,308 - INFO - Epoch 1 volume 117/649 patch 1/1 training started
2026-04-27 14:38:58,415 - INFO - Epoch 1 volume 117/649 patch 1/1 done: loss=1.654513 avg_loss=1.672918 global_patch_step=117
2026-04-27 14:38:58,415 - INFO - Epoch 1 volume 118/649 loading
2026-04-27 14:38:58,848 - INFO - Epoch 1 volume 118/649 loaded: patches=1 image_shape=(1, 1, 128, 128, 128) label_shape=(1, 128, 128, 128)
2026-04-27 14:38:58,848 - INFO - Epoch 1 volume 118/649 patch 1/1 training started
2026-04-27 14:38:58,956 - INFO - Epoch 1 volume 118/649 patch 1/1 done: loss=1.654743 avg_loss=1.672764 global_patch_step=118
2026-04-27 14:38:58,956 - INFO - Epoch 1 volume 119/649 loading
2026-04-27 14:38:59,293 - INFO - Epoch 1 volume 119/649 loaded: patches=1 image_shape=(1, 1, 128, 128, 128) label_shape=(1, 128, 128, 128)
2026-04-27 14:38:59,293 - INFO - Epoch 1 volume 119/649 patch 1/1 training started
2026-04-27 14:38:59,399 - INFO - Epoch 1 volume 119/649 patch 1/1 done: loss=1.655356 avg_loss=1.672618 global_patch_step=119
2026-04-27 14:38:59,399 - INFO - Epoch 1 volume 120/649 loading
2026-04-27 14:38:59,680 - INFO - Epoch 1 volume 120/649 loaded: patches=1 image_shape=(1, 1, 128, 128, 128) label_shape=(1, 128, 128, 128)
2026-04-27 14:38:59,680 - INFO - Epoch 1 volume 120/649 patch 1/1 training started
2026-04-27 14:38:59,792 - INFO - Epoch 1 volume 120/649 patch 1/1 done: loss=1.653820 avg_loss=1.672461 global_patch_step=120
2026-04-27 14:38:59,792 - INFO - Epoch 1 volume 121/649 loading
2026-04-27 14:39:00,235 - INFO - Epoch 1 volume 121/649 loaded: patches=1 image_shape=(1, 1, 128, 128, 128) label_shape=(1, 128, 128, 128)
2026-04-27 14:39:00,235 - INFO - Epoch 1 volume 121/649 patch 1/1 training started
2026-04-27 14:39:00,342 - INFO - Epoch 1 volume 121/649 patch 1/1 done: loss=1.653475 avg_loss=1.672304 global_patch_step=121
2026-04-27 14:39:00,342 - INFO - Epoch 1 volume 122/649 loading
2026-04-27 14:39:00,804 - INFO - Epoch 1 volume 122/649 loaded: patches=1 image_shape=(1, 1, 128, 128, 128) label_shape=(1, 128, 128, 128)
2026-04-27 14:39:00,804 - INFO - Epoch 1 volume 122/649 patch 1/1 training started
2026-04-27 14:39:00,911 - INFO - Epoch 1 volume 122/649 patch 1/1 done: loss=1.654111 avg_loss=1.672155 global_patch_step=122
2026-04-27 14:39:00,911 - INFO - Epoch 1 volume 123/649 loading
2026-04-27 14:39:01,371 - INFO - Epoch 1 volume 123/649 loaded: patches=1 image_shape=(1, 1, 128, 128, 128) label_shape=(1, 128, 128, 128)
2026-04-27 14:39:01,371 - INFO - Epoch 1 volume 123/649 patch 1/1 training started
2026-04-27 14:39:01,477 - INFO - Epoch 1 volume 123/649 patch 1/1 done: loss=1.652374 avg_loss=1.671994 global_patch_step=123
2026-04-27 14:39:01,477 - INFO - Epoch 1 volume 124/649 loading
2026-04-27 14:39:02,082 - INFO - Epoch 1 volume 124/649 loaded: patches=1 image_shape=(1, 1, 128, 128, 128) label_shape=(1, 128, 128, 128)
2026-04-27 14:39:02,083 - INFO - Epoch 1 volume 124/649 patch 1/1 training started
2026-04-27 14:39:02,195 - INFO - Epoch 1 volume 124/649 patch 1/1 done: loss=1.652189 avg_loss=1.671834 global_patch_step=124
2026-04-27 14:39:02,195 - INFO - Epoch 1 volume 125/649 loading
2026-04-27 14:39:02,555 - INFO - Epoch 1 volume 125/649 loaded: patches=1 image_shape=(1, 1, 128, 128, 128) label_shape=(1, 128, 128, 128)
2026-04-27 14:39:02,555 - INFO - Epoch 1 volume 125/649 patch 1/1 training started
2026-04-27 14:39:02,668 - INFO - Epoch 1 volume 125/649 patch 1/1 done: loss=1.651388 avg_loss=1.671671 global_patch_step=125
2026-04-27 14:39:02,668 - INFO - Epoch 1 volume 126/649 loading
2026-04-27 14:39:03,196 - INFO - Epoch 1 volume 126/649 loaded: patches=1 image_shape=(1, 1, 128, 128, 128) label_shape=(1, 128, 128, 128)
2026-04-27 14:39:03,196 - INFO - Epoch 1 volume 126/649 patch 1/1 training started
2026-04-27 14:39:03,301 - INFO - Epoch 1 volume 126/649 patch 1/1 done: loss=1.651589 avg_loss=1.671511 global_patch_step=126
2026-04-27 14:39:03,302 - INFO - Epoch 1 volume 127/649 loading
2026-04-27 14:39:03,827 - INFO - Epoch 1 volume 127/649 loaded: patches=1 image_shape=(1, 1, 128, 128, 128) label_shape=(1, 128, 128, 128)
2026-04-27 14:39:03,827 - INFO - Epoch 1 volume 127/649 patch 1/1 training started
2026-04-27 14:39:03,933 - INFO - Epoch 1 volume 127/649 patch 1/1 done: loss=1.651747 avg_loss=1.671356 global_patch_step=127
2026-04-27 14:39:03,934 - INFO - Epoch 1 volume 128/649 loading
2026-04-27 14:39:04,644 - INFO - Epoch 1 volume 128/649 loaded: patches=1 image_shape=(1, 1, 128, 128, 128) label_shape=(1, 128, 128, 128)
2026-04-27 14:39:04,644 - INFO - Epoch 1 volume 128/649 patch 1/1 training started
2026-04-27 14:39:04,753 - INFO - Epoch 1 volume 128/649 patch 1/1 done: loss=1.649865 avg_loss=1.671188 global_patch_step=128
2026-04-27 14:39:04,753 - INFO - Epoch 1 volume 129/649 loading
2026-04-27 14:39:05,062 - INFO - Epoch 1 volume 129/649 loaded: patches=1 image_shape=(1, 1, 128, 128, 128) label_shape=(1, 128, 128, 128)
2026-04-27 14:39:05,062 - INFO - Epoch 1 volume 129/649 patch 1/1 training started
2026-04-27 14:39:05,171 - INFO - Epoch 1 volume 129/649 patch 1/1 done: loss=1.650175 avg_loss=1.671025 global_patch_step=129
2026-04-27 14:39:05,171 - INFO - Epoch 1 volume 130/649 loading
2026-04-27 14:39:05,595 - INFO - Epoch 1 volume 130/649 loaded: patches=1 image_shape=(1, 1, 128, 128, 128) label_shape=(1, 128, 128, 128)
2026-04-27 14:39:05,595 - INFO - Epoch 1 volume 130/649 patch 1/1 training started
2026-04-27 14:39:05,704 - INFO - Epoch 1 volume 130/649 patch 1/1 done: loss=1.648570 avg_loss=1.670852 global_patch_step=130
2026-04-27 14:39:05,704 - INFO - Epoch 1 volume 131/649 loading
2026-04-27 14:39:06,248 - INFO - Epoch 1 volume 131/649 loaded: patches=1 image_shape=(1, 1, 128, 128, 128) label_shape=(1, 128, 128, 128)
2026-04-27 14:39:06,248 - INFO - Epoch 1 volume 131/649 patch 1/1 training started
2026-04-27 14:39:06,355 - INFO - Epoch 1 volume 131/649 patch 1/1 done: loss=1.648847 avg_loss=1.670684 global_patch_step=131
2026-04-27 14:39:06,355 - INFO - Epoch 1 volume 132/649 loading
2026-04-27 14:39:06,722 - INFO - Epoch 1 volume 132/649 loaded: patches=1 image_shape=(1, 1, 128, 128, 128) label_shape=(1, 128, 128, 128)
2026-04-27 14:39:06,722 - INFO - Epoch 1 volume 132/649 patch 1/1 training started
2026-04-27 14:39:06,839 - INFO - Epoch 1 volume 132/649 patch 1/1 done: loss=1.647761 avg_loss=1.670511 global_patch_step=132
2026-04-27 14:39:06,839 - INFO - Epoch 1 volume 133/649 loading
2026-04-27 14:39:07,204 - INFO - Epoch 1 volume 133/649 loaded: patches=1 image_shape=(1, 1, 128, 128, 128) label_shape=(1, 128, 128, 128)
2026-04-27 14:39:07,204 - INFO - Epoch 1 volume 133/649 patch 1/1 training started
2026-04-27 14:39:07,314 - INFO - Epoch 1 volume 133/649 patch 1/1 done: loss=1.647358 avg_loss=1.670337 global_patch_step=133
2026-04-27 14:39:07,314 - INFO - Epoch 1 volume 134/649 loading
2026-04-27 14:39:07,671 - INFO - Epoch 1 volume 134/649 loaded: patches=1 image_shape=(1, 1, 128, 128, 128) label_shape=(1, 128, 128, 128)
2026-04-27 14:39:07,671 - INFO - Epoch 1 volume 134/649 patch 1/1 training started
2026-04-27 14:39:07,777 - INFO - Epoch 1 volume 134/649 patch 1/1 done: loss=1.647695 avg_loss=1.670168 global_patch_step=134
2026-04-27 14:39:07,777 - INFO - Epoch 1 volume 135/649 loading
2026-04-27 14:39:08,377 - INFO - Epoch 1 volume 135/649 loaded: patches=1 image_shape=(1, 1, 128, 128, 128) label_shape=(1, 128, 128, 128)
2026-04-27 14:39:08,377 - INFO - Epoch 1 volume 135/649 patch 1/1 training started
2026-04-27 14:39:08,483 - INFO - Epoch 1 volume 135/649 patch 1/1 done: loss=1.647362 avg_loss=1.669999 global_patch_step=135
2026-04-27 14:39:08,483 - INFO - Epoch 1 volume 136/649 loading
2026-04-27 14:39:09,084 - INFO - Epoch 1 volume 136/649 loaded: patches=4 image_shape=(4, 1, 128, 128, 128) label_shape=(4, 128, 128, 128)
2026-04-27 14:39:09,084 - INFO - Epoch 1 volume 136/649 patch 1/4 training started
2026-04-27 14:39:09,196 - INFO - Epoch 1 volume 136/649 patch 1/4 done: loss=1.646859 avg_loss=1.669829 global_patch_step=136
2026-04-27 14:39:09,196 - INFO - Epoch 1 volume 136/649 patch 2/4 training started
2026-04-27 14:39:09,307 - INFO - Epoch 1 volume 136/649 patch 2/4 done: loss=1.648097 avg_loss=1.669670 global_patch_step=137
2026-04-27 14:39:09,307 - INFO - Epoch 1 volume 136/649 patch 3/4 training started
2026-04-27 14:39:09,414 - INFO - Epoch 1 volume 136/649 patch 3/4 done: loss=1.644939 avg_loss=1.669491 global_patch_step=138
2026-04-27 14:39:09,414 - INFO - Epoch 1 volume 136/649 patch 4/4 training started
2026-04-27 14:39:09,520 - INFO - Epoch 1 volume 136/649 patch 4/4 done: loss=1.645485 avg_loss=1.669318 global_patch_step=139
2026-04-27 14:39:09,520 - INFO - Epoch 1 volume 137/649 loading
2026-04-27 14:39:10,372 - INFO - Epoch 1 volume 137/649 loaded: patches=4 image_shape=(4, 1, 128, 128, 128) label_shape=(4, 128, 128, 128)
2026-04-27 14:39:10,372 - INFO - Epoch 1 volume 137/649 patch 1/4 training started
2026-04-27 14:39:10,478 - INFO - Epoch 1 volume 137/649 patch 1/4 done: loss=1.645023 avg_loss=1.669144 global_patch_step=140
2026-04-27 14:39:10,478 - INFO - Epoch 1 volume 137/649 patch 2/4 training started
2026-04-27 14:39:10,585 - INFO - Epoch 1 volume 137/649 patch 2/4 done: loss=1.645322 avg_loss=1.668976 global_patch_step=141
2026-04-27 14:39:10,585 - INFO - Epoch 1 volume 137/649 patch 3/4 training started
2026-04-27 14:39:10,695 - INFO - Epoch 1 volume 137/649 patch 3/4 done: loss=1.643804 avg_loss=1.668798 global_patch_step=142
2026-04-27 14:39:10,695 - INFO - Epoch 1 volume 137/649 patch 4/4 training started
2026-04-27 14:39:10,803 - INFO - Epoch 1 volume 137/649 patch 4/4 done: loss=1.643838 avg_loss=1.668624 global_patch_step=143
2026-04-27 14:39:10,803 - INFO - Epoch 1 volume 138/649 loading
2026-04-27 14:39:11,808 - INFO - Epoch 1 volume 138/649 loaded: patches=6 image_shape=(6, 1, 128, 128, 128) label_shape=(6, 128, 128, 128)
2026-04-27 14:39:11,808 - INFO - Epoch 1 volume 138/649 patch 1/6 training started
2026-04-27 14:39:11,921 - INFO - Epoch 1 volume 138/649 patch 1/6 done: loss=1.644938 avg_loss=1.668459 global_patch_step=144
2026-04-27 14:39:11,921 - INFO - Epoch 1 volume 138/649 patch 2/6 training started
2026-04-27 14:39:12,030 - INFO - Epoch 1 volume 138/649 patch 2/6 done: loss=1.644474 avg_loss=1.668294 global_patch_step=145
2026-04-27 14:39:12,030 - INFO - Epoch 1 volume 138/649 patch 3/6 training started
2026-04-27 14:39:12,144 - INFO - Epoch 1 volume 138/649 patch 3/6 done: loss=1.643546 avg_loss=1.668124 global_patch_step=146
2026-04-27 14:39:12,144 - INFO - Epoch 1 volume 138/649 patch 4/6 training started
2026-04-27 14:39:12,257 - INFO - Epoch 1 volume 138/649 patch 4/6 done: loss=1.640167 avg_loss=1.667934 global_patch_step=147
2026-04-27 14:39:12,257 - INFO - Epoch 1 volume 138/649 patch 5/6 training started
2026-04-27 14:39:12,363 - INFO - Epoch 1 volume 138/649 patch 5/6 done: loss=1.643368 avg_loss=1.667768 global_patch_step=148
2026-04-27 14:39:12,363 - INFO - Epoch 1 volume 138/649 patch 6/6 training started
2026-04-27 14:39:12,470 - INFO - Epoch 1 volume 138/649 patch 6/6 done: loss=1.642204 avg_loss=1.667597 global_patch_step=149
2026-04-27 14:39:12,470 - INFO - Epoch 1 volume 139/649 loading
2026-04-27 14:39:13,581 - INFO - Epoch 1 volume 139/649 loaded: patches=6 image_shape=(6, 1, 128, 128, 128) label_shape=(6, 128, 128, 128)
2026-04-27 14:39:13,581 - INFO - Epoch 1 volume 139/649 patch 1/6 training started
2026-04-27 14:39:13,691 - INFO - Epoch 1 volume 139/649 patch 1/6 done: loss=1.640635 avg_loss=1.667417 global_patch_step=150
2026-04-27 14:39:13,691 - INFO - Epoch 1 volume 139/649 patch 2/6 training started
2026-04-27 14:39:13,798 - INFO - Epoch 1 volume 139/649 patch 2/6 done: loss=1.641802 avg_loss=1.667247 global_patch_step=151
2026-04-27 14:39:13,798 - INFO - Epoch 1 volume 139/649 patch 3/6 training started
2026-04-27 14:39:13,907 - INFO - Epoch 1 volume 139/649 patch 3/6 done: loss=1.640620 avg_loss=1.667072 global_patch_step=152
2026-04-27 14:39:13,907 - INFO - Epoch 1 volume 139/649 patch 4/6 training started
2026-04-27 14:39:14,013 - INFO - Epoch 1 volume 139/649 patch 4/6 done: loss=1.639983 avg_loss=1.666895 global_patch_step=153
2026-04-27 14:39:14,014 - INFO - Epoch 1 volume 139/649 patch 5/6 training started
2026-04-27 14:39:14,123 - INFO - Epoch 1 volume 139/649 patch 5/6 done: loss=1.640451 avg_loss=1.666723 global_patch_step=154
2026-04-27 14:39:14,123 - INFO - Epoch 1 volume 139/649 patch 6/6 training started
2026-04-27 14:39:14,230 - INFO - Epoch 1 volume 139/649 patch 6/6 done: loss=1.639413 avg_loss=1.666547 global_patch_step=155
2026-04-27 14:39:14,231 - INFO - Epoch 1 volume 140/649 loading
2026-04-27 14:39:14,939 - INFO - Epoch 1 volume 140/649 loaded: patches=4 image_shape=(4, 1, 128, 128, 128) label_shape=(4, 128, 128, 128)
2026-04-27 14:39:14,939 - INFO - Epoch 1 volume 140/649 patch 1/4 training started
2026-04-27 14:39:15,047 - INFO - Epoch 1 volume 140/649 patch 1/4 done: loss=1.639957 avg_loss=1.666377 global_patch_step=156
2026-04-27 14:39:15,047 - INFO - Epoch 1 volume 140/649 patch 2/4 training started
2026-04-27 14:39:15,155 - INFO - Epoch 1 volume 140/649 patch 2/4 done: loss=1.639122 avg_loss=1.666203 global_patch_step=157
2026-04-27 14:39:15,155 - INFO - Epoch 1 volume 140/649 patch 3/4 training started
2026-04-27 14:39:15,262 - INFO - Epoch 1 volume 140/649 patch 3/4 done: loss=1.638585 avg_loss=1.666028 global_patch_step=158
2026-04-27 14:39:15,262 - INFO - Epoch 1 volume 140/649 patch 4/4 training started
2026-04-27 14:39:15,368 - INFO - Epoch 1 volume 140/649 patch 4/4 done: loss=1.638076 avg_loss=1.665852 global_patch_step=159
2026-04-27 14:39:15,368 - INFO - Epoch 1 volume 141/649 loading
2026-04-27 14:39:16,180 - INFO - Epoch 1 volume 141/649 loaded: patches=8 image_shape=(8, 1, 128, 128, 128) label_shape=(8, 128, 128, 128)
2026-04-27 14:39:16,181 - INFO - Epoch 1 volume 141/649 patch 1/8 training started
2026-04-27 14:39:16,288 - INFO - Epoch 1 volume 141/649 patch 1/8 done: loss=1.638487 avg_loss=1.665681 global_patch_step=160
2026-04-27 14:39:16,288 - INFO - Epoch 1 volume 141/649 patch 2/8 training started
2026-04-27 14:39:16,394 - INFO - Epoch 1 volume 141/649 patch 2/8 done: loss=1.638576 avg_loss=1.665513 global_patch_step=161
2026-04-27 14:39:16,394 - INFO - Epoch 1 volume 141/649 patch 3/8 training started
2026-04-27 14:39:16,500 - INFO - Epoch 1 volume 141/649 patch 3/8 done: loss=1.636813 avg_loss=1.665336 global_patch_step=162
2026-04-27 14:39:16,500 - INFO - Epoch 1 volume 141/649 patch 4/8 training started
2026-04-27 14:39:16,609 - INFO - Epoch 1 volume 141/649 patch 4/8 done: loss=1.635553 avg_loss=1.665153 global_patch_step=163
2026-04-27 14:39:16,609 - INFO - Epoch 1 volume 141/649 patch 5/8 training started
2026-04-27 14:39:16,716 - INFO - Epoch 1 volume 141/649 patch 5/8 done: loss=1.635511 avg_loss=1.664972 global_patch_step=164
2026-04-27 14:39:16,716 - INFO - Epoch 1 volume 141/649 patch 6/8 training started
2026-04-27 14:39:16,829 - INFO - Epoch 1 volume 141/649 patch 6/8 done: loss=1.636906 avg_loss=1.664802 global_patch_step=165
2026-04-27 14:39:16,829 - INFO - Epoch 1 volume 141/649 patch 7/8 training started
2026-04-27 14:39:16,942 - INFO - Epoch 1 volume 141/649 patch 7/8 done: loss=1.635115 avg_loss=1.664623 global_patch_step=166
2026-04-27 14:39:16,942 - INFO - Epoch 1 volume 141/649 patch 8/8 training started
2026-04-27 14:39:17,052 - INFO - Epoch 1 volume 141/649 patch 8/8 done: loss=1.638355 avg_loss=1.664466 global_patch_step=167
2026-04-27 14:39:17,052 - INFO - Epoch 1 volume 142/649 loading
2026-04-27 14:39:17,576 - INFO - Epoch 1 volume 142/649 loaded: patches=4 image_shape=(4, 1, 128, 128, 128) label_shape=(4, 128, 128, 128)
2026-04-27 14:39:17,576 - INFO - Epoch 1 volume 142/649 patch 1/4 training started
2026-04-27 14:39:17,685 - INFO - Epoch 1 volume 142/649 patch 1/4 done: loss=1.635170 avg_loss=1.664292 global_patch_step=168
2026-04-27 14:39:17,685 - INFO - Epoch 1 volume 142/649 patch 2/4 training started
2026-04-27 14:39:17,792 - INFO - Epoch 1 volume 142/649 patch 2/4 done: loss=1.635358 avg_loss=1.664121 global_patch_step=169
2026-04-27 14:39:17,792 - INFO - Epoch 1 volume 142/649 patch 3/4 training started
2026-04-27 14:39:17,899 - INFO - Epoch 1 volume 142/649 patch 3/4 done: loss=1.633854 avg_loss=1.663943 global_patch_step=170
2026-04-27 14:39:17,900 - INFO - Epoch 1 volume 142/649 patch 4/4 training started
2026-04-27 14:39:18,008 - INFO - Epoch 1 volume 142/649 patch 4/4 done: loss=1.634261 avg_loss=1.663769 global_patch_step=171
2026-04-27 14:39:18,008 - INFO - Epoch 1 volume 143/649 loading
2026-04-27 14:39:18,510 - INFO - Epoch 1 volume 143/649 loaded: patches=4 image_shape=(4, 1, 128, 128, 128) label_shape=(4, 128, 128, 128)
2026-04-27 14:39:18,510 - INFO - Epoch 1 volume 143/649 patch 1/4 training started
2026-04-27 14:39:18,620 - INFO - Epoch 1 volume 143/649 patch 1/4 done: loss=1.635189 avg_loss=1.663603 global_patch_step=172
2026-04-27 14:39:18,620 - INFO - Epoch 1 volume 143/649 patch 2/4 training started
2026-04-27 14:39:18,726 - INFO - Epoch 1 volume 143/649 patch 2/4 done: loss=1.634804 avg_loss=1.663436 global_patch_step=173
2026-04-27 14:39:18,726 - INFO - Epoch 1 volume 143/649 patch 3/4 training started
2026-04-27 14:39:18,834 - INFO - Epoch 1 volume 143/649 patch 3/4 done: loss=1.632589 avg_loss=1.663259 global_patch_step=174
2026-04-27 14:39:18,834 - INFO - Epoch 1 volume 143/649 patch 4/4 training started
2026-04-27 14:39:18,942 - INFO - Epoch 1 volume 143/649 patch 4/4 done: loss=1.631994 avg_loss=1.663080 global_patch_step=175
2026-04-27 14:39:18,942 - INFO - Epoch 1 volume 144/649 loading
2026-04-27 14:39:19,565 - INFO - Epoch 1 volume 144/649 loaded: patches=4 image_shape=(4, 1, 128, 128, 128) label_shape=(4, 128, 128, 128)
2026-04-27 14:39:19,566 - INFO - Epoch 1 volume 144/649 patch 1/4 training started
2026-04-27 14:39:19,675 - INFO - Epoch 1 volume 144/649 patch 1/4 done: loss=1.631862 avg_loss=1.662903 global_patch_step=176
2026-04-27 14:39:19,675 - INFO - Epoch 1 volume 144/649 patch 2/4 training started
2026-04-27 14:39:19,781 - INFO - Epoch 1 volume 144/649 patch 2/4 done: loss=1.634097 avg_loss=1.662740 global_patch_step=177
2026-04-27 14:39:19,781 - INFO - Epoch 1 volume 144/649 patch 3/4 training started
2026-04-27 14:39:19,888 - INFO - Epoch 1 volume 144/649 patch 3/4 done: loss=1.631190 avg_loss=1.662563 global_patch_step=178
2026-04-27 14:39:19,888 - INFO - Epoch 1 volume 144/649 patch 4/4 training started
2026-04-27 14:39:19,998 - INFO - Epoch 1 volume 144/649 patch 4/4 done: loss=1.631658 avg_loss=1.662390 global_patch_step=179
2026-04-27 14:39:19,998 - INFO - Epoch 1 volume 145/649 loading
2026-04-27 14:39:20,605 - INFO - Epoch 1 volume 145/649 loaded: patches=4 image_shape=(4, 1, 128, 128, 128) label_shape=(4, 128, 128, 128)
2026-04-27 14:39:20,605 - INFO - Epoch 1 volume 145/649 patch 1/4 training started
2026-04-27 14:39:20,713 - INFO - Epoch 1 volume 145/649 patch 1/4 done: loss=1.632107 avg_loss=1.662222 global_patch_step=180
2026-04-27 14:39:20,713 - INFO - Epoch 1 volume 145/649 patch 2/4 training started
2026-04-27 14:39:20,819 - INFO - Epoch 1 volume 145/649 patch 2/4 done: loss=1.631563 avg_loss=1.662053 global_patch_step=181
2026-04-27 14:39:20,819 - INFO - Epoch 1 volume 145/649 patch 3/4 training started
2026-04-27 14:39:20,925 - INFO - Epoch 1 volume 145/649 patch 3/4 done: loss=1.629516 avg_loss=1.661874 global_patch_step=182
2026-04-27 14:39:20,925 - INFO - Epoch 1 volume 145/649 patch 4/4 training started
2026-04-27 14:39:21,035 - INFO - Epoch 1 volume 145/649 patch 4/4 done: loss=1.628852 avg_loss=1.661694 global_patch_step=183
2026-04-27 14:39:21,035 - INFO - Epoch 1 volume 146/649 loading
2026-04-27 14:39:21,546 - INFO - Epoch 1 volume 146/649 loaded: patches=6 image_shape=(6, 1, 128, 128, 128) label_shape=(6, 128, 128, 128)
2026-04-27 14:39:21,546 - INFO - Epoch 1 volume 146/649 patch 1/6 training started
2026-04-27 14:39:21,656 - INFO - Epoch 1 volume 146/649 patch 1/6 done: loss=1.629197 avg_loss=1.661517 global_patch_step=184
2026-04-27 14:39:21,656 - INFO - Epoch 1 volume 146/649 patch 2/6 training started
2026-04-27 14:39:21,764 - INFO - Epoch 1 volume 146/649 patch 2/6 done: loss=1.629637 avg_loss=1.661345 global_patch_step=185
2026-04-27 14:39:21,764 - INFO - Epoch 1 volume 146/649 patch 3/6 training started
2026-04-27 14:39:21,874 - INFO - Epoch 1 volume 146/649 patch 3/6 done: loss=1.628561 avg_loss=1.661168 global_patch_step=186
2026-04-27 14:39:21,874 - INFO - Epoch 1 volume 146/649 patch 4/6 training started
2026-04-27 14:39:21,987 - INFO - Epoch 1 volume 146/649 patch 4/6 done: loss=1.627523 avg_loss=1.660988 global_patch_step=187
2026-04-27 14:39:21,987 - INFO - Epoch 1 volume 146/649 patch 5/6 training started
2026-04-27 14:39:22,097 - INFO - Epoch 1 volume 146/649 patch 5/6 done: loss=1.626738 avg_loss=1.660806 global_patch_step=188
2026-04-27 14:39:22,097 - INFO - Epoch 1 volume 146/649 patch 6/6 training started
2026-04-27 14:39:22,210 - INFO - Epoch 1 volume 146/649 patch 6/6 done: loss=1.625903 avg_loss=1.660622 global_patch_step=189
2026-04-27 14:39:22,210 - INFO - Epoch 1 volume 147/649 loading
2026-04-27 14:39:22,673 - INFO - Epoch 1 volume 147/649 loaded: patches=4 image_shape=(4, 1, 128, 128, 128) label_shape=(4, 128, 128, 128)
2026-04-27 14:39:22,673 - INFO - Epoch 1 volume 147/649 patch 1/4 training started
2026-04-27 14:39:22,782 - INFO - Epoch 1 volume 147/649 patch 1/4 done: loss=1.627580 avg_loss=1.660448 global_patch_step=190
2026-04-27 14:39:22,782 - INFO - Epoch 1 volume 147/649 patch 2/4 training started
2026-04-27 14:39:22,889 - INFO - Epoch 1 volume 147/649 patch 2/4 done: loss=1.628201 avg_loss=1.660279 global_patch_step=191
2026-04-27 14:39:22,889 - INFO - Epoch 1 volume 147/649 patch 3/4 training started
2026-04-27 14:39:23,000 - INFO - Epoch 1 volume 147/649 patch 3/4 done: loss=1.625227 avg_loss=1.660096 global_patch_step=192
2026-04-27 14:39:23,000 - INFO - Epoch 1 volume 147/649 patch 4/4 training started
2026-04-27 14:39:23,108 - INFO - Epoch 1 volume 147/649 patch 4/4 done: loss=1.622933 avg_loss=1.659904 global_patch_step=193
2026-04-27 14:39:23,108 - INFO - Epoch 1 volume 148/649 loading
2026-04-27 14:39:23,812 - INFO - Epoch 1 volume 148/649 loaded: patches=6 image_shape=(6, 1, 128, 128, 128) label_shape=(6, 128, 128, 128)
2026-04-27 14:39:23,813 - INFO - Epoch 1 volume 148/649 patch 1/6 training started
2026-04-27 14:39:23,920 - INFO - Epoch 1 volume 148/649 patch 1/6 done: loss=1.627703 avg_loss=1.659738 global_patch_step=194
2026-04-27 14:39:23,920 - INFO - Epoch 1 volume 148/649 patch 2/6 training started
2026-04-27 14:39:24,029 - INFO - Epoch 1 volume 148/649 patch 2/6 done: loss=1.627594 avg_loss=1.659573 global_patch_step=195
2026-04-27 14:39:24,030 - INFO - Epoch 1 volume 148/649 patch 3/6 training started
2026-04-27 14:39:24,140 - INFO - Epoch 1 volume 148/649 patch 3/6 done: loss=1.624815 avg_loss=1.659396 global_patch_step=196
2026-04-27 14:39:24,140 - INFO - Epoch 1 volume 148/649 patch 4/6 training started
2026-04-27 14:39:24,247 - INFO - Epoch 1 volume 148/649 patch 4/6 done: loss=1.624958 avg_loss=1.659221 global_patch_step=197
2026-04-27 14:39:24,247 - INFO - Epoch 1 volume 148/649 patch 5/6 training started
2026-04-27 14:39:24,354 - INFO - Epoch 1 volume 148/649 patch 5/6 done: loss=1.623397 avg_loss=1.659040 global_patch_step=198
2026-04-27 14:39:24,354 - INFO - Epoch 1 volume 148/649 patch 6/6 training started
2026-04-27 14:39:24,460 - INFO - Epoch 1 volume 148/649 patch 6/6 done: loss=1.623924 avg_loss=1.658863 global_patch_step=199
2026-04-27 14:39:24,460 - INFO - Epoch 1 volume 149/649 loading
2026-04-27 14:39:24,888 - INFO - Epoch 1 volume 149/649 loaded: patches=4 image_shape=(4, 1, 128, 128, 128) label_shape=(4, 128, 128, 128)
2026-04-27 14:39:24,888 - INFO - Epoch 1 volume 149/649 patch 1/4 training started
2026-04-27 14:39:24,998 - INFO - Epoch 1 volume 149/649 patch 1/4 done: loss=1.625082 avg_loss=1.658694 global_patch_step=200
2026-04-27 14:39:24,998 - INFO - Epoch 1 volume 149/649 patch 2/4 training started
2026-04-27 14:39:25,108 - INFO - Epoch 1 volume 149/649 patch 2/4 done: loss=1.622723 avg_loss=1.658515 global_patch_step=201
2026-04-27 14:39:25,108 - INFO - Epoch 1 volume 149/649 patch 3/4 training started
2026-04-27 14:39:25,214 - INFO - Epoch 1 volume 149/649 patch 3/4 done: loss=1.622639 avg_loss=1.658338 global_patch_step=202
2026-04-27 14:39:25,214 - INFO - Epoch 1 volume 149/649 patch 4/4 training started
2026-04-27 14:39:25,321 - INFO - Epoch 1 volume 149/649 patch 4/4 done: loss=1.623028 avg_loss=1.658164 global_patch_step=203
2026-04-27 14:39:25,321 - INFO - Epoch 1 volume 150/649 loading
2026-04-27 14:39:26,195 - INFO - Epoch 1 volume 150/649 loaded: patches=6 image_shape=(6, 1, 128, 128, 128) label_shape=(6, 128, 128, 128)
2026-04-27 14:39:26,195 - INFO - Epoch 1 volume 150/649 patch 1/6 training started
2026-04-27 14:39:26,303 - INFO - Epoch 1 volume 150/649 patch 1/6 done: loss=1.622342 avg_loss=1.657988 global_patch_step=204
2026-04-27 14:39:26,303 - INFO - Epoch 1 volume 150/649 patch 2/6 training started
2026-04-27 14:39:26,409 - INFO - Epoch 1 volume 150/649 patch 2/6 done: loss=1.622638 avg_loss=1.657816 global_patch_step=205
2026-04-27 14:39:26,410 - INFO - Epoch 1 volume 150/649 patch 3/6 training started
2026-04-27 14:39:26,516 - INFO - Epoch 1 volume 150/649 patch 3/6 done: loss=1.621014 avg_loss=1.657637 global_patch_step=206
2026-04-27 14:39:26,516 - INFO - Epoch 1 volume 150/649 patch 4/6 training started
2026-04-27 14:39:26,626 - INFO - Epoch 1 volume 150/649 patch 4/6 done: loss=1.620010 avg_loss=1.657455 global_patch_step=207
2026-04-27 14:39:26,626 - INFO - Epoch 1 volume 150/649 patch 5/6 training started
2026-04-27 14:39:26,733 - INFO - Epoch 1 volume 150/649 patch 5/6 done: loss=1.618563 avg_loss=1.657268 global_patch_step=208
2026-04-27 14:39:26,733 - INFO - Epoch 1 volume 150/649 patch 6/6 training started
2026-04-27 14:39:26,846 - INFO - Epoch 1 volume 150/649 patch 6/6 done: loss=1.617528 avg_loss=1.657078 global_patch_step=209
2026-04-27 14:39:26,846 - INFO - Epoch 1 volume 151/649 loading
2026-04-27 14:39:28,170 - INFO - Epoch 1 volume 151/649 loaded: patches=12 image_shape=(12, 1, 128, 128, 128) label_shape=(12, 128, 128, 128)
2026-04-27 14:39:28,170 - INFO - Epoch 1 volume 151/649 patch 1/12 training started
2026-04-27 14:39:28,291 - INFO - Epoch 1 volume 151/649 patch 1/12 done: loss=1.618649 avg_loss=1.656895 global_patch_step=210
2026-04-27 14:39:28,291 - INFO - Epoch 1 volume 151/649 patch 2/12 training started
2026-04-27 14:39:28,400 - INFO - Epoch 1 volume 151/649 patch 2/12 done: loss=1.621680 avg_loss=1.656728 global_patch_step=211
2026-04-27 14:39:28,400 - INFO - Epoch 1 volume 151/649 patch 3/12 training started
2026-04-27 14:39:28,510 - INFO - Epoch 1 volume 151/649 patch 3/12 done: loss=1.618229 avg_loss=1.656547 global_patch_step=212
2026-04-27 14:39:28,510 - INFO - Epoch 1 volume 151/649 patch 4/12 training started
2026-04-27 14:39:28,621 - INFO - Epoch 1 volume 151/649 patch 4/12 done: loss=1.618224 avg_loss=1.656367 global_patch_step=213
2026-04-27 14:39:28,621 - INFO - Epoch 1 volume 151/649 patch 5/12 training started
2026-04-27 14:39:28,729 - INFO - Epoch 1 volume 151/649 patch 5/12 done: loss=1.615618 avg_loss=1.656177 global_patch_step=214
2026-04-27 14:39:28,729 - INFO - Epoch 1 volume 151/649 patch 6/12 training started
2026-04-27 14:39:28,837 - INFO - Epoch 1 volume 151/649 patch 6/12 done: loss=1.614780 avg_loss=1.655984 global_patch_step=215
2026-04-27 14:39:28,837 - INFO - Epoch 1 volume 151/649 patch 7/12 training started
2026-04-27 14:39:28,944 - INFO - Epoch 1 volume 151/649 patch 7/12 done: loss=1.614017 avg_loss=1.655790 global_patch_step=216
2026-04-27 14:39:28,944 - INFO - Epoch 1 volume 151/649 patch 8/12 training started
2026-04-27 14:39:29,054 - INFO - Epoch 1 volume 151/649 patch 8/12 done: loss=1.613966 avg_loss=1.655597 global_patch_step=217
2026-04-27 14:39:29,054 - INFO - Epoch 1 volume 151/649 patch 9/12 training started
2026-04-27 14:39:29,163 - INFO - Epoch 1 volume 151/649 patch 9/12 done: loss=1.614210 avg_loss=1.655407 global_patch_step=218
2026-04-27 14:39:29,163 - INFO - Epoch 1 volume 151/649 patch 10/12 training started
2026-04-27 14:39:29,270 - INFO - Epoch 1 volume 151/649 patch 10/12 done: loss=1.620932 avg_loss=1.655250 global_patch_step=219
2026-04-27 14:39:29,270 - INFO - Epoch 1 volume 151/649 patch 11/12 training started
2026-04-27 14:39:29,377 - INFO - Epoch 1 volume 151/649 patch 11/12 done: loss=1.612861 avg_loss=1.655057 global_patch_step=220
2026-04-27 14:39:29,377 - INFO - Epoch 1 volume 151/649 patch 12/12 training started
2026-04-27 14:39:29,483 - INFO - Epoch 1 volume 151/649 patch 12/12 done: loss=1.611676 avg_loss=1.654861 global_patch_step=221
2026-04-27 14:39:29,483 - INFO - Epoch 1 volume 152/649 loading
2026-04-27 14:39:29,899 - INFO - Epoch 1 volume 152/649 loaded: patches=1 image_shape=(1, 1, 128, 128, 128) label_shape=(1, 128, 128, 128)
2026-04-27 14:39:29,900 - INFO - Epoch 1 volume 152/649 patch 1/1 training started
2026-04-27 14:39:30,009 - INFO - Epoch 1 volume 152/649 patch 1/1 done: loss=1.616955 avg_loss=1.654690 global_patch_step=222
2026-04-27 14:39:30,009 - INFO - Epoch 1 volume 153/649 loading
2026-04-27 14:39:30,354 - INFO - Epoch 1 volume 153/649 loaded: patches=1 image_shape=(1, 1, 128, 128, 128) label_shape=(1, 128, 128, 128)
2026-04-27 14:39:30,354 - INFO - Epoch 1 volume 153/649 patch 1/1 training started
2026-04-27 14:39:30,460 - INFO - Epoch 1 volume 153/649 patch 1/1 done: loss=1.616514 avg_loss=1.654519 global_patch_step=223
2026-04-27 14:39:30,460 - INFO - Epoch 1 volume 154/649 loading
2026-04-27 14:39:30,979 - INFO - Epoch 1 volume 154/649 loaded: patches=1 image_shape=(1, 1, 128, 128, 128) label_shape=(1, 128, 128, 128)
2026-04-27 14:39:30,979 - INFO - Epoch 1 volume 154/649 patch 1/1 training started
2026-04-27 14:39:31,088 - INFO - Epoch 1 volume 154/649 patch 1/1 done: loss=1.616551 avg_loss=1.654349 global_patch_step=224
2026-04-27 14:39:31,088 - INFO - Epoch 1 volume 155/649 loading
2026-04-27 14:39:31,411 - INFO - Epoch 1 volume 155/649 loaded: patches=1 image_shape=(1, 1, 128, 128, 128) label_shape=(1, 128, 128, 128)
2026-04-27 14:39:31,411 - INFO - Epoch 1 volume 155/649 patch 1/1 training started
2026-04-27 14:39:31,518 - INFO - Epoch 1 volume 155/649 patch 1/1 done: loss=1.615275 avg_loss=1.654176 global_patch_step=225
2026-04-27 14:39:31,518 - INFO - Epoch 1 volume 156/649 loading
2026-04-27 14:39:31,964 - INFO - Epoch 1 volume 156/649 loaded: patches=1 image_shape=(1, 1, 128, 128, 128) label_shape=(1, 128, 128, 128)
2026-04-27 14:39:31,964 - INFO - Epoch 1 volume 156/649 patch 1/1 training started
2026-04-27 14:39:32,076 - INFO - Epoch 1 volume 156/649 patch 1/1 done: loss=1.615584 avg_loss=1.654005 global_patch_step=226
2026-04-27 14:39:32,076 - INFO - Epoch 1 volume 157/649 loading
2026-04-27 14:39:32,522 - INFO - Epoch 1 volume 157/649 loaded: patches=1 image_shape=(1, 1, 128, 128, 128) label_shape=(1, 128, 128, 128)
2026-04-27 14:39:32,522 - INFO - Epoch 1 volume 157/649 patch 1/1 training started
2026-04-27 14:39:32,631 - INFO - Epoch 1 volume 157/649 patch 1/1 done: loss=1.614585 avg_loss=1.653831 global_patch_step=227
2026-04-27 14:39:32,631 - INFO - Epoch 1 volume 158/649 loading
2026-04-27 14:39:32,960 - INFO - Epoch 1 volume 158/649 loaded: patches=1 image_shape=(1, 1, 128, 128, 128) label_shape=(1, 128, 128, 128)
2026-04-27 14:39:32,960 - INFO - Epoch 1 volume 158/649 patch 1/1 training started
2026-04-27 14:39:33,068 - INFO - Epoch 1 volume 158/649 patch 1/1 done: loss=1.614397 avg_loss=1.653658 global_patch_step=228
2026-04-27 14:39:33,068 - INFO - Epoch 1 volume 159/649 loading
2026-04-27 14:39:33,449 - INFO - Epoch 1 volume 159/649 loaded: patches=1 image_shape=(1, 1, 128, 128, 128) label_shape=(1, 128, 128, 128)
2026-04-27 14:39:33,449 - INFO - Epoch 1 volume 159/649 patch 1/1 training started
2026-04-27 14:39:33,556 - INFO - Epoch 1 volume 159/649 patch 1/1 done: loss=1.613750 avg_loss=1.653484 global_patch_step=229
2026-04-27 14:39:33,556 - INFO - Epoch 1 volume 160/649 loading
2026-04-27 14:39:33,932 - INFO - Epoch 1 volume 160/649 loaded: patches=1 image_shape=(1, 1, 128, 128, 128) label_shape=(1, 128, 128, 128)
2026-04-27 14:39:33,932 - INFO - Epoch 1 volume 160/649 patch 1/1 training started
2026-04-27 14:39:34,041 - INFO - Epoch 1 volume 160/649 patch 1/1 done: loss=1.613677 avg_loss=1.653311 global_patch_step=230
2026-04-27 14:39:34,042 - INFO - Epoch 1 volume 161/649 loading
2026-04-27 14:39:34,410 - INFO - Epoch 1 volume 161/649 loaded: patches=1 image_shape=(1, 1, 128, 128, 128) label_shape=(1, 128, 128, 128)
2026-04-27 14:39:34,410 - INFO - Epoch 1 volume 161/649 patch 1/1 training started
2026-04-27 14:39:34,517 - INFO - Epoch 1 volume 161/649 patch 1/1 done: loss=1.614057 avg_loss=1.653141 global_patch_step=231
2026-04-27 14:39:34,517 - INFO - Epoch 1 volume 162/649 loading
2026-04-27 14:39:35,094 - INFO - Epoch 1 volume 162/649 loaded: patches=1 image_shape=(1, 1, 128, 128, 128) label_shape=(1, 128, 128, 128)
2026-04-27 14:39:35,094 - INFO - Epoch 1 volume 162/649 patch 1/1 training started
2026-04-27 14:39:35,206 - INFO - Epoch 1 volume 162/649 patch 1/1 done: loss=1.614150 avg_loss=1.652973 global_patch_step=232
2026-04-27 14:39:35,206 - INFO - Epoch 1 volume 163/649 loading
2026-04-27 14:39:35,631 - INFO - Epoch 1 volume 163/649 loaded: patches=1 image_shape=(1, 1, 128, 128, 128) label_shape=(1, 128, 128, 128)
2026-04-27 14:39:35,631 - INFO - Epoch 1 volume 163/649 patch 1/1 training started
2026-04-27 14:39:35,736 - INFO - Epoch 1 volume 163/649 patch 1/1 done: loss=1.613739 avg_loss=1.652804 global_patch_step=233
2026-04-27 14:39:35,737 - INFO - Epoch 1 volume 164/649 loading
2026-04-27 14:39:36,107 - INFO - Epoch 1 volume 164/649 loaded: patches=1 image_shape=(1, 1, 128, 128, 128) label_shape=(1, 128, 128, 128)
2026-04-27 14:39:36,108 - INFO - Epoch 1 volume 164/649 patch 1/1 training started
2026-04-27 14:39:36,213 - INFO - Epoch 1 volume 164/649 patch 1/1 done: loss=1.612369 avg_loss=1.652632 global_patch_step=234
2026-04-27 14:39:36,213 - INFO - Epoch 1 volume 165/649 loading
2026-04-27 14:39:36,533 - INFO - Epoch 1 volume 165/649 loaded: patches=1 image_shape=(1, 1, 128, 128, 128) label_shape=(1, 128, 128, 128)
2026-04-27 14:39:36,533 - INFO - Epoch 1 volume 165/649 patch 1/1 training started
2026-04-27 14:39:36,642 - INFO - Epoch 1 volume 165/649 patch 1/1 done: loss=1.612473 avg_loss=1.652461 global_patch_step=235
2026-04-27 14:39:36,642 - INFO - Epoch 1 volume 166/649 loading
2026-04-27 14:39:37,076 - INFO - Epoch 1 volume 166/649 loaded: patches=1 image_shape=(1, 1, 128, 128, 128) label_shape=(1, 128, 128, 128)
2026-04-27 14:39:37,076 - INFO - Epoch 1 volume 166/649 patch 1/1 training started
2026-04-27 14:39:37,188 - INFO - Epoch 1 volume 166/649 patch 1/1 done: loss=1.612061 avg_loss=1.652290 global_patch_step=236
2026-04-27 14:39:37,188 - INFO - Epoch 1 volume 167/649 loading
2026-04-27 14:39:37,628 - INFO - Epoch 1 volume 167/649 loaded: patches=1 image_shape=(1, 1, 128, 128, 128) label_shape=(1, 128, 128, 128)
2026-04-27 14:39:37,628 - INFO - Epoch 1 volume 167/649 patch 1/1 training started
2026-04-27 14:39:37,735 - INFO - Epoch 1 volume 167/649 patch 1/1 done: loss=1.612479 avg_loss=1.652122 global_patch_step=237
2026-04-27 14:39:37,735 - INFO - Epoch 1 volume 168/649 loading
2026-04-27 14:39:38,308 - INFO - Epoch 1 volume 168/649 loaded: patches=1 image_shape=(1, 1, 128, 128, 128) label_shape=(1, 128, 128, 128)
2026-04-27 14:39:38,308 - INFO - Epoch 1 volume 168/649 patch 1/1 training started
2026-04-27 14:39:38,414 - INFO - Epoch 1 volume 168/649 patch 1/1 done: loss=1.611604 avg_loss=1.651951 global_patch_step=238
2026-04-27 14:39:38,414 - INFO - Epoch 1 volume 169/649 loading
2026-04-27 14:39:38,752 - INFO - Epoch 1 volume 169/649 loaded: patches=1 image_shape=(1, 1, 128, 128, 128) label_shape=(1, 128, 128, 128)
2026-04-27 14:39:38,753 - INFO - Epoch 1 volume 169/649 patch 1/1 training started
2026-04-27 14:39:38,868 - INFO - Epoch 1 volume 169/649 patch 1/1 done: loss=1.610396 avg_loss=1.651778 global_patch_step=239
2026-04-27 14:39:38,868 - INFO - Epoch 1 volume 170/649 loading
2026-04-27 14:39:39,344 - INFO - Epoch 1 volume 170/649 loaded: patches=1 image_shape=(1, 1, 128, 128, 128) label_shape=(1, 128, 128, 128)
2026-04-27 14:39:39,344 - INFO - Epoch 1 volume 170/649 patch 1/1 training started
2026-04-27 14:39:39,449 - INFO - Epoch 1 volume 170/649 patch 1/1 done: loss=1.611799 avg_loss=1.651611 global_patch_step=240
2026-04-27 14:39:39,450 - INFO - Epoch 1 volume 171/649 loading
2026-04-27 14:39:39,865 - INFO - Epoch 1 volume 171/649 loaded: patches=1 image_shape=(1, 1, 128, 128, 128) label_shape=(1, 128, 128, 128)
2026-04-27 14:39:39,865 - INFO - Epoch 1 volume 171/649 patch 1/1 training started
2026-04-27 14:39:39,972 - INFO - Epoch 1 volume 171/649 patch 1/1 done: loss=1.611745 avg_loss=1.651446 global_patch_step=241
2026-04-27 14:39:39,972 - INFO - Epoch 1 volume 172/649 loading
2026-04-27 14:39:40,312 - INFO - Epoch 1 volume 172/649 loaded: patches=1 image_shape=(1, 1, 128, 128, 128) label_shape=(1, 128, 128, 128)
2026-04-27 14:39:40,312 - INFO - Epoch 1 volume 172/649 patch 1/1 training started
2026-04-27 14:39:40,417 - INFO - Epoch 1 volume 172/649 patch 1/1 done: loss=1.610393 avg_loss=1.651276 global_patch_step=242
2026-04-27 14:39:40,417 - INFO - Epoch 1 volume 173/649 loading
2026-04-27 14:39:40,791 - INFO - Epoch 1 volume 173/649 loaded: patches=1 image_shape=(1, 1, 128, 128, 128) label_shape=(1, 128, 128, 128)
2026-04-27 14:39:40,791 - INFO - Epoch 1 volume 173/649 patch 1/1 training started
2026-04-27 14:39:40,899 - INFO - Epoch 1 volume 173/649 patch 1/1 done: loss=1.609642 avg_loss=1.651105 global_patch_step=243
2026-04-27 14:39:40,899 - INFO - Epoch 1 volume 174/649 loading
2026-04-27 14:39:41,271 - INFO - Epoch 1 volume 174/649 loaded: patches=1 image_shape=(1, 1, 128, 128, 128) label_shape=(1, 128, 128, 128)
2026-04-27 14:39:41,271 - INFO - Epoch 1 volume 174/649 patch 1/1 training started
2026-04-27 14:39:41,383 - INFO - Epoch 1 volume 174/649 patch 1/1 done: loss=1.608862 avg_loss=1.650931 global_patch_step=244
2026-04-27 14:39:41,383 - INFO - Epoch 1 volume 175/649 loading
2026-04-27 14:39:41,696 - INFO - Epoch 1 volume 175/649 loaded: patches=1 image_shape=(1, 1, 128, 128, 128) label_shape=(1, 128, 128, 128)
2026-04-27 14:39:41,696 - INFO - Epoch 1 volume 175/649 patch 1/1 training started
2026-04-27 14:39:41,818 - INFO - Epoch 1 volume 175/649 patch 1/1 done: loss=1.609604 avg_loss=1.650763 global_patch_step=245
2026-04-27 14:39:41,818 - INFO - Epoch 1 volume 176/649 loading
2026-04-27 14:39:42,376 - INFO - Epoch 1 volume 176/649 loaded: patches=1 image_shape=(1, 1, 128, 128, 128) label_shape=(1, 128, 128, 128)
2026-04-27 14:39:42,376 - INFO - Epoch 1 volume 176/649 patch 1/1 training started
2026-04-27 14:39:42,481 - INFO - Epoch 1 volume 176/649 patch 1/1 done: loss=1.609707 avg_loss=1.650596 global_patch_step=246
2026-04-27 14:39:42,481 - INFO - Epoch 1 volume 177/649 loading
2026-04-27 14:39:42,920 - INFO - Epoch 1 volume 177/649 loaded: patches=1 image_shape=(1, 1, 128, 128, 128) label_shape=(1, 128, 128, 128)
2026-04-27 14:39:42,920 - INFO - Epoch 1 volume 177/649 patch 1/1 training started
2026-04-27 14:39:43,030 - INFO - Epoch 1 volume 177/649 patch 1/1 done: loss=1.607947 avg_loss=1.650423 global_patch_step=247
2026-04-27 14:39:43,030 - INFO - Epoch 1 volume 178/649 loading
2026-04-27 14:39:43,384 - INFO - Epoch 1 volume 178/649 loaded: patches=1 image_shape=(1, 1, 128, 128, 128) label_shape=(1, 128, 128, 128)
2026-04-27 14:39:43,384 - INFO - Epoch 1 volume 178/649 patch 1/1 training started
2026-04-27 14:39:43,504 - INFO - Epoch 1 volume 178/649 patch 1/1 done: loss=1.609425 avg_loss=1.650258 global_patch_step=248
2026-04-27 14:39:43,505 - INFO - Epoch 1 volume 179/649 loading
2026-04-27 14:39:43,906 - INFO - Epoch 1 volume 179/649 loaded: patches=1 image_shape=(1, 1, 128, 128, 128) label_shape=(1, 128, 128, 128)
2026-04-27 14:39:43,906 - INFO - Epoch 1 volume 179/649 patch 1/1 training started
2026-04-27 14:39:44,011 - INFO - Epoch 1 volume 179/649 patch 1/1 done: loss=1.608635 avg_loss=1.650091 global_patch_step=249
2026-04-27 14:39:44,011 - INFO - Epoch 1 volume 180/649 loading
2026-04-27 14:39:44,426 - INFO - Epoch 1 volume 180/649 loaded: patches=1 image_shape=(1, 1, 128, 128, 128) label_shape=(1, 128, 128, 128)
2026-04-27 14:39:44,426 - INFO - Epoch 1 volume 180/649 patch 1/1 training started
2026-04-27 14:39:44,533 - INFO - Epoch 1 volume 180/649 patch 1/1 done: loss=1.608228 avg_loss=1.649923 global_patch_step=250
2026-04-27 14:39:44,533 - INFO - Epoch 1 volume 181/649 loading
2026-04-27 14:39:44,856 - INFO - Epoch 1 volume 181/649 loaded: patches=1 image_shape=(1, 1, 128, 128, 128) label_shape=(1, 128, 128, 128)
2026-04-27 14:39:44,856 - INFO - Epoch 1 volume 181/649 patch 1/1 training started
2026-04-27 14:39:44,964 - INFO - Epoch 1 volume 181/649 patch 1/1 done: loss=1.601672 avg_loss=1.649731 global_patch_step=251
2026-04-27 14:39:44,964 - INFO - Epoch 1 volume 182/649 loading
2026-04-27 14:39:45,312 - INFO - Epoch 1 volume 182/649 loaded: patches=1 image_shape=(1, 1, 128, 128, 128) label_shape=(1, 128, 128, 128)
2026-04-27 14:39:45,312 - INFO - Epoch 1 volume 182/649 patch 1/1 training started
2026-04-27 14:39:45,417 - INFO - Epoch 1 volume 182/649 patch 1/1 done: loss=1.607219 avg_loss=1.649562 global_patch_step=252
2026-04-27 14:39:45,417 - INFO - Epoch 1 volume 183/649 loading
2026-04-27 14:39:45,799 - INFO - Epoch 1 volume 183/649 loaded: patches=1 image_shape=(1, 1, 128, 128, 128) label_shape=(1, 128, 128, 128)
2026-04-27 14:39:45,799 - INFO - Epoch 1 volume 183/649 patch 1/1 training started
2026-04-27 14:39:45,904 - INFO - Epoch 1 volume 183/649 patch 1/1 done: loss=1.607646 avg_loss=1.649397 global_patch_step=253
2026-04-27 14:39:45,904 - INFO - Epoch 1 volume 184/649 loading
2026-04-27 14:39:46,263 - INFO - Epoch 1 volume 184/649 loaded: patches=1 image_shape=(1, 1, 128, 128, 128) label_shape=(1, 128, 128, 128)
2026-04-27 14:39:46,263 - INFO - Epoch 1 volume 184/649 patch 1/1 training started
2026-04-27 14:39:46,368 - INFO - Epoch 1 volume 184/649 patch 1/1 done: loss=1.607327 avg_loss=1.649231 global_patch_step=254
2026-04-27 14:39:46,368 - INFO - Epoch 1 volume 185/649 loading
2026-04-27 14:39:46,781 - INFO - Epoch 1 volume 185/649 loaded: patches=1 image_shape=(1, 1, 128, 128, 128) label_shape=(1, 128, 128, 128)
2026-04-27 14:39:46,781 - INFO - Epoch 1 volume 185/649 patch 1/1 training started
2026-04-27 14:39:46,891 - INFO - Epoch 1 volume 185/649 patch 1/1 done: loss=1.606946 avg_loss=1.649065 global_patch_step=255
2026-04-27 14:39:46,892 - INFO - Epoch 1 volume 186/649 loading
2026-04-27 14:39:47,215 - INFO - Epoch 1 volume 186/649 loaded: patches=1 image_shape=(1, 1, 128, 128, 128) label_shape=(1, 128, 128, 128)
2026-04-27 14:39:47,215 - INFO - Epoch 1 volume 186/649 patch 1/1 training started
2026-04-27 14:39:47,323 - INFO - Epoch 1 volume 186/649 patch 1/1 done: loss=1.606554 avg_loss=1.648899 global_patch_step=256
2026-04-27 14:39:47,323 - INFO - Epoch 1 volume 187/649 loading
2026-04-27 14:39:47,683 - INFO - Epoch 1 volume 187/649 loaded: patches=1 image_shape=(1, 1, 128, 128, 128) label_shape=(1, 128, 128, 128)
2026-04-27 14:39:47,683 - INFO - Epoch 1 volume 187/649 patch 1/1 training started
2026-04-27 14:39:47,788 - INFO - Epoch 1 volume 187/649 patch 1/1 done: loss=1.605564 avg_loss=1.648731 global_patch_step=257
2026-04-27 14:39:47,788 - INFO - Epoch 1 volume 188/649 loading
2026-04-27 14:39:48,318 - INFO - Epoch 1 volume 188/649 loaded: patches=1 image_shape=(1, 1, 128, 128, 128) label_shape=(1, 128, 128, 128)
2026-04-27 14:39:48,318 - INFO - Epoch 1 volume 188/649 patch 1/1 training started
2026-04-27 14:39:48,423 - INFO - Epoch 1 volume 188/649 patch 1/1 done: loss=1.606994 avg_loss=1.648569 global_patch_step=258
2026-04-27 14:39:48,423 - INFO - Epoch 1 volume 189/649 loading
2026-04-27 14:39:48,812 - INFO - Epoch 1 volume 189/649 loaded: patches=1 image_shape=(1, 1, 128, 128, 128) label_shape=(1, 128, 128, 128)
2026-04-27 14:39:48,813 - INFO - Epoch 1 volume 189/649 patch 1/1 training started
2026-04-27 14:39:48,918 - INFO - Epoch 1 volume 189/649 patch 1/1 done: loss=1.606251 avg_loss=1.648405 global_patch_step=259
2026-04-27 14:39:48,918 - INFO - Epoch 1 volume 190/649 loading
2026-04-27 14:39:49,362 - INFO - Epoch 1 volume 190/649 loaded: patches=1 image_shape=(1, 1, 128, 128, 128) label_shape=(1, 128, 128, 128)
2026-04-27 14:39:49,362 - INFO - Epoch 1 volume 190/649 patch 1/1 training started
2026-04-27 14:39:49,467 - INFO - Epoch 1 volume 190/649 patch 1/1 done: loss=1.605898 avg_loss=1.648242 global_patch_step=260
2026-04-27 14:39:49,467 - INFO - Epoch 1 volume 191/649 loading
2026-04-27 14:39:49,805 - INFO - Epoch 1 volume 191/649 loaded: patches=1 image_shape=(1, 1, 128, 128, 128) label_shape=(1, 128, 128, 128)
2026-04-27 14:39:49,806 - INFO - Epoch 1 volume 191/649 patch 1/1 training started
2026-04-27 14:39:49,919 - INFO - Epoch 1 volume 191/649 patch 1/1 done: loss=1.604637 avg_loss=1.648075 global_patch_step=261
2026-04-27 14:39:49,919 - INFO - Epoch 1 volume 192/649 loading
2026-04-27 14:39:50,459 - INFO - Epoch 1 volume 192/649 loaded: patches=1 image_shape=(1, 1, 128, 128, 128) label_shape=(1, 128, 128, 128)
2026-04-27 14:39:50,459 - INFO - Epoch 1 volume 192/649 patch 1/1 training started
2026-04-27 14:39:50,564 - INFO - Epoch 1 volume 192/649 patch 1/1 done: loss=1.605856 avg_loss=1.647914 global_patch_step=262
2026-04-27 14:39:50,564 - INFO - Epoch 1 volume 193/649 loading
2026-04-27 14:39:50,913 - INFO - Epoch 1 volume 193/649 loaded: patches=1 image_shape=(1, 1, 128, 128, 128) label_shape=(1, 128, 128, 128)
2026-04-27 14:39:50,913 - INFO - Epoch 1 volume 193/649 patch 1/1 training started
2026-04-27 14:39:51,019 - INFO - Epoch 1 volume 193/649 patch 1/1 done: loss=1.605210 avg_loss=1.647751 global_patch_step=263
2026-04-27 14:39:51,019 - INFO - Epoch 1 volume 194/649 loading
2026-04-27 14:39:51,409 - INFO - Epoch 1 volume 194/649 loaded: patches=1 image_shape=(1, 1, 128, 128, 128) label_shape=(1, 128, 128, 128)
2026-04-27 14:39:51,409 - INFO - Epoch 1 volume 194/649 patch 1/1 training started
2026-04-27 14:39:51,514 - INFO - Epoch 1 volume 194/649 patch 1/1 done: loss=1.605001 avg_loss=1.647589 global_patch_step=264
2026-04-27 14:39:51,514 - INFO - Epoch 1 volume 195/649 loading
2026-04-27 14:39:51,993 - INFO - Epoch 1 volume 195/649 loaded: patches=1 image_shape=(1, 1, 128, 128, 128) label_shape=(1, 128, 128, 128)
2026-04-27 14:39:51,993 - INFO - Epoch 1 volume 195/649 patch 1/1 training started
2026-04-27 14:39:52,103 - INFO - Epoch 1 volume 195/649 patch 1/1 done: loss=1.605044 avg_loss=1.647429 global_patch_step=265
2026-04-27 14:39:52,103 - INFO - Epoch 1 volume 196/649 loading
2026-04-27 14:39:52,579 - INFO - Epoch 1 volume 196/649 loaded: patches=1 image_shape=(1, 1, 128, 128, 128) label_shape=(1, 128, 128, 128)
2026-04-27 14:39:52,579 - INFO - Epoch 1 volume 196/649 patch 1/1 training started
2026-04-27 14:39:52,688 - INFO - Epoch 1 volume 196/649 patch 1/1 done: loss=1.605044 avg_loss=1.647269 global_patch_step=266
2026-04-27 14:39:52,688 - INFO - Epoch 1 volume 197/649 loading
2026-04-27 14:39:53,022 - INFO - Epoch 1 volume 197/649 loaded: patches=1 image_shape=(1, 1, 128, 128, 128) label_shape=(1, 128, 128, 128)
2026-04-27 14:39:53,022 - INFO - Epoch 1 volume 197/649 patch 1/1 training started
2026-04-27 14:39:53,130 - INFO - Epoch 1 volume 197/649 patch 1/1 done: loss=1.603663 avg_loss=1.647106 global_patch_step=267
2026-04-27 14:39:53,130 - INFO - Epoch 1 volume 198/649 loading
2026-04-27 14:39:53,796 - INFO - Epoch 1 volume 198/649 loaded: patches=1 image_shape=(1, 1, 128, 128, 128) label_shape=(1, 128, 128, 128)
2026-04-27 14:39:53,796 - INFO - Epoch 1 volume 198/649 patch 1/1 training started
2026-04-27 14:39:53,901 - INFO - Epoch 1 volume 198/649 patch 1/1 done: loss=1.604943 avg_loss=1.646949 global_patch_step=268
2026-04-27 14:39:53,901 - INFO - Epoch 1 volume 199/649 loading
2026-04-27 14:39:54,269 - INFO - Epoch 1 volume 199/649 loaded: patches=1 image_shape=(1, 1, 128, 128, 128) label_shape=(1, 128, 128, 128)
2026-04-27 14:39:54,269 - INFO - Epoch 1 volume 199/649 patch 1/1 training started
2026-04-27 14:39:54,374 - INFO - Epoch 1 volume 199/649 patch 1/1 done: loss=1.603647 avg_loss=1.646788 global_patch_step=269
2026-04-27 14:39:54,374 - INFO - Epoch 1 volume 200/649 loading
2026-04-27 14:39:54,828 - INFO - Epoch 1 volume 200/649 loaded: patches=1 image_shape=(1, 1, 128, 128, 128) label_shape=(1, 128, 128, 128)
2026-04-27 14:39:54,828 - INFO - Epoch 1 volume 200/649 patch 1/1 training started
2026-04-27 14:39:54,934 - INFO - Epoch 1 volume 200/649 patch 1/1 done: loss=1.602908 avg_loss=1.646625 global_patch_step=270
2026-04-27 14:39:54,934 - INFO - Epoch 1 volume 201/649 loading
2026-04-27 14:39:55,302 - INFO - Epoch 1 volume 201/649 loaded: patches=1 image_shape=(1, 1, 128, 128, 128) label_shape=(1, 128, 128, 128)
2026-04-27 14:39:55,302 - INFO - Epoch 1 volume 201/649 patch 1/1 training started
2026-04-27 14:39:55,407 - INFO - Epoch 1 volume 201/649 patch 1/1 done: loss=1.603506 avg_loss=1.646466 global_patch_step=271
2026-04-27 14:39:55,408 - INFO - Epoch 1 volume 202/649 loading
2026-04-27 14:39:55,769 - INFO - Epoch 1 volume 202/649 loaded: patches=1 image_shape=(1, 1, 128, 128, 128) label_shape=(1, 128, 128, 128)
2026-04-27 14:39:55,770 - INFO - Epoch 1 volume 202/649 patch 1/1 training started
2026-04-27 14:39:55,875 - INFO - Epoch 1 volume 202/649 patch 1/1 done: loss=1.603081 avg_loss=1.646307 global_patch_step=272
2026-04-27 14:39:55,875 - INFO - Epoch 1 volume 203/649 loading
2026-04-27 14:39:56,258 - INFO - Epoch 1 volume 203/649 loaded: patches=1 image_shape=(1, 1, 128, 128, 128) label_shape=(1, 128, 128, 128)
2026-04-27 14:39:56,258 - INFO - Epoch 1 volume 203/649 patch 1/1 training started
2026-04-27 14:39:56,363 - INFO - Epoch 1 volume 203/649 patch 1/1 done: loss=1.603384 avg_loss=1.646149 global_patch_step=273
2026-04-27 14:39:56,363 - INFO - Epoch 1 volume 204/649 loading
2026-04-27 14:39:56,747 - INFO - Epoch 1 volume 204/649 loaded: patches=1 image_shape=(1, 1, 128, 128, 128) label_shape=(1, 128, 128, 128)
2026-04-27 14:39:56,748 - INFO - Epoch 1 volume 204/649 patch 1/1 training started
2026-04-27 14:39:56,857 - INFO - Epoch 1 volume 204/649 patch 1/1 done: loss=1.602818 avg_loss=1.645991 global_patch_step=274
2026-04-27 14:39:56,857 - INFO - Epoch 1 volume 205/649 loading
2026-04-27 14:39:57,392 - INFO - Epoch 1 volume 205/649 loaded: patches=1 image_shape=(1, 1, 128, 128, 128) label_shape=(1, 128, 128, 128)
2026-04-27 14:39:57,392 - INFO - Epoch 1 volume 205/649 patch 1/1 training started
2026-04-27 14:39:57,498 - INFO - Epoch 1 volume 205/649 patch 1/1 done: loss=1.602733 avg_loss=1.645834 global_patch_step=275
2026-04-27 14:39:57,498 - INFO - Epoch 1 volume 206/649 loading
2026-04-27 14:39:57,870 - INFO - Epoch 1 volume 206/649 loaded: patches=1 image_shape=(1, 1, 128, 128, 128) label_shape=(1, 128, 128, 128)
2026-04-27 14:39:57,870 - INFO - Epoch 1 volume 206/649 patch 1/1 training started
2026-04-27 14:39:57,975 - INFO - Epoch 1 volume 206/649 patch 1/1 done: loss=1.602351 avg_loss=1.645676 global_patch_step=276
2026-04-27 14:39:57,975 - INFO - Epoch 1 volume 207/649 loading
2026-04-27 14:39:58,379 - INFO - Epoch 1 volume 207/649 loaded: patches=1 image_shape=(1, 1, 128, 128, 128) label_shape=(1, 128, 128, 128)
2026-04-27 14:39:58,379 - INFO - Epoch 1 volume 207/649 patch 1/1 training started
2026-04-27 14:39:58,485 - INFO - Epoch 1 volume 207/649 patch 1/1 done: loss=1.602007 avg_loss=1.645519 global_patch_step=277
2026-04-27 14:39:58,485 - INFO - Epoch 1 volume 208/649 loading
2026-04-27 14:46:10,375 - INFO - Configuration loaded from: /home/napbad/PycharmProjects/Gradulate/config/host.yaml
2026-04-27 14:46:10,377 - INFO - Model: unet
2026-04-27 14:46:10,377 - INFO - Device: cuda
2026-04-27 14:46:10,377 - INFO - Using device: cuda
2026-04-27 14:46:10,377 - INFO - Building model...
2026-04-27 14:46:10,522 - INFO - Model parameters: 5,734
2026-04-27 14:46:11,194 - INFO - Setting up datasets...
2026-04-27 14:46:11,267 - INFO - Training samples: 649
2026-04-27 14:46:11,267 - INFO - Validation samples: 649
2026-04-27 14:46:11,270 - INFO - Starting training...
2026-04-27 14:46:11,270 - INFO - Epoch 1 training started: total_volumes=649
2026-04-27 14:46:11,270 - INFO - Epoch 1 volume 1/649 loading
2026-04-27 14:46:11,524 - INFO - Resampling (322, 416, 219) to [132, 171, 137]...
2026-04-27 14:46:11,737 - INFO - Resampling (322, 416, 219) to [132, 171, 137]...
2026-04-27 14:46:12,016 - INFO - Resampling (322, 416, 219) to [132, 171, 137]...
2026-04-27 14:46:12,070 - INFO - Resampling (322, 416, 219) to [132, 171, 137]...
2026-04-27 14:46:12,149 - INFO - Epoch 1 volume 1/649 loaded: patches=1 image_shape=(1, 1, 128, 128, 128) label_shape=(1, 128, 128, 128)
2026-04-27 14:46:12,149 - INFO - Epoch 1 volume 1/649 patch 1/1 training started
2026-04-27 14:46:12,670 - INFO - Epoch 1 volume 1/649 patch 1/1 done: loss=1.689938 avg_loss=1.689938 global_patch_step=1
2026-04-27 14:46:12,736 - INFO - Saved sample prediction to checkpoints/predictions/epoch_0001_case_0000_prediction.nii.gz
2026-04-27 14:46:12,736 - INFO - Epoch 1 volume 2/649 loading
2026-04-27 14:46:12,911 - INFO - Resampling (326, 378, 268) to [140, 162, 134]...
2026-04-27 14:46:12,967 - INFO - Resampling (326, 378, 268) to [140, 162, 134]...
2026-04-27 14:46:13,163 - INFO - Resampling (326, 378, 268) to [140, 162, 134]...
2026-04-27 14:46:13,196 - INFO - Resampling (326, 378, 268) to [140, 162, 134]...
2026-04-27 14:46:13,252 - INFO - Epoch 1 volume 2/649 loaded: patches=1 image_shape=(1, 1, 128, 128, 128) label_shape=(1, 128, 128, 128)
2026-04-27 14:46:13,252 - INFO - Epoch 1 volume 2/649 patch 1/1 training started
2026-04-27 14:46:13,362 - INFO - Epoch 1 volume 2/649 patch 1/1 done: loss=1.695067 avg_loss=1.692503 global_patch_step=2
2026-04-27 14:46:13,363 - INFO - Epoch 1 volume 3/649 loading
2026-04-27 14:46:13,662 - INFO - Resampling (330, 403, 305) to [144, 176, 191]...
2026-04-27 14:46:13,709 - INFO - Resampling (330, 403, 305) to [144, 176, 191]...
2026-04-27 14:46:14,025 - INFO - Resampling (330, 403, 305) to [144, 176, 191]...
2026-04-27 14:46:14,101 - INFO - Resampling (330, 403, 305) to [144, 176, 191]...
2026-04-27 14:46:14,237 - INFO - Epoch 1 volume 3/649 loaded: patches=1 image_shape=(1, 1, 128, 128, 128) label_shape=(1, 128, 128, 128)
2026-04-27 14:46:14,237 - INFO - Epoch 1 volume 3/649 patch 1/1 training started
2026-04-27 14:46:14,352 - INFO - Epoch 1 volume 3/649 patch 1/1 done: loss=1.692516 avg_loss=1.692507 global_patch_step=3
2026-04-27 14:46:14,352 - INFO - Epoch 1 volume 4/649 loading
2026-04-27 14:46:14,578 - INFO - Resampling (350, 396, 316) to [151, 170, 158]...
2026-04-27 14:46:14,617 - INFO - Resampling (350, 396, 316) to [151, 170, 158]...
2026-04-27 14:46:14,838 - INFO - Resampling (350, 396, 316) to [151, 170, 158]...
2026-04-27 14:46:14,874 - INFO - Resampling (350, 396, 316) to [151, 170, 158]...
2026-04-27 14:46:14,892 - INFO - Epoch 1 volume 4/649 loaded: patches=1 image_shape=(1, 1, 128, 128, 128) label_shape=(1, 128, 128, 128)
2026-04-27 14:46:14,892 - INFO - Epoch 1 volume 4/649 patch 1/1 training started
2026-04-27 14:46:14,999 - INFO - Epoch 1 volume 4/649 patch 1/1 done: loss=1.693469 avg_loss=1.692748 global_patch_step=4
2026-04-27 14:46:14,999 - INFO - Epoch 1 volume 5/649 loading
2026-04-27 14:46:15,220 - INFO - Resampling (333, 395, 222) to [137, 162, 139]...
2026-04-27 14:46:15,241 - INFO - Resampling (333, 395, 222) to [137, 162, 139]...
2026-04-27 14:46:15,455 - INFO - Resampling (333, 395, 222) to [137, 162, 139]...
2026-04-27 14:46:15,481 - INFO - Resampling (333, 395, 222) to [137, 162, 139]...
2026-04-27 14:46:15,494 - INFO - Epoch 1 volume 5/649 loaded: patches=1 image_shape=(1, 1, 128, 128, 128) label_shape=(1, 128, 128, 128)
2026-04-27 14:46:15,494 - INFO - Epoch 1 volume 5/649 patch 1/1 training started
2026-04-27 14:46:15,605 - INFO - Epoch 1 volume 5/649 patch 1/1 done: loss=1.690834 avg_loss=1.692365 global_patch_step=5
2026-04-27 14:46:15,605 - INFO - Epoch 1 volume 6/649 loading
2026-04-27 14:46:15,813 - INFO - Resampling (315, 391, 209) to [136, 169, 131]...
2026-04-27 14:46:15,841 - INFO - Resampling (315, 391, 209) to [136, 169, 131]...
2026-04-27 14:46:16,050 - INFO - Resampling (315, 391, 209) to [136, 169, 131]...
2026-04-27 14:46:16,073 - INFO - Resampling (315, 391, 209) to [136, 169, 131]...
2026-04-27 14:46:16,090 - INFO - Epoch 1 volume 6/649 loaded: patches=1 image_shape=(1, 1, 128, 128, 128) label_shape=(1, 128, 128, 128)
2026-04-27 14:46:16,090 - INFO - Epoch 1 volume 6/649 patch 1/1 training started
2026-04-27 14:46:16,208 - INFO - Epoch 1 volume 6/649 patch 1/1 done: loss=1.687211 avg_loss=1.691506 global_patch_step=6
2026-04-27 14:46:16,209 - INFO - Epoch 1 volume 7/649 loading
2026-04-27 14:46:16,416 - INFO - Resampling (356, 439, 269) to [131, 162, 168]...
2026-04-27 14:46:16,462 - INFO - Resampling (356, 439, 269) to [131, 162, 168]...
2026-04-27 14:46:16,681 - INFO - Resampling (356, 439, 269) to [131, 162, 168]...
2026-04-27 14:46:16,728 - INFO - Resampling (356, 439, 269) to [131, 162, 168]...
2026-04-27 14:46:16,761 - INFO - Epoch 1 volume 7/649 loaded: patches=1 image_shape=(1, 1, 128, 128, 128) label_shape=(1, 128, 128, 128)
2026-04-27 14:46:16,761 - INFO - Epoch 1 volume 7/649 patch 1/1 training started
2026-04-27 14:46:16,877 - INFO - Epoch 1 volume 7/649 patch 1/1 done: loss=1.690232 avg_loss=1.691324 global_patch_step=7
2026-04-27 14:46:16,877 - INFO - Epoch 1 volume 8/649 loading
2026-04-27 14:46:17,218 - INFO - Resampling (340, 425, 296) to [136, 170, 185]...
2026-04-27 14:46:17,272 - INFO - Resampling (340, 425, 296) to [136, 170, 185]...
2026-04-27 14:46:17,636 - INFO - Resampling (340, 425, 296) to [136, 170, 185]...
2026-04-27 14:46:17,679 - INFO - Resampling (340, 425, 296) to [136, 170, 185]...
2026-04-27 14:46:17,701 - INFO - Epoch 1 volume 8/649 loaded: patches=1 image_shape=(1, 1, 128, 128, 128) label_shape=(1, 128, 128, 128)
2026-04-27 14:46:17,701 - INFO - Epoch 1 volume 8/649 patch 1/1 training started
2026-04-27 14:46:17,816 - INFO - Epoch 1 volume 8/649 patch 1/1 done: loss=1.689602 avg_loss=1.691109 global_patch_step=8
2026-04-27 14:46:17,816 - INFO - Epoch 1 volume 9/649 loading
2026-04-27 14:46:18,062 - INFO - Resampling (335, 409, 236) to [137, 168, 148]...
2026-04-27 14:46:18,087 - INFO - Resampling (335, 409, 236) to [137, 168, 148]...
2026-04-27 14:46:18,323 - INFO - Resampling (335, 409, 236) to [137, 168, 148]...
2026-04-27 14:46:18,347 - INFO - Resampling (335, 409, 236) to [137, 168, 148]...
2026-04-27 14:46:18,361 - INFO - Epoch 1 volume 9/649 loaded: patches=1 image_shape=(1, 1, 128, 128, 128) label_shape=(1, 128, 128, 128)
2026-04-27 14:46:18,361 - INFO - Epoch 1 volume 9/649 patch 1/1 training started
2026-04-27 14:46:18,466 - INFO - Epoch 1 volume 9/649 patch 1/1 done: loss=1.688093 avg_loss=1.690773 global_patch_step=9
2026-04-27 14:46:18,466 - INFO - Epoch 1 volume 10/649 loading
2026-04-27 14:46:18,695 - INFO - Resampling (344, 463, 271) to [150, 203, 169]...
2026-04-27 14:46:18,729 - INFO - Resampling (344, 463, 271) to [150, 203, 169]...
2026-04-27 14:46:18,964 - INFO - Resampling (344, 463, 271) to [150, 203, 169]...
2026-04-27 14:46:19,008 - INFO - Resampling (344, 463, 271) to [150, 203, 169]...
2026-04-27 14:46:19,046 - INFO - Epoch 1 volume 10/649 loaded: patches=1 image_shape=(1, 1, 128, 128, 128) label_shape=(1, 128, 128, 128)
2026-04-27 14:46:19,046 - INFO - Epoch 1 volume 10/649 patch 1/1 training started
2026-04-27 14:46:19,153 - INFO - Epoch 1 volume 10/649 patch 1/1 done: loss=1.690220 avg_loss=1.690718 global_patch_step=10
2026-04-27 14:46:19,155 - INFO - Epoch 1 volume 11/649 loading
2026-04-27 14:46:19,437 - INFO - Resampling (339, 412, 262) to [139, 169, 164]...
2026-04-27 14:46:19,471 - INFO - Resampling (339, 412, 262) to [139, 169, 164]...
2026-04-27 14:46:19,734 - INFO - Resampling (339, 412, 262) to [139, 169, 164]...
2026-04-27 14:46:19,759 - INFO - Resampling (339, 412, 262) to [139, 169, 164]...
2026-04-27 14:46:19,776 - INFO - Epoch 1 volume 11/649 loaded: patches=1 image_shape=(1, 1, 128, 128, 128) label_shape=(1, 128, 128, 128)
2026-04-27 14:46:19,776 - INFO - Epoch 1 volume 11/649 patch 1/1 training started
2026-04-27 14:46:19,881 - INFO - Epoch 1 volume 11/649 patch 1/1 done: loss=1.691179 avg_loss=1.690760 global_patch_step=11
2026-04-27 14:46:19,881 - INFO - Epoch 1 volume 12/649 loading
2026-04-27 14:46:20,104 - INFO - Resampling (366, 444, 286) to [150, 182, 179]...
2026-04-27 14:46:20,128 - INFO - Resampling (366, 444, 286) to [150, 182, 179]...
2026-04-27 14:46:20,349 - INFO - Resampling (366, 444, 286) to [150, 182, 179]...
2026-04-27 14:46:20,371 - INFO - Resampling (366, 444, 286) to [150, 182, 179]...
2026-04-27 14:46:20,391 - INFO - Epoch 1 volume 12/649 loaded: patches=1 image_shape=(1, 1, 128, 128, 128) label_shape=(1, 128, 128, 128)
2026-04-27 14:46:20,391 - INFO - Epoch 1 volume 12/649 patch 1/1 training started
2026-04-27 14:46:20,495 - INFO - Epoch 1 volume 12/649 patch 1/1 done: loss=1.691637 avg_loss=1.690833 global_patch_step=12
2026-04-27 14:46:20,496 - INFO - Epoch 1 volume 13/649 loading
2026-04-27 14:46:20,671 - INFO - Resampling (352, 418, 224) to [144, 171, 140]...
2026-04-27 14:46:20,686 - INFO - Resampling (352, 418, 224) to [144, 171, 140]...
2026-04-27 14:46:20,850 - INFO - Resampling (352, 418, 224) to [144, 171, 140]...
2026-04-27 14:46:20,866 - INFO - Resampling (352, 418, 224) to [144, 171, 140]...
2026-04-27 14:46:20,880 - INFO - Epoch 1 volume 13/649 loaded: patches=1 image_shape=(1, 1, 128, 128, 128) label_shape=(1, 128, 128, 128)
2026-04-27 14:46:20,880 - INFO - Epoch 1 volume 13/649 patch 1/1 training started
2026-04-27 14:46:20,988 - INFO - Epoch 1 volume 13/649 patch 1/1 done: loss=1.688903 avg_loss=1.690685 global_patch_step=13
2026-04-27 14:46:20,988 - INFO - Epoch 1 volume 14/649 loading
2026-04-27 14:46:21,423 - INFO - Resampling (363, 438, 333) to [149, 180, 208]...
2026-04-27 14:46:21,485 - INFO - Resampling (363, 438, 333) to [149, 180, 208]...
2026-04-27 14:46:21,844 - INFO - Resampling (363, 438, 333) to [149, 180, 208]...
2026-04-27 14:46:21,882 - INFO - Resampling (363, 438, 333) to [149, 180, 208]...
2026-04-27 14:46:21,905 - INFO - Epoch 1 volume 14/649 loaded: patches=1 image_shape=(1, 1, 128, 128, 128) label_shape=(1, 128, 128, 128)
2026-04-27 14:46:21,905 - INFO - Epoch 1 volume 14/649 patch 1/1 training started
2026-04-27 14:46:22,017 - INFO - Epoch 1 volume 14/649 patch 1/1 done: loss=1.687402 avg_loss=1.690450 global_patch_step=14
2026-04-27 14:46:22,017 - INFO - Epoch 1 volume 15/649 loading
2026-04-27 14:46:22,260 - INFO - Resampling (321, 381, 285) to [144, 171, 178]...
2026-04-27 14:46:22,287 - INFO - Resampling (321, 381, 285) to [144, 171, 178]...
2026-04-27 14:46:22,508 - INFO - Resampling (321, 381, 285) to [144, 171, 178]...
2026-04-27 14:46:22,537 - INFO - Resampling (321, 381, 285) to [144, 171, 178]...
2026-04-27 14:46:22,557 - INFO - Epoch 1 volume 15/649 loaded: patches=1 image_shape=(1, 1, 128, 128, 128) label_shape=(1, 128, 128, 128)
2026-04-27 14:46:22,557 - INFO - Epoch 1 volume 15/649 patch 1/1 training started
2026-04-27 14:46:22,664 - INFO - Epoch 1 volume 15/649 patch 1/1 done: loss=1.688532 avg_loss=1.690322 global_patch_step=15
2026-04-27 14:46:22,664 - INFO - Epoch 1 volume 16/649 loading
2026-04-27 14:46:22,947 - INFO - Resampling (354, 422, 283) to [145, 173, 177]...
2026-04-27 14:46:22,978 - INFO - Resampling (354, 422, 283) to [145, 173, 177]...
2026-04-27 14:46:47,819 - INFO - Configuration loaded from: /home/napbad/PycharmProjects/Gradulate/config/host.yaml
2026-04-27 14:46:47,819 - INFO - Model: unet
2026-04-27 14:46:47,819 - INFO - Device: cuda
2026-04-27 14:46:47,819 - INFO - Using device: cuda
2026-04-27 14:46:47,819 - INFO - Building model...
2026-04-27 14:46:47,924 - INFO - Model parameters: 5,734
2026-04-27 14:46:48,452 - INFO - Setting up datasets...
2026-04-27 14:46:48,479 - INFO - Training samples: 649
2026-04-27 14:46:48,480 - INFO - Validation samples: 649
2026-04-27 14:46:48,480 - INFO - Starting training...
2026-04-27 14:46:48,480 - INFO - Epoch 1 training started: total_volumes=649
2026-04-27 14:46:48,480 - INFO - Epoch 1 volume 1/649 loading
2026-04-27 14:46:48,678 - INFO - Resampling (322, 416, 219) to [132, 171, 137]...
2026-04-27 14:46:48,700 - INFO - Resampling (322, 416, 219) to [132, 171, 137]...
2026-04-27 14:46:48,908 - INFO - Resampling (322, 416, 219) to [132, 171, 137]...
2026-04-27 14:46:48,941 - INFO - Resampling (322, 416, 219) to [132, 171, 137]...
2026-04-27 14:46:48,959 - INFO - Epoch 1 volume 1/649 loaded: patches=1 image_shape=(1, 1, 128, 128, 128) label_shape=(1, 128, 128, 128)
2026-04-27 14:46:48,959 - INFO - Epoch 1 volume 1/649 patch 1/1 training started
2026-04-27 14:46:49,354 - INFO - Epoch 1 volume 1/649 patch 1/1 done: loss=1.689938 avg_loss=1.689938 global_patch_step=1
2026-04-27 14:46:49,424 - INFO - Saved sample prediction to checkpoints/predictions/epoch_0001_case_0000_prediction.nii.gz
2026-04-27 14:46:49,425 - INFO - Epoch 1 volume 2/649 loading
2026-04-27 14:46:49,594 - INFO - Resampling (326, 378, 268) to [140, 162, 134]...
2026-04-27 14:46:49,627 - INFO - Resampling (326, 378, 268) to [140, 162, 134]...
2026-04-27 14:46:49,798 - INFO - Resampling (326, 378, 268) to [140, 162, 134]...
2026-04-27 14:46:49,830 - INFO - Resampling (326, 378, 268) to [140, 162, 134]...
2026-04-27 14:46:49,850 - INFO - Epoch 1 volume 2/649 loaded: patches=1 image_shape=(1, 1, 128, 128, 128) label_shape=(1, 128, 128, 128)
2026-04-27 14:46:49,851 - INFO - Epoch 1 volume 2/649 patch 1/1 training started
2026-04-27 14:46:49,955 - INFO - Epoch 1 volume 2/649 patch 1/1 done: loss=1.695067 avg_loss=1.692503 global_patch_step=2
2026-04-27 14:46:49,955 - INFO - Epoch 1 volume 3/649 loading
2026-04-27 14:46:50,251 - INFO - Resampling (330, 403, 305) to [144, 176, 191]...
2026-04-27 14:46:50,301 - INFO - Resampling (330, 403, 305) to [144, 176, 191]...
2026-04-27 14:46:50,596 - INFO - Resampling (330, 403, 305) to [144, 176, 191]...
2026-04-27 14:46:50,649 - INFO - Resampling (330, 403, 305) to [144, 176, 191]...
2026-04-27 14:46:50,688 - INFO - Epoch 1 volume 3/649 loaded: patches=1 image_shape=(1, 1, 128, 128, 128) label_shape=(1, 128, 128, 128)
2026-04-27 14:46:50,688 - INFO - Epoch 1 volume 3/649 patch 1/1 training started
2026-04-27 14:46:50,793 - INFO - Epoch 1 volume 3/649 patch 1/1 done: loss=1.692516 avg_loss=1.692507 global_patch_step=3
2026-04-27 14:46:50,793 - INFO - Epoch 1 volume 4/649 loading
2026-04-27 14:46:51,008 - INFO - Resampling (350, 396, 316) to [151, 170, 158]...
2026-04-27 14:46:51,035 - INFO - Resampling (350, 396, 316) to [151, 170, 158]...
2026-04-27 14:46:51,234 - INFO - Resampling (350, 396, 316) to [151, 170, 158]...
2026-04-27 14:46:51,256 - INFO - Resampling (350, 396, 316) to [151, 170, 158]...
2026-04-27 14:46:51,274 - INFO - Epoch 1 volume 4/649 loaded: patches=1 image_shape=(1, 1, 128, 128, 128) label_shape=(1, 128, 128, 128)
2026-04-27 14:46:51,274 - INFO - Epoch 1 volume 4/649 patch 1/1 training started
2026-04-27 14:46:51,379 - INFO - Epoch 1 volume 4/649 patch 1/1 done: loss=1.693469 avg_loss=1.692748 global_patch_step=4
2026-04-27 14:46:51,380 - INFO - Epoch 1 volume 5/649 loading
2026-04-27 14:46:51,584 - INFO - Resampling (333, 395, 222) to [137, 162, 139]...
2026-04-27 14:46:51,604 - INFO - Resampling (333, 395, 222) to [137, 162, 139]...
2026-04-27 14:46:51,807 - INFO - Resampling (333, 395, 222) to [137, 162, 139]...
2026-04-27 14:46:51,829 - INFO - Resampling (333, 395, 222) to [137, 162, 139]...
2026-04-27 14:46:51,844 - INFO - Epoch 1 volume 5/649 loaded: patches=1 image_shape=(1, 1, 128, 128, 128) label_shape=(1, 128, 128, 128)
2026-04-27 14:46:51,845 - INFO - Epoch 1 volume 5/649 patch 1/1 training started
2026-04-27 14:46:51,952 - INFO - Epoch 1 volume 5/649 patch 1/1 done: loss=1.690834 avg_loss=1.692365 global_patch_step=5
2026-04-27 14:46:51,953 - INFO - Epoch 1 volume 6/649 loading
2026-04-27 14:46:52,125 - INFO - Resampling (315, 391, 209) to [136, 169, 131]...
2026-04-27 14:46:52,146 - INFO - Resampling (315, 391, 209) to [136, 169, 131]...
2026-04-27 14:46:52,343 - INFO - Resampling (315, 391, 209) to [136, 169, 131]...
2026-04-27 14:46:52,365 - INFO - Resampling (315, 391, 209) to [136, 169, 131]...
2026-04-27 14:46:52,378 - INFO - Epoch 1 volume 6/649 loaded: patches=1 image_shape=(1, 1, 128, 128, 128) label_shape=(1, 128, 128, 128)
2026-04-27 14:46:52,378 - INFO - Epoch 1 volume 6/649 patch 1/1 training started
2026-04-27 14:46:52,483 - INFO - Epoch 1 volume 6/649 patch 1/1 done: loss=1.687211 avg_loss=1.691506 global_patch_step=6
2026-04-27 14:46:52,483 - INFO - Epoch 1 volume 7/649 loading
2026-04-27 14:46:52,672 - INFO - Resampling (356, 439, 269) to [131, 162, 168]...
2026-04-27 14:46:52,698 - INFO - Resampling (356, 439, 269) to [131, 162, 168]...
2026-04-27 14:46:52,887 - INFO - Resampling (356, 439, 269) to [131, 162, 168]...
2026-04-27 14:46:52,915 - INFO - Resampling (356, 439, 269) to [131, 162, 168]...
2026-04-27 14:46:52,937 - INFO - Epoch 1 volume 7/649 loaded: patches=1 image_shape=(1, 1, 128, 128, 128) label_shape=(1, 128, 128, 128)
2026-04-27 14:46:52,937 - INFO - Epoch 1 volume 7/649 patch 1/1 training started
2026-04-27 14:46:53,055 - INFO - Epoch 1 volume 7/649 patch 1/1 done: loss=1.690232 avg_loss=1.691324 global_patch_step=7
2026-04-27 14:46:53,055 - INFO - Epoch 1 volume 8/649 loading
2026-04-27 14:46:53,365 - INFO - Resampling (340, 425, 296) to [136, 170, 185]...
2026-04-27 14:46:53,395 - INFO - Resampling (340, 425, 296) to [136, 170, 185]...
2026-04-27 14:46:53,684 - INFO - Resampling (340, 425, 296) to [136, 170, 185]...
2026-04-27 14:46:53,713 - INFO - Resampling (340, 425, 296) to [136, 170, 185]...
2026-04-27 14:46:53,730 - INFO - Epoch 1 volume 8/649 loaded: patches=1 image_shape=(1, 1, 128, 128, 128) label_shape=(1, 128, 128, 128)
2026-04-27 14:46:53,730 - INFO - Epoch 1 volume 8/649 patch 1/1 training started
2026-04-27 14:46:53,835 - INFO - Epoch 1 volume 8/649 patch 1/1 done: loss=1.689602 avg_loss=1.691109 global_patch_step=8
2026-04-27 14:46:53,835 - INFO - Epoch 1 volume 9/649 loading
2026-04-27 14:46:54,059 - INFO - Resampling (335, 409, 236) to [137, 168, 148]...
2026-04-27 14:46:54,082 - INFO - Resampling (335, 409, 236) to [137, 168, 148]...
2026-04-27 14:46:54,305 - INFO - Resampling (335, 409, 236) to [137, 168, 148]...
2026-04-27 14:46:54,327 - INFO - Resampling (335, 409, 236) to [137, 168, 148]...
2026-04-27 14:46:54,340 - INFO - Epoch 1 volume 9/649 loaded: patches=1 image_shape=(1, 1, 128, 128, 128) label_shape=(1, 128, 128, 128)
2026-04-27 14:46:54,340 - INFO - Epoch 1 volume 9/649 patch 1/1 training started
2026-04-27 14:46:54,447 - INFO - Epoch 1 volume 9/649 patch 1/1 done: loss=1.688093 avg_loss=1.690773 global_patch_step=9
2026-04-27 14:46:54,447 - INFO - Epoch 1 volume 10/649 loading
2026-04-27 14:46:54,642 - INFO - Resampling (344, 463, 271) to [150, 203, 169]...
2026-04-27 14:46:54,661 - INFO - Resampling (344, 463, 271) to [150, 203, 169]...
2026-04-27 14:46:54,861 - INFO - Resampling (344, 463, 271) to [150, 203, 169]...
2026-04-27 14:46:54,883 - INFO - Resampling (344, 463, 271) to [150, 203, 169]...
2026-04-27 14:46:54,904 - INFO - Epoch 1 volume 10/649 loaded: patches=1 image_shape=(1, 1, 128, 128, 128) label_shape=(1, 128, 128, 128)
2026-04-27 14:46:54,904 - INFO - Epoch 1 volume 10/649 patch 1/1 training started
2026-04-27 14:46:55,017 - INFO - Epoch 1 volume 10/649 patch 1/1 done: loss=1.690220 avg_loss=1.690718 global_patch_step=10
2026-04-27 14:46:55,017 - INFO - Epoch 1 volume 11/649 loading
2026-04-27 14:46:55,265 - INFO - Resampling (339, 412, 262) to [139, 169, 164]...
2026-04-27 14:46:55,290 - INFO - Resampling (339, 412, 262) to [139, 169, 164]...
2026-04-27 14:46:55,516 - INFO - Resampling (339, 412, 262) to [139, 169, 164]...
2026-04-27 14:46:55,543 - INFO - Resampling (339, 412, 262) to [139, 169, 164]...
2026-04-27 14:46:55,561 - INFO - Epoch 1 volume 11/649 loaded: patches=1 image_shape=(1, 1, 128, 128, 128) label_shape=(1, 128, 128, 128)
2026-04-27 14:46:55,561 - INFO - Epoch 1 volume 11/649 patch 1/1 training started
2026-04-27 14:46:55,668 - INFO - Epoch 1 volume 11/649 patch 1/1 done: loss=1.691179 avg_loss=1.690760 global_patch_step=11
2026-04-27 14:46:55,668 - INFO - Epoch 1 volume 12/649 loading
2026-04-27 14:46:55,871 - INFO - Resampling (366, 444, 286) to [150, 182, 179]...
2026-04-27 14:46:55,891 - INFO - Resampling (366, 444, 286) to [150, 182, 179]...
2026-04-27 14:46:56,104 - INFO - Resampling (366, 444, 286) to [150, 182, 179]...
2026-04-27 14:46:56,123 - INFO - Resampling (366, 444, 286) to [150, 182, 179]...
2026-04-27 14:46:56,144 - INFO - Epoch 1 volume 12/649 loaded: patches=1 image_shape=(1, 1, 128, 128, 128) label_shape=(1, 128, 128, 128)
2026-04-27 14:46:56,145 - INFO - Epoch 1 volume 12/649 patch 1/1 training started
2026-04-27 14:46:56,249 - INFO - Epoch 1 volume 12/649 patch 1/1 done: loss=1.691637 avg_loss=1.690833 global_patch_step=12
2026-04-27 14:46:56,249 - INFO - Epoch 1 volume 13/649 loading
2026-04-27 14:49:37,890 - INFO - Configuration loaded from: /home/napbad/PycharmProjects/Gradulate/config/host.yaml
2026-04-27 14:49:37,890 - INFO - Model: unet
2026-04-27 14:49:37,890 - INFO - Device: cuda
2026-04-27 14:49:37,890 - INFO - Using device: cuda
2026-04-27 14:49:37,890 - INFO - Building model...
2026-04-27 14:49:38,003 - INFO - Model parameters: 5,734
2026-04-27 14:49:38,536 - INFO - Setting up datasets...
2026-04-27 14:49:38,562 - INFO - Training samples: 649
2026-04-27 14:49:38,562 - INFO - Validation samples: 649
2026-04-27 14:49:38,563 - INFO - Starting training...
2026-04-27 14:49:38,563 - INFO - Epoch 1 training started: total_volumes=649
2026-04-27 14:49:38,563 - INFO - Epoch 1 volume 1/649 loading
2026-04-27 14:49:38,763 - INFO - Resampling (322, 416, 219) to [264, 341, 274]...
2026-04-27 14:49:38,923 - INFO - Resampling (322, 416, 219) to [264, 341, 274]...
2026-04-27 14:49:39,388 - INFO - Resampling (322, 416, 219) to [264, 341, 274]...
2026-04-27 14:49:39,664 - INFO - Resampling (322, 416, 219) to [264, 341, 274]...
2026-04-27 14:49:40,235 - INFO - Epoch 1 volume 1/649 loaded: patches=8 image_shape=(8, 1, 128, 128, 128) label_shape=(8, 128, 128, 128)
2026-04-27 14:49:40,235 - INFO - Epoch 1 volume 1/649 patch 1/8 training started
2026-04-27 14:49:40,606 - INFO - Epoch 1 volume 1/649 patch 1/8 done: loss=1.690530 avg_loss=1.690530 global_patch_step=1
2026-04-27 14:49:40,606 - INFO - Epoch 1 volume 1/649 patch 2/8 training started
2026-04-27 14:49:40,721 - INFO - Epoch 1 volume 1/649 patch 2/8 done: loss=1.688070 avg_loss=1.689300 global_patch_step=2
2026-04-27 14:49:40,721 - INFO - Epoch 1 volume 1/649 patch 3/8 training started
2026-04-27 14:49:40,831 - INFO - Epoch 1 volume 1/649 patch 3/8 done: loss=1.695357 avg_loss=1.691319 global_patch_step=3
2026-04-27 14:49:40,831 - INFO - Epoch 1 volume 1/649 patch 4/8 training started
2026-04-27 14:49:40,941 - INFO - Epoch 1 volume 1/649 patch 4/8 done: loss=1.694975 avg_loss=1.692233 global_patch_step=4
2026-04-27 14:49:40,941 - INFO - Epoch 1 volume 1/649 patch 5/8 training started
2026-04-27 14:49:41,050 - INFO - Epoch 1 volume 1/649 patch 5/8 done: loss=1.693587 avg_loss=1.692504 global_patch_step=5
2026-04-27 14:49:41,051 - INFO - Epoch 1 volume 1/649 patch 6/8 training started
2026-04-27 14:49:41,163 - INFO - Epoch 1 volume 1/649 patch 6/8 done: loss=1.695823 avg_loss=1.693057 global_patch_step=6
2026-04-27 14:49:41,163 - INFO - Epoch 1 volume 1/649 patch 7/8 training started
2026-04-27 14:49:41,271 - INFO - Epoch 1 volume 1/649 patch 7/8 done: loss=1.701102 avg_loss=1.694206 global_patch_step=7
2026-04-27 14:49:41,271 - INFO - Epoch 1 volume 1/649 patch 8/8 training started
2026-04-27 14:49:41,380 - INFO - Epoch 1 volume 1/649 patch 8/8 done: loss=1.701912 avg_loss=1.695169 global_patch_step=8
2026-04-27 14:49:41,867 - INFO - Saved sample prediction to checkpoints/predictions/epoch_0001_case_0000_prediction.nii.gz
2026-04-27 14:49:41,867 - INFO - Epoch 1 volume 2/649 loading
2026-04-27 14:49:42,031 - INFO - Resampling (326, 378, 268) to [280, 324, 268]...
2026-04-27 14:49:42,179 - INFO - Resampling (326, 378, 268) to [280, 324, 268]...
2026-04-27 14:49:42,458 - INFO - Resampling (326, 378, 268) to [280, 324, 268]...
2026-04-27 14:49:42,511 - INFO - Resampling (326, 378, 268) to [280, 324, 268]...
2026-04-27 14:49:42,808 - INFO - Epoch 1 volume 2/649 loaded: patches=8 image_shape=(8, 1, 128, 128, 128) label_shape=(8, 128, 128, 128)
2026-04-27 14:49:42,808 - INFO - Epoch 1 volume 2/649 patch 1/8 training started
2026-04-27 14:49:42,923 - INFO - Epoch 1 volume 2/649 patch 1/8 done: loss=1.693455 avg_loss=1.694979 global_patch_step=9
2026-04-27 14:49:42,923 - INFO - Epoch 1 volume 2/649 patch 2/8 training started
2026-04-27 14:49:43,040 - INFO - Epoch 1 volume 2/649 patch 2/8 done: loss=1.688236 avg_loss=1.694305 global_patch_step=10
2026-04-27 14:49:43,040 - INFO - Epoch 1 volume 2/649 patch 3/8 training started
2026-04-27 14:49:43,159 - INFO - Epoch 1 volume 2/649 patch 3/8 done: loss=1.695247 avg_loss=1.694390 global_patch_step=11
2026-04-27 14:49:43,159 - INFO - Epoch 1 volume 2/649 patch 4/8 training started
2026-04-27 14:49:43,275 - INFO - Epoch 1 volume 2/649 patch 4/8 done: loss=1.697053 avg_loss=1.694612 global_patch_step=12
2026-04-27 14:49:43,275 - INFO - Epoch 1 volume 2/649 patch 5/8 training started
2026-04-27 14:49:43,391 - INFO - Epoch 1 volume 2/649 patch 5/8 done: loss=1.692301 avg_loss=1.694435 global_patch_step=13
2026-04-27 14:49:43,392 - INFO - Epoch 1 volume 2/649 patch 6/8 training started
2026-04-27 14:49:43,499 - INFO - Epoch 1 volume 2/649 patch 6/8 done: loss=1.697054 avg_loss=1.694622 global_patch_step=14
2026-04-27 14:49:43,499 - INFO - Epoch 1 volume 2/649 patch 7/8 training started
2026-04-27 14:49:43,606 - INFO - Epoch 1 volume 2/649 patch 7/8 done: loss=1.699671 avg_loss=1.694958 global_patch_step=15
2026-04-27 14:49:43,606 - INFO - Epoch 1 volume 2/649 patch 8/8 training started
2026-04-27 14:49:43,715 - INFO - Epoch 1 volume 2/649 patch 8/8 done: loss=1.715387 avg_loss=1.696235 global_patch_step=16
2026-04-27 14:49:43,715 - INFO - Epoch 1 volume 3/649 loading
2026-04-27 14:49:43,989 - INFO - Resampling (330, 403, 305) to [289, 353, 381]...
2026-04-27 14:49:44,631 - INFO - Resampling (330, 403, 305) to [289, 353, 381]...
2026-04-27 14:49:45,524 - INFO - Resampling (330, 403, 305) to [289, 353, 381]...
2026-04-27 14:49:46,132 - INFO - Resampling (330, 403, 305) to [289, 353, 381]...
2026-04-27 14:50:31,272 - INFO - Configuration loaded from: /home/napbad/PycharmProjects/Gradulate/config/host.yaml
2026-04-27 14:50:31,273 - INFO - Model: unet
2026-04-27 14:50:31,273 - INFO - Device: cuda
2026-04-27 14:50:31,273 - INFO - Using device: cuda
2026-04-27 14:50:31,273 - INFO - Building model...
2026-04-27 14:50:31,385 - INFO - Model parameters: 5,734
2026-04-27 14:50:31,923 - INFO - Setting up datasets...
2026-04-27 14:50:31,951 - INFO - Training samples: 649
2026-04-27 14:50:31,951 - INFO - Validation samples: 649
2026-04-27 14:50:31,952 - INFO - Starting training...
2026-04-27 14:50:31,952 - INFO - Epoch 1 training started: total_volumes=649
2026-04-27 14:50:31,952 - INFO - Epoch 1 volume 1/649 loading
2026-04-27 14:50:32,111 - INFO - Resampling (322, 416, 219) to [264, 341, 274]...
2026-04-27 14:50:32,170 - INFO - Resampling (322, 416, 219) to [264, 341, 274]...
2026-04-27 14:50:32,391 - INFO - Resampling (322, 416, 219) to [264, 341, 274]...
2026-04-27 14:50:32,492 - INFO - Resampling (322, 416, 219) to [264, 341, 274]...
2026-04-27 14:50:32,821 - INFO - Epoch 1 volume 1/649 loaded: patches=8 image_shape=(8, 1, 128, 128, 128) label_shape=(8, 128, 128, 128)
2026-04-27 14:50:32,821 - INFO - Epoch 1 volume 1/649 patch 1/8 training started
2026-04-27 14:50:33,210 - INFO - Epoch 1 volume 1/649 patch 1/8 done: loss=1.690530 avg_loss=1.690530 global_patch_step=1
2026-04-27 14:50:33,210 - INFO - Epoch 1 volume 1/649 patch 2/8 training started
2026-04-27 14:50:33,325 - INFO - Epoch 1 volume 1/649 patch 2/8 done: loss=1.688070 avg_loss=1.689300 global_patch_step=2
2026-04-27 14:50:33,325 - INFO - Epoch 1 volume 1/649 patch 3/8 training started
2026-04-27 14:50:33,433 - INFO - Epoch 1 volume 1/649 patch 3/8 done: loss=1.695357 avg_loss=1.691319 global_patch_step=3
2026-04-27 14:50:33,433 - INFO - Epoch 1 volume 1/649 patch 4/8 training started
2026-04-27 14:50:33,545 - INFO - Epoch 1 volume 1/649 patch 4/8 done: loss=1.694975 avg_loss=1.692233 global_patch_step=4
2026-04-27 14:50:33,545 - INFO - Epoch 1 volume 1/649 patch 5/8 training started
2026-04-27 14:50:33,655 - INFO - Epoch 1 volume 1/649 patch 5/8 done: loss=1.693587 avg_loss=1.692504 global_patch_step=5
2026-04-27 14:50:33,655 - INFO - Epoch 1 volume 1/649 patch 6/8 training started
2026-04-27 14:50:33,765 - INFO - Epoch 1 volume 1/649 patch 6/8 done: loss=1.695823 avg_loss=1.693057 global_patch_step=6
2026-04-27 14:50:33,765 - INFO - Epoch 1 volume 1/649 patch 7/8 training started
2026-04-27 14:50:33,874 - INFO - Epoch 1 volume 1/649 patch 7/8 done: loss=1.701102 avg_loss=1.694206 global_patch_step=7
2026-04-27 14:50:33,874 - INFO - Epoch 1 volume 1/649 patch 8/8 training started
2026-04-27 14:50:33,984 - INFO - Epoch 1 volume 1/649 patch 8/8 done: loss=1.701912 avg_loss=1.695169 global_patch_step=8
2026-04-27 14:50:34,456 - INFO - Saved sample prediction to checkpoints/predictions/epoch_0001_case_0000_prediction.nii.gz
2026-04-27 14:50:34,456 - INFO - Epoch 1 volume 2/649 loading
2026-04-27 14:50:34,611 - INFO - Resampling (326, 378, 268) to [280, 324, 268]...
2026-04-27 14:50:34,728 - INFO - Resampling (326, 378, 268) to [280, 324, 268]...
2026-04-27 14:50:35,071 - INFO - Resampling (326, 378, 268) to [280, 324, 268]...
2026-04-27 14:50:35,113 - INFO - Resampling (326, 378, 268) to [280, 324, 268]...
2026-04-27 14:50:35,405 - INFO - Epoch 1 volume 2/649 loaded: patches=8 image_shape=(8, 1, 128, 128, 128) label_shape=(8, 128, 128, 128)
2026-04-27 14:50:35,405 - INFO - Epoch 1 volume 2/649 patch 1/8 training started
2026-04-27 14:50:35,515 - INFO - Epoch 1 volume 2/649 patch 1/8 done: loss=1.693455 avg_loss=1.694979 global_patch_step=9
2026-04-27 14:50:35,515 - INFO - Epoch 1 volume 2/649 patch 2/8 training started
2026-04-27 14:50:35,624 - INFO - Epoch 1 volume 2/649 patch 2/8 done: loss=1.688236 avg_loss=1.694305 global_patch_step=10
2026-04-27 14:50:35,624 - INFO - Epoch 1 volume 2/649 patch 3/8 training started
2026-04-27 14:50:35,741 - INFO - Epoch 1 volume 2/649 patch 3/8 done: loss=1.695247 avg_loss=1.694390 global_patch_step=11
2026-04-27 14:50:35,742 - INFO - Epoch 1 volume 2/649 patch 4/8 training started
2026-04-27 14:50:35,861 - INFO - Epoch 1 volume 2/649 patch 4/8 done: loss=1.697053 avg_loss=1.694612 global_patch_step=12
2026-04-27 14:50:35,861 - INFO - Epoch 1 volume 2/649 patch 5/8 training started
2026-04-27 14:50:35,977 - INFO - Epoch 1 volume 2/649 patch 5/8 done: loss=1.692301 avg_loss=1.694435 global_patch_step=13
2026-04-27 14:50:35,978 - INFO - Epoch 1 volume 2/649 patch 6/8 training started
2026-04-27 14:50:36,087 - INFO - Epoch 1 volume 2/649 patch 6/8 done: loss=1.697054 avg_loss=1.694622 global_patch_step=14
2026-04-27 14:50:36,087 - INFO - Epoch 1 volume 2/649 patch 7/8 training started
2026-04-27 14:50:36,205 - INFO - Epoch 1 volume 2/649 patch 7/8 done: loss=1.699671 avg_loss=1.694958 global_patch_step=15
2026-04-27 14:50:36,206 - INFO - Epoch 1 volume 2/649 patch 8/8 training started
2026-04-27 14:50:36,324 - INFO - Epoch 1 volume 2/649 patch 8/8 done: loss=1.715387 avg_loss=1.696235 global_patch_step=16
2026-04-27 14:50:36,324 - INFO - Epoch 1 volume 3/649 loading
2026-04-27 14:50:36,579 - INFO - Resampling (330, 403, 305) to [289, 353, 381]...
2026-04-27 14:50:36,876 - INFO - Resampling (330, 403, 305) to [289, 353, 381]...
2026-04-27 14:50:37,442 - INFO - Resampling (330, 403, 305) to [289, 353, 381]...
2026-04-27 14:50:38,138 - INFO - Resampling (330, 403, 305) to [289, 353, 381]...
2026-04-27 14:50:40,125 - INFO - Epoch 1 volume 3/649 loaded: patches=8 image_shape=(8, 1, 128, 128, 128) label_shape=(8, 128, 128, 128)
2026-04-27 14:50:40,126 - INFO - Epoch 1 volume 3/649 patch 1/8 training started
2026-04-27 14:50:40,244 - INFO - Epoch 1 volume 3/649 patch 1/8 done: loss=1.694678 avg_loss=1.696143 global_patch_step=17
2026-04-27 14:50:40,244 - INFO - Epoch 1 volume 3/649 patch 2/8 training started
2026-04-27 14:50:40,357 - INFO - Epoch 1 volume 3/649 patch 2/8 done: loss=1.694304 avg_loss=1.696041 global_patch_step=18
2026-04-27 14:50:40,357 - INFO - Epoch 1 volume 3/649 patch 3/8 training started
2026-04-27 14:50:40,464 - INFO - Epoch 1 volume 3/649 patch 3/8 done: loss=1.700701 avg_loss=1.696287 global_patch_step=19
2026-04-27 14:50:40,464 - INFO - Epoch 1 volume 3/649 patch 4/8 training started
2026-04-27 14:50:40,571 - INFO - Epoch 1 volume 3/649 patch 4/8 done: loss=1.688085 avg_loss=1.695876 global_patch_step=20
2026-04-27 14:50:40,571 - INFO - Epoch 1 volume 3/649 patch 5/8 training started
2026-04-27 14:50:40,681 - INFO - Epoch 1 volume 3/649 patch 5/8 done: loss=1.687703 avg_loss=1.695487 global_patch_step=21
2026-04-27 14:50:40,681 - INFO - Epoch 1 volume 3/649 patch 6/8 training started
2026-04-27 14:50:40,786 - INFO - Epoch 1 volume 3/649 patch 6/8 done: loss=1.686100 avg_loss=1.695061 global_patch_step=22
2026-04-27 14:50:40,786 - INFO - Epoch 1 volume 3/649 patch 7/8 training started
2026-04-27 14:50:40,895 - INFO - Epoch 1 volume 3/649 patch 7/8 done: loss=1.691976 avg_loss=1.694926 global_patch_step=23
2026-04-27 14:50:40,895 - INFO - Epoch 1 volume 3/649 patch 8/8 training started
2026-04-27 14:50:41,000 - INFO - Epoch 1 volume 3/649 patch 8/8 done: loss=1.701333 avg_loss=1.695193 global_patch_step=24
2026-04-27 14:50:41,001 - INFO - Epoch 1 volume 4/649 loading
2026-04-27 14:50:41,190 - INFO - Resampling (350, 396, 316) to [301, 341, 316]...
2026-04-27 14:50:41,524 - INFO - Resampling (350, 396, 316) to [301, 341, 316]...
2026-04-27 14:50:41,989 - INFO - Resampling (350, 396, 316) to [301, 341, 316]...
2026-04-27 14:50:42,060 - INFO - Resampling (350, 396, 316) to [301, 341, 316]...
2026-04-27 14:50:42,622 - INFO - Epoch 1 volume 4/649 loaded: patches=8 image_shape=(8, 1, 128, 128, 128) label_shape=(8, 128, 128, 128)
2026-04-27 14:50:42,622 - INFO - Epoch 1 volume 4/649 patch 1/8 training started
2026-04-27 14:50:42,728 - INFO - Epoch 1 volume 4/649 patch 1/8 done: loss=1.690058 avg_loss=1.694988 global_patch_step=25
2026-04-27 14:50:42,728 - INFO - Epoch 1 volume 4/649 patch 2/8 training started
2026-04-27 14:50:42,833 - INFO - Epoch 1 volume 4/649 patch 2/8 done: loss=1.686154 avg_loss=1.694648 global_patch_step=26
2026-04-27 14:50:42,834 - INFO - Epoch 1 volume 4/649 patch 3/8 training started
2026-04-27 14:50:42,943 - INFO - Epoch 1 volume 4/649 patch 3/8 done: loss=1.691107 avg_loss=1.694517 global_patch_step=27
2026-04-27 14:50:42,943 - INFO - Epoch 1 volume 4/649 patch 4/8 training started
2026-04-27 14:50:43,049 - INFO - Epoch 1 volume 4/649 patch 4/8 done: loss=1.689549 avg_loss=1.694340 global_patch_step=28
2026-04-27 14:50:43,049 - INFO - Epoch 1 volume 4/649 patch 5/8 training started
2026-04-27 14:50:43,160 - INFO - Epoch 1 volume 4/649 patch 5/8 done: loss=1.687098 avg_loss=1.694090 global_patch_step=29
2026-04-27 14:50:43,160 - INFO - Epoch 1 volume 4/649 patch 6/8 training started
2026-04-27 14:50:43,265 - INFO - Epoch 1 volume 4/649 patch 6/8 done: loss=1.692855 avg_loss=1.694049 global_patch_step=30
2026-04-27 14:50:43,265 - INFO - Epoch 1 volume 4/649 patch 7/8 training started
2026-04-27 14:50:43,373 - INFO - Epoch 1 volume 4/649 patch 7/8 done: loss=1.698710 avg_loss=1.694199 global_patch_step=31
2026-04-27 14:50:43,373 - INFO - Epoch 1 volume 4/649 patch 8/8 training started
2026-04-27 14:50:43,479 - INFO - Epoch 1 volume 4/649 patch 8/8 done: loss=1.700528 avg_loss=1.694397 global_patch_step=32
2026-04-27 14:50:43,479 - INFO - Epoch 1 volume 5/649 loading
2026-04-27 14:50:43,719 - INFO - Resampling (333, 395, 222) to [273, 324, 278]...
2026-04-27 14:50:43,935 - INFO - Resampling (333, 395, 222) to [273, 324, 278]...
2026-04-27 14:50:44,340 - INFO - Resampling (333, 395, 222) to [273, 324, 278]...
2026-04-27 14:50:44,588 - INFO - Resampling (333, 395, 222) to [273, 324, 278]...
2026-04-27 14:50:45,005 - INFO - Epoch 1 volume 5/649 loaded: patches=8 image_shape=(8, 1, 128, 128, 128) label_shape=(8, 128, 128, 128)
2026-04-27 14:50:45,005 - INFO - Epoch 1 volume 5/649 patch 1/8 training started
2026-04-27 14:50:45,113 - INFO - Epoch 1 volume 5/649 patch 1/8 done: loss=1.686319 avg_loss=1.694152 global_patch_step=33
2026-04-27 14:50:45,113 - INFO - Epoch 1 volume 5/649 patch 2/8 training started
2026-04-27 14:50:45,217 - INFO - Epoch 1 volume 5/649 patch 2/8 done: loss=1.682001 avg_loss=1.693795 global_patch_step=34
2026-04-27 14:50:45,218 - INFO - Epoch 1 volume 5/649 patch 3/8 training started
2026-04-27 14:50:45,323 - INFO - Epoch 1 volume 5/649 patch 3/8 done: loss=1.687998 avg_loss=1.693629 global_patch_step=35
2026-04-27 14:50:45,323 - INFO - Epoch 1 volume 5/649 patch 4/8 training started
2026-04-27 14:50:45,428 - INFO - Epoch 1 volume 5/649 patch 4/8 done: loss=1.688347 avg_loss=1.693482 global_patch_step=36
2026-04-27 14:50:45,428 - INFO - Epoch 1 volume 5/649 patch 5/8 training started
2026-04-27 14:50:45,534 - INFO - Epoch 1 volume 5/649 patch 5/8 done: loss=1.684069 avg_loss=1.693228 global_patch_step=37
2026-04-27 14:50:45,535 - INFO - Epoch 1 volume 5/649 patch 6/8 training started
2026-04-27 14:50:45,646 - INFO - Epoch 1 volume 5/649 patch 6/8 done: loss=1.683259 avg_loss=1.692966 global_patch_step=38
2026-04-27 14:50:45,646 - INFO - Epoch 1 volume 5/649 patch 7/8 training started
2026-04-27 14:50:45,751 - INFO - Epoch 1 volume 5/649 patch 7/8 done: loss=1.690796 avg_loss=1.692910 global_patch_step=39
2026-04-27 14:50:45,751 - INFO - Epoch 1 volume 5/649 patch 8/8 training started
2026-04-27 14:50:45,857 - INFO - Epoch 1 volume 5/649 patch 8/8 done: loss=1.702623 avg_loss=1.693153 global_patch_step=40
2026-04-27 14:50:45,857 - INFO - Epoch 1 volume 6/649 loading
2026-04-27 14:50:46,004 - INFO - Resampling (315, 391, 209) to [272, 338, 261]...
2026-04-27 14:50:46,163 - INFO - Resampling (315, 391, 209) to [272, 338, 261]...
2026-04-27 14:50:46,496 - INFO - Resampling (315, 391, 209) to [272, 338, 261]...
2026-04-27 14:50:46,693 - INFO - Resampling (315, 391, 209) to [272, 338, 261]...
2026-04-27 14:50:47,048 - INFO - Epoch 1 volume 6/649 loaded: patches=8 image_shape=(8, 1, 128, 128, 128) label_shape=(8, 128, 128, 128)
2026-04-27 14:50:47,048 - INFO - Epoch 1 volume 6/649 patch 1/8 training started
2026-04-27 14:50:47,171 - INFO - Epoch 1 volume 6/649 patch 1/8 done: loss=1.679507 avg_loss=1.692820 global_patch_step=41
2026-04-27 14:50:47,172 - INFO - Epoch 1 volume 6/649 patch 2/8 training started
2026-04-27 14:50:47,287 - INFO - Epoch 1 volume 6/649 patch 2/8 done: loss=1.675930 avg_loss=1.692418 global_patch_step=42
2026-04-27 14:50:47,287 - INFO - Epoch 1 volume 6/649 patch 3/8 training started
2026-04-27 14:50:47,395 - INFO - Epoch 1 volume 6/649 patch 3/8 done: loss=1.679854 avg_loss=1.692126 global_patch_step=43
2026-04-27 14:50:47,395 - INFO - Epoch 1 volume 6/649 patch 4/8 training started
2026-04-27 14:50:47,511 - INFO - Epoch 1 volume 6/649 patch 4/8 done: loss=1.683134 avg_loss=1.691921 global_patch_step=44
2026-04-27 14:50:47,511 - INFO - Epoch 1 volume 6/649 patch 5/8 training started
2026-04-27 14:50:47,629 - INFO - Epoch 1 volume 6/649 patch 5/8 done: loss=1.679294 avg_loss=1.691641 global_patch_step=45
2026-04-27 14:50:47,629 - INFO - Epoch 1 volume 6/649 patch 6/8 training started
2026-04-27 14:50:47,737 - INFO - Epoch 1 volume 6/649 patch 6/8 done: loss=1.677794 avg_loss=1.691340 global_patch_step=46
2026-04-27 14:50:47,737 - INFO - Epoch 1 volume 6/649 patch 7/8 training started
2026-04-27 14:50:47,851 - INFO - Epoch 1 volume 6/649 patch 7/8 done: loss=1.683287 avg_loss=1.691168 global_patch_step=47
2026-04-27 14:50:47,851 - INFO - Epoch 1 volume 6/649 patch 8/8 training started
2026-04-27 14:50:47,957 - INFO - Epoch 1 volume 6/649 patch 8/8 done: loss=1.688676 avg_loss=1.691116 global_patch_step=48
2026-04-27 14:50:47,957 - INFO - Epoch 1 volume 7/649 loading
2026-04-27 14:50:48,137 - INFO - Resampling (356, 439, 269) to [263, 324, 336]...
2026-04-27 14:50:48,260 - INFO - Resampling (356, 439, 269) to [263, 324, 336]...
2026-04-27 14:50:48,676 - INFO - Resampling (356, 439, 269) to [263, 324, 336]...
2026-04-27 14:50:48,812 - INFO - Resampling (356, 439, 269) to [263, 324, 336]...
2026-04-27 14:50:49,320 - INFO - Epoch 1 volume 7/649 loaded: patches=8 image_shape=(8, 1, 128, 128, 128) label_shape=(8, 128, 128, 128)
2026-04-27 14:50:49,321 - INFO - Epoch 1 volume 7/649 patch 1/8 training started
2026-04-27 14:50:49,437 - INFO - Epoch 1 volume 7/649 patch 1/8 done: loss=1.681820 avg_loss=1.690927 global_patch_step=49
2026-04-27 14:50:49,438 - INFO - Epoch 1 volume 7/649 patch 2/8 training started
2026-04-27 14:50:49,552 - INFO - Epoch 1 volume 7/649 patch 2/8 done: loss=1.680987 avg_loss=1.690728 global_patch_step=50
2026-04-27 14:50:49,552 - INFO - Epoch 1 volume 7/649 patch 3/8 training started
2026-04-27 14:50:49,672 - INFO - Epoch 1 volume 7/649 patch 3/8 done: loss=1.684083 avg_loss=1.690598 global_patch_step=51
2026-04-27 14:50:49,672 - INFO - Epoch 1 volume 7/649 patch 4/8 training started
2026-04-27 14:50:49,784 - INFO - Epoch 1 volume 7/649 patch 4/8 done: loss=1.679465 avg_loss=1.690384 global_patch_step=52
2026-04-27 14:50:49,784 - INFO - Epoch 1 volume 7/649 patch 5/8 training started
2026-04-27 14:50:49,889 - INFO - Epoch 1 volume 7/649 patch 5/8 done: loss=1.680177 avg_loss=1.690191 global_patch_step=53
2026-04-27 14:50:49,889 - INFO - Epoch 1 volume 7/649 patch 6/8 training started
2026-04-27 14:50:49,999 - INFO - Epoch 1 volume 7/649 patch 6/8 done: loss=1.677592 avg_loss=1.689958 global_patch_step=54
2026-04-27 14:50:49,999 - INFO - Epoch 1 volume 7/649 patch 7/8 training started
2026-04-27 14:50:50,117 - INFO - Epoch 1 volume 7/649 patch 7/8 done: loss=1.689450 avg_loss=1.689948 global_patch_step=55
2026-04-27 14:50:50,117 - INFO - Epoch 1 volume 7/649 patch 8/8 training started
2026-04-27 14:50:50,227 - INFO - Epoch 1 volume 7/649 patch 8/8 done: loss=1.690489 avg_loss=1.689958 global_patch_step=56
2026-04-27 14:50:50,227 - INFO - Epoch 1 volume 8/649 loading
2026-04-27 14:50:50,556 - INFO - Resampling (340, 425, 296) to [272, 340, 370]...
2026-04-27 14:50:51,254 - INFO - Resampling (340, 425, 296) to [272, 340, 370]...
2026-04-27 14:50:52,790 - INFO - Resampling (340, 425, 296) to [272, 340, 370]...
2026-04-27 14:50:53,215 - INFO - Resampling (340, 425, 296) to [272, 340, 370]...
2026-04-27 14:50:54,018 - INFO - Epoch 1 volume 8/649 loaded: patches=8 image_shape=(8, 1, 128, 128, 128) label_shape=(8, 128, 128, 128)
2026-04-27 14:50:54,018 - INFO - Epoch 1 volume 8/649 patch 1/8 training started
2026-04-27 14:50:54,134 - INFO - Epoch 1 volume 8/649 patch 1/8 done: loss=1.677529 avg_loss=1.689740 global_patch_step=57
2026-04-27 14:50:54,134 - INFO - Epoch 1 volume 8/649 patch 2/8 training started
2026-04-27 14:50:54,241 - INFO - Epoch 1 volume 8/649 patch 2/8 done: loss=1.676196 avg_loss=1.689506 global_patch_step=58
2026-04-27 14:50:54,241 - INFO - Epoch 1 volume 8/649 patch 3/8 training started
2026-04-27 14:50:54,349 - INFO - Epoch 1 volume 8/649 patch 3/8 done: loss=1.683575 avg_loss=1.689406 global_patch_step=59
2026-04-27 14:50:54,349 - INFO - Epoch 1 volume 8/649 patch 4/8 training started
2026-04-27 14:50:54,453 - INFO - Epoch 1 volume 8/649 patch 4/8 done: loss=1.678278 avg_loss=1.689220 global_patch_step=60
2026-04-27 14:50:54,454 - INFO - Epoch 1 volume 8/649 patch 5/8 training started
2026-04-27 14:50:54,562 - INFO - Epoch 1 volume 8/649 patch 5/8 done: loss=1.675027 avg_loss=1.688988 global_patch_step=61
2026-04-27 14:50:54,562 - INFO - Epoch 1 volume 8/649 patch 6/8 training started
2026-04-27 14:50:54,674 - INFO - Epoch 1 volume 8/649 patch 6/8 done: loss=1.672471 avg_loss=1.688721 global_patch_step=62
2026-04-27 14:50:54,675 - INFO - Epoch 1 volume 8/649 patch 7/8 training started
2026-04-27 14:50:54,782 - INFO - Epoch 1 volume 8/649 patch 7/8 done: loss=1.679373 avg_loss=1.688573 global_patch_step=63
2026-04-27 14:50:54,783 - INFO - Epoch 1 volume 8/649 patch 8/8 training started
2026-04-27 14:50:54,889 - INFO - Epoch 1 volume 8/649 patch 8/8 done: loss=1.687205 avg_loss=1.688552 global_patch_step=64
2026-04-27 14:50:54,889 - INFO - Epoch 1 volume 9/649 loading
2026-04-27 14:50:55,093 - INFO - Resampling (335, 409, 236) to [275, 336, 295]...
2026-04-27 14:50:55,154 - INFO - Resampling (335, 409, 236) to [275, 336, 295]...
2026-04-27 14:50:55,639 - INFO - Resampling (335, 409, 236) to [275, 336, 295]...
2026-04-27 14:50:55,801 - INFO - Resampling (335, 409, 236) to [275, 336, 295]...
2026-04-27 14:50:56,480 - INFO - Epoch 1 volume 9/649 loaded: patches=8 image_shape=(8, 1, 128, 128, 128) label_shape=(8, 128, 128, 128)
2026-04-27 14:50:56,480 - INFO - Epoch 1 volume 9/649 patch 1/8 training started
2026-04-27 14:50:56,586 - INFO - Epoch 1 volume 9/649 patch 1/8 done: loss=1.676590 avg_loss=1.688368 global_patch_step=65
2026-04-27 14:50:56,586 - INFO - Epoch 1 volume 9/649 patch 2/8 training started
2026-04-27 14:50:56,696 - INFO - Epoch 1 volume 9/649 patch 2/8 done: loss=1.672978 avg_loss=1.688134 global_patch_step=66
2026-04-27 14:50:56,696 - INFO - Epoch 1 volume 9/649 patch 3/8 training started
2026-04-27 14:50:56,808 - INFO - Epoch 1 volume 9/649 patch 3/8 done: loss=1.676881 avg_loss=1.687967 global_patch_step=67
2026-04-27 14:50:56,808 - INFO - Epoch 1 volume 9/649 patch 4/8 training started
2026-04-27 14:50:56,918 - INFO - Epoch 1 volume 9/649 patch 4/8 done: loss=1.677523 avg_loss=1.687813 global_patch_step=68
2026-04-27 14:50:56,918 - INFO - Epoch 1 volume 9/649 patch 5/8 training started
2026-04-27 14:50:57,028 - INFO - Epoch 1 volume 9/649 patch 5/8 done: loss=1.671605 avg_loss=1.687578 global_patch_step=69
2026-04-27 14:50:57,028 - INFO - Epoch 1 volume 9/649 patch 6/8 training started
2026-04-27 14:50:57,139 - INFO - Epoch 1 volume 9/649 patch 6/8 done: loss=1.670621 avg_loss=1.687336 global_patch_step=70
2026-04-27 14:50:57,139 - INFO - Epoch 1 volume 9/649 patch 7/8 training started
2026-04-27 14:50:57,251 - INFO - Epoch 1 volume 9/649 patch 7/8 done: loss=1.679964 avg_loss=1.687232 global_patch_step=71
2026-04-27 14:50:57,251 - INFO - Epoch 1 volume 9/649 patch 8/8 training started
2026-04-27 14:50:57,357 - INFO - Epoch 1 volume 9/649 patch 8/8 done: loss=1.697001 avg_loss=1.687368 global_patch_step=72
2026-04-27 14:50:57,357 - INFO - Epoch 1 volume 10/649 loading
2026-04-27 14:50:57,579 - INFO - Resampling (344, 463, 271) to [301, 405, 339]...
2026-04-27 14:50:57,904 - INFO - Resampling (344, 463, 271) to [301, 405, 339]...
2026-04-27 14:50:58,689 - INFO - Resampling (344, 463, 271) to [301, 405, 339]...
2026-04-27 14:50:58,769 - INFO - Resampling (344, 463, 271) to [301, 405, 339]...
2026-04-27 14:50:59,440 - INFO - Epoch 1 volume 10/649 loaded: patches=12 image_shape=(12, 1, 128, 128, 128) label_shape=(12, 128, 128, 128)
2026-04-27 14:50:59,440 - INFO - Epoch 1 volume 10/649 patch 1/12 training started
2026-04-27 14:50:59,553 - INFO - Epoch 1 volume 10/649 patch 1/12 done: loss=1.671306 avg_loss=1.687148 global_patch_step=73
2026-04-27 14:50:59,553 - INFO - Epoch 1 volume 10/649 patch 2/12 training started
2026-04-27 14:50:59,672 - INFO - Epoch 1 volume 10/649 patch 2/12 done: loss=1.672150 avg_loss=1.686945 global_patch_step=74
2026-04-27 14:50:59,672 - INFO - Epoch 1 volume 10/649 patch 3/12 training started
2026-04-27 14:50:59,783 - INFO - Epoch 1 volume 10/649 patch 3/12 done: loss=1.677598 avg_loss=1.686820 global_patch_step=75
2026-04-27 14:50:59,784 - INFO - Epoch 1 volume 10/649 patch 4/12 training started
2026-04-27 14:50:59,889 - INFO - Epoch 1 volume 10/649 patch 4/12 done: loss=1.675685 avg_loss=1.686674 global_patch_step=76
2026-04-27 14:50:59,889 - INFO - Epoch 1 volume 10/649 patch 5/12 training started
2026-04-27 14:50:59,998 - INFO - Epoch 1 volume 10/649 patch 5/12 done: loss=1.673335 avg_loss=1.686501 global_patch_step=77
2026-04-27 14:50:59,998 - INFO - Epoch 1 volume 10/649 patch 6/12 training started
2026-04-27 14:51:00,105 - INFO - Epoch 1 volume 10/649 patch 6/12 done: loss=1.669571 avg_loss=1.686284 global_patch_step=78
2026-04-27 14:51:00,105 - INFO - Epoch 1 volume 10/649 patch 7/12 training started
2026-04-27 14:51:00,214 - INFO - Epoch 1 volume 10/649 patch 7/12 done: loss=1.672997 avg_loss=1.686115 global_patch_step=79
2026-04-27 14:51:00,214 - INFO - Epoch 1 volume 10/649 patch 8/12 training started
2026-04-27 14:51:00,320 - INFO - Epoch 1 volume 10/649 patch 8/12 done: loss=1.670338 avg_loss=1.685918 global_patch_step=80
2026-04-27 14:51:00,320 - INFO - Epoch 1 volume 10/649 patch 9/12 training started
2026-04-27 14:51:00,428 - INFO - Epoch 1 volume 10/649 patch 9/12 done: loss=1.674229 avg_loss=1.685774 global_patch_step=81
2026-04-27 14:51:00,428 - INFO - Epoch 1 volume 10/649 patch 10/12 training started
2026-04-27 14:51:00,533 - INFO - Epoch 1 volume 10/649 patch 10/12 done: loss=1.683743 avg_loss=1.685749 global_patch_step=82
2026-04-27 14:51:00,534 - INFO - Epoch 1 volume 10/649 patch 11/12 training started
2026-04-27 14:51:00,645 - INFO - Epoch 1 volume 10/649 patch 11/12 done: loss=1.672246 avg_loss=1.685586 global_patch_step=83
2026-04-27 14:51:00,645 - INFO - Epoch 1 volume 10/649 patch 12/12 training started
2026-04-27 14:51:00,753 - INFO - Epoch 1 volume 10/649 patch 12/12 done: loss=1.688781 avg_loss=1.685624 global_patch_step=84
2026-04-27 14:51:00,753 - INFO - Epoch 1 volume 11/649 loading
2026-04-27 14:51:00,945 - INFO - Resampling (339, 412, 262) to [278, 338, 328]...
2026-04-27 14:51:01,015 - INFO - Resampling (339, 412, 262) to [278, 338, 328]...
2026-04-27 14:51:01,457 - INFO - Resampling (339, 412, 262) to [278, 338, 328]...
2026-04-27 14:51:01,522 - INFO - Resampling (339, 412, 262) to [278, 338, 328]...
2026-04-27 14:51:01,880 - INFO - Epoch 1 volume 11/649 loaded: patches=8 image_shape=(8, 1, 128, 128, 128) label_shape=(8, 128, 128, 128)
2026-04-27 14:51:01,881 - INFO - Epoch 1 volume 11/649 patch 1/8 training started
2026-04-27 14:51:01,989 - INFO - Epoch 1 volume 11/649 patch 1/8 done: loss=1.672438 avg_loss=1.685469 global_patch_step=85
2026-04-27 14:51:01,990 - INFO - Epoch 1 volume 11/649 patch 2/8 training started
2026-04-27 14:51:02,098 - INFO - Epoch 1 volume 11/649 patch 2/8 done: loss=1.670282 avg_loss=1.685293 global_patch_step=86
2026-04-27 14:51:02,098 - INFO - Epoch 1 volume 11/649 patch 3/8 training started
2026-04-27 14:51:02,212 - INFO - Epoch 1 volume 11/649 patch 3/8 done: loss=1.673494 avg_loss=1.685157 global_patch_step=87
2026-04-27 14:51:02,212 - INFO - Epoch 1 volume 11/649 patch 4/8 training started
2026-04-27 14:51:02,318 - INFO - Epoch 1 volume 11/649 patch 4/8 done: loss=1.669440 avg_loss=1.684978 global_patch_step=88
2026-04-27 14:51:02,318 - INFO - Epoch 1 volume 11/649 patch 5/8 training started
2026-04-27 14:51:02,426 - INFO - Epoch 1 volume 11/649 patch 5/8 done: loss=1.670061 avg_loss=1.684811 global_patch_step=89
2026-04-27 14:51:02,426 - INFO - Epoch 1 volume 11/649 patch 6/8 training started
2026-04-27 14:51:02,531 - INFO - Epoch 1 volume 11/649 patch 6/8 done: loss=1.669446 avg_loss=1.684640 global_patch_step=90
2026-04-27 14:51:02,531 - INFO - Epoch 1 volume 11/649 patch 7/8 training started
2026-04-27 14:51:02,643 - INFO - Epoch 1 volume 11/649 patch 7/8 done: loss=1.676762 avg_loss=1.684554 global_patch_step=91
2026-04-27 14:51:02,643 - INFO - Epoch 1 volume 11/649 patch 8/8 training started
2026-04-27 14:51:02,752 - INFO - Epoch 1 volume 11/649 patch 8/8 done: loss=1.687572 avg_loss=1.684586 global_patch_step=92
2026-04-27 14:51:02,752 - INFO - Epoch 1 volume 12/649 loading
2026-04-27 14:51:02,978 - INFO - Resampling (366, 444, 286) to [300, 364, 358]...
2026-04-27 14:51:03,053 - INFO - Resampling (366, 444, 286) to [300, 364, 358]...
2026-04-27 14:51:03,410 - INFO - Resampling (366, 444, 286) to [300, 364, 358]...
2026-04-27 14:51:03,480 - INFO - Resampling (366, 444, 286) to [300, 364, 358]...
2026-04-27 14:51:04,038 - INFO - Epoch 1 volume 12/649 loaded: patches=8 image_shape=(8, 1, 128, 128, 128) label_shape=(8, 128, 128, 128)
2026-04-27 14:51:04,038 - INFO - Epoch 1 volume 12/649 patch 1/8 training started
2026-04-27 14:51:04,147 - INFO - Epoch 1 volume 12/649 patch 1/8 done: loss=1.667811 avg_loss=1.684406 global_patch_step=93
2026-04-27 14:51:04,147 - INFO - Epoch 1 volume 12/649 patch 2/8 training started
2026-04-27 14:51:04,252 - INFO - Epoch 1 volume 12/649 patch 2/8 done: loss=1.667740 avg_loss=1.684229 global_patch_step=94
2026-04-27 14:51:04,252 - INFO - Epoch 1 volume 12/649 patch 3/8 training started
2026-04-27 14:51:04,361 - INFO - Epoch 1 volume 12/649 patch 3/8 done: loss=1.671785 avg_loss=1.684098 global_patch_step=95
2026-04-27 14:51:04,361 - INFO - Epoch 1 volume 12/649 patch 4/8 training started
2026-04-27 14:51:04,466 - INFO - Epoch 1 volume 12/649 patch 4/8 done: loss=1.668937 avg_loss=1.683940 global_patch_step=96
2026-04-27 14:51:04,466 - INFO - Epoch 1 volume 12/649 patch 5/8 training started
2026-04-27 14:51:04,574 - INFO - Epoch 1 volume 12/649 patch 5/8 done: loss=1.668709 avg_loss=1.683783 global_patch_step=97
2026-04-27 14:51:04,575 - INFO - Epoch 1 volume 12/649 patch 6/8 training started
2026-04-27 14:51:04,682 - INFO - Epoch 1 volume 12/649 patch 6/8 done: loss=1.666825 avg_loss=1.683610 global_patch_step=98
2026-04-27 14:51:04,682 - INFO - Epoch 1 volume 12/649 patch 7/8 training started
2026-04-27 14:51:04,792 - INFO - Epoch 1 volume 12/649 patch 7/8 done: loss=1.670672 avg_loss=1.683479 global_patch_step=99
2026-04-27 14:51:04,792 - INFO - Epoch 1 volume 12/649 patch 8/8 training started
2026-04-27 14:51:04,896 - INFO - Epoch 1 volume 12/649 patch 8/8 done: loss=1.675247 avg_loss=1.683397 global_patch_step=100
2026-04-27 14:51:04,897 - INFO - Epoch 1 volume 13/649 loading
2026-04-27 14:51:05,056 - INFO - Resampling (352, 418, 224) to [289, 343, 280]...
2026-04-27 14:51:05,108 - INFO - Resampling (352, 418, 224) to [289, 343, 280]...
2026-04-27 14:51:05,303 - INFO - Resampling (352, 418, 224) to [289, 343, 280]...
2026-04-27 14:51:05,355 - INFO - Resampling (352, 418, 224) to [289, 343, 280]...
2026-04-27 14:51:05,647 - INFO - Epoch 1 volume 13/649 loaded: patches=8 image_shape=(8, 1, 128, 128, 128) label_shape=(8, 128, 128, 128)
2026-04-27 14:51:05,647 - INFO - Epoch 1 volume 13/649 patch 1/8 training started
2026-04-27 14:51:05,755 - INFO - Epoch 1 volume 13/649 patch 1/8 done: loss=1.664363 avg_loss=1.683208 global_patch_step=101
2026-04-27 14:51:05,755 - INFO - Epoch 1 volume 13/649 patch 2/8 training started
2026-04-27 14:51:05,860 - INFO - Epoch 1 volume 13/649 patch 2/8 done: loss=1.663964 avg_loss=1.683020 global_patch_step=102
2026-04-27 14:51:05,860 - INFO - Epoch 1 volume 13/649 patch 3/8 training started
2026-04-27 14:51:05,968 - INFO - Epoch 1 volume 13/649 patch 3/8 done: loss=1.663657 avg_loss=1.682832 global_patch_step=103
2026-04-27 14:51:05,968 - INFO - Epoch 1 volume 13/649 patch 4/8 training started
2026-04-27 14:51:06,073 - INFO - Epoch 1 volume 13/649 patch 4/8 done: loss=1.666387 avg_loss=1.682673 global_patch_step=104
2026-04-27 14:51:06,073 - INFO - Epoch 1 volume 13/649 patch 5/8 training started
2026-04-27 14:51:06,183 - INFO - Epoch 1 volume 13/649 patch 5/8 done: loss=1.660696 avg_loss=1.682464 global_patch_step=105
2026-04-27 14:51:06,183 - INFO - Epoch 1 volume 13/649 patch 6/8 training started
2026-04-27 14:51:06,288 - INFO - Epoch 1 volume 13/649 patch 6/8 done: loss=1.664315 avg_loss=1.682293 global_patch_step=106
2026-04-27 14:51:06,288 - INFO - Epoch 1 volume 13/649 patch 7/8 training started
2026-04-27 14:51:06,396 - INFO - Epoch 1 volume 13/649 patch 7/8 done: loss=1.670054 avg_loss=1.682179 global_patch_step=107
2026-04-27 14:51:06,396 - INFO - Epoch 1 volume 13/649 patch 8/8 training started
2026-04-27 14:51:06,501 - INFO - Epoch 1 volume 13/649 patch 8/8 done: loss=1.685289 avg_loss=1.682207 global_patch_step=108
2026-04-27 14:51:06,501 - INFO - Epoch 1 volume 14/649 loading
2026-04-27 14:51:06,794 - INFO - Resampling (363, 438, 333) to [298, 359, 416]...
2026-04-27 14:51:07,015 - INFO - Resampling (363, 438, 333) to [298, 359, 416]...
2026-04-27 14:51:07,591 - INFO - Resampling (363, 438, 333) to [298, 359, 416]...
2026-04-27 14:51:07,946 - INFO - Resampling (363, 438, 333) to [298, 359, 416]...
2026-04-27 14:51:08,479 - INFO - Epoch 1 volume 14/649 loaded: patches=12 image_shape=(12, 1, 128, 128, 128) label_shape=(12, 128, 128, 128)
2026-04-27 14:51:08,479 - INFO - Epoch 1 volume 14/649 patch 1/12 training started
2026-04-27 14:51:08,593 - INFO - Epoch 1 volume 14/649 patch 1/12 done: loss=1.663150 avg_loss=1.682033 global_patch_step=109
2026-04-27 14:51:08,593 - INFO - Epoch 1 volume 14/649 patch 2/12 training started
2026-04-27 14:51:08,710 - INFO - Epoch 1 volume 14/649 patch 2/12 done: loss=1.662984 avg_loss=1.681859 global_patch_step=110
2026-04-27 14:51:08,710 - INFO - Epoch 1 volume 14/649 patch 3/12 training started
2026-04-27 14:51:08,818 - INFO - Epoch 1 volume 14/649 patch 3/12 done: loss=1.665675 avg_loss=1.681714 global_patch_step=111
2026-04-27 14:51:08,819 - INFO - Epoch 1 volume 14/649 patch 4/12 training started
2026-04-27 14:51:08,923 - INFO - Epoch 1 volume 14/649 patch 4/12 done: loss=1.661658 avg_loss=1.681534 global_patch_step=112
2026-04-27 14:51:08,924 - INFO - Epoch 1 volume 14/649 patch 5/12 training started
2026-04-27 14:51:09,028 - INFO - Epoch 1 volume 14/649 patch 5/12 done: loss=1.661586 avg_loss=1.681358 global_patch_step=113
2026-04-27 14:51:09,028 - INFO - Epoch 1 volume 14/649 patch 6/12 training started
2026-04-27 14:51:09,136 - INFO - Epoch 1 volume 14/649 patch 6/12 done: loss=1.659171 avg_loss=1.681163 global_patch_step=114
2026-04-27 14:51:09,136 - INFO - Epoch 1 volume 14/649 patch 7/12 training started
2026-04-27 14:51:09,246 - INFO - Epoch 1 volume 14/649 patch 7/12 done: loss=1.662126 avg_loss=1.680998 global_patch_step=115
2026-04-27 14:51:09,246 - INFO - Epoch 1 volume 14/649 patch 8/12 training started
2026-04-27 14:51:09,353 - INFO - Epoch 1 volume 14/649 patch 8/12 done: loss=1.663282 avg_loss=1.680845 global_patch_step=116
2026-04-27 14:51:09,353 - INFO - Epoch 1 volume 14/649 patch 9/12 training started
2026-04-27 14:51:09,465 - INFO - Epoch 1 volume 14/649 patch 9/12 done: loss=1.659913 avg_loss=1.680666 global_patch_step=117
2026-04-27 14:51:09,465 - INFO - Epoch 1 volume 14/649 patch 10/12 training started
2026-04-27 14:51:09,572 - INFO - Epoch 1 volume 14/649 patch 10/12 done: loss=1.660938 avg_loss=1.680499 global_patch_step=118
2026-04-27 14:51:09,573 - INFO - Epoch 1 volume 14/649 patch 11/12 training started
2026-04-27 14:51:09,684 - INFO - Epoch 1 volume 14/649 patch 11/12 done: loss=1.661250 avg_loss=1.680337 global_patch_step=119
2026-04-27 14:51:09,684 - INFO - Epoch 1 volume 14/649 patch 12/12 training started
2026-04-27 14:51:09,793 - INFO - Epoch 1 volume 14/649 patch 12/12 done: loss=1.674683 avg_loss=1.680290 global_patch_step=120
2026-04-27 14:51:09,794 - INFO - Epoch 1 volume 15/649 loading
2026-04-27 14:51:10,031 - INFO - Resampling (321, 381, 285) to [288, 342, 356]...
2026-04-27 14:51:10,134 - INFO - Resampling (321, 381, 285) to [288, 342, 356]...
2026-04-27 14:51:10,592 - INFO - Resampling (321, 381, 285) to [288, 342, 356]...
2026-04-27 14:51:10,692 - INFO - Resampling (321, 381, 285) to [288, 342, 356]...
2026-04-27 14:51:10,975 - INFO - Epoch 1 volume 15/649 loaded: patches=8 image_shape=(8, 1, 128, 128, 128) label_shape=(8, 128, 128, 128)
2026-04-27 14:51:10,976 - INFO - Epoch 1 volume 15/649 patch 1/8 training started
2026-04-27 14:51:11,081 - INFO - Epoch 1 volume 15/649 patch 1/8 done: loss=1.659009 avg_loss=1.680114 global_patch_step=121
2026-04-27 14:51:11,081 - INFO - Epoch 1 volume 15/649 patch 2/8 training started
2026-04-27 14:51:11,188 - INFO - Epoch 1 volume 15/649 patch 2/8 done: loss=1.658257 avg_loss=1.679935 global_patch_step=122
2026-04-27 14:51:11,188 - INFO - Epoch 1 volume 15/649 patch 3/8 training started
2026-04-27 14:51:11,296 - INFO - Epoch 1 volume 15/649 patch 3/8 done: loss=1.664031 avg_loss=1.679806 global_patch_step=123
2026-04-27 14:51:11,296 - INFO - Epoch 1 volume 15/649 patch 4/8 training started
2026-04-27 14:51:11,401 - INFO - Epoch 1 volume 15/649 patch 4/8 done: loss=1.658605 avg_loss=1.679635 global_patch_step=124
2026-04-27 14:51:11,402 - INFO - Epoch 1 volume 15/649 patch 5/8 training started
2026-04-27 14:51:11,510 - INFO - Epoch 1 volume 15/649 patch 5/8 done: loss=1.657166 avg_loss=1.679455 global_patch_step=125
2026-04-27 14:51:11,510 - INFO - Epoch 1 volume 15/649 patch 6/8 training started
2026-04-27 14:51:11,618 - INFO - Epoch 1 volume 15/649 patch 6/8 done: loss=1.656874 avg_loss=1.679276 global_patch_step=126
2026-04-27 14:51:11,619 - INFO - Epoch 1 volume 15/649 patch 7/8 training started
2026-04-27 14:51:11,726 - INFO - Epoch 1 volume 15/649 patch 7/8 done: loss=1.660667 avg_loss=1.679129 global_patch_step=127
2026-04-27 14:51:11,726 - INFO - Epoch 1 volume 15/649 patch 8/8 training started
2026-04-27 14:51:11,837 - INFO - Epoch 1 volume 15/649 patch 8/8 done: loss=1.666700 avg_loss=1.679032 global_patch_step=128
2026-04-27 14:51:11,837 - INFO - Epoch 1 volume 16/649 loading
2026-04-27 14:51:12,190 - INFO - Resampling (354, 422, 283) to [290, 346, 354]...
2026-04-27 14:51:12,264 - INFO - Resampling (354, 422, 283) to [290, 346, 354]...
2026-04-27 14:51:12,692 - INFO - Resampling (354, 422, 283) to [290, 346, 354]...
2026-04-27 14:51:12,765 - INFO - Resampling (354, 422, 283) to [290, 346, 354]...
2026-04-27 14:51:13,121 - INFO - Epoch 1 volume 16/649 loaded: patches=8 image_shape=(8, 1, 128, 128, 128) label_shape=(8, 128, 128, 128)
2026-04-27 14:51:13,121 - INFO - Epoch 1 volume 16/649 patch 1/8 training started
2026-04-27 14:51:13,227 - INFO - Epoch 1 volume 16/649 patch 1/8 done: loss=1.656046 avg_loss=1.678854 global_patch_step=129
2026-04-27 14:51:13,227 - INFO - Epoch 1 volume 16/649 patch 2/8 training started
2026-04-27 14:51:13,332 - INFO - Epoch 1 volume 16/649 patch 2/8 done: loss=1.655177 avg_loss=1.678672 global_patch_step=130
2026-04-27 14:51:13,332 - INFO - Epoch 1 volume 16/649 patch 3/8 training started
2026-04-27 14:51:13,440 - INFO - Epoch 1 volume 16/649 patch 3/8 done: loss=1.657150 avg_loss=1.678508 global_patch_step=131
2026-04-27 14:51:13,441 - INFO - Epoch 1 volume 16/649 patch 4/8 training started
2026-04-27 14:51:13,545 - INFO - Epoch 1 volume 16/649 patch 4/8 done: loss=1.655017 avg_loss=1.678330 global_patch_step=132
2026-04-27 14:51:13,546 - INFO - Epoch 1 volume 16/649 patch 5/8 training started
2026-04-27 14:51:13,656 - INFO - Epoch 1 volume 16/649 patch 5/8 done: loss=1.655726 avg_loss=1.678160 global_patch_step=133
2026-04-27 14:51:13,656 - INFO - Epoch 1 volume 16/649 patch 6/8 training started
2026-04-27 14:51:13,765 - INFO - Epoch 1 volume 16/649 patch 6/8 done: loss=1.654754 avg_loss=1.677985 global_patch_step=134
2026-04-27 14:51:13,765 - INFO - Epoch 1 volume 16/649 patch 7/8 training started
2026-04-27 14:51:13,875 - INFO - Epoch 1 volume 16/649 patch 7/8 done: loss=1.653019 avg_loss=1.677800 global_patch_step=135
2026-04-27 14:51:13,875 - INFO - Epoch 1 volume 16/649 patch 8/8 training started
2026-04-27 14:51:13,979 - INFO - Epoch 1 volume 16/649 patch 8/8 done: loss=1.662767 avg_loss=1.677690 global_patch_step=136
2026-04-27 14:51:13,979 - INFO - Epoch 1 volume 17/649 loading
2026-04-27 14:51:14,223 - INFO - Resampling (328, 411, 300) to [282, 353, 300]...
2026-04-27 14:51:14,274 - INFO - Resampling (328, 411, 300) to [282, 353, 300]...
2026-04-27 14:51:14,528 - INFO - Resampling (328, 411, 300) to [282, 353, 300]...
2026-04-27 14:51:14,579 - INFO - Resampling (328, 411, 300) to [282, 353, 300]...
2026-04-27 14:51:14,746 - INFO - Epoch 1 volume 17/649 loaded: patches=8 image_shape=(8, 1, 128, 128, 128) label_shape=(8, 128, 128, 128)
2026-04-27 14:51:14,746 - INFO - Epoch 1 volume 17/649 patch 1/8 training started
2026-04-27 14:51:14,857 - INFO - Epoch 1 volume 17/649 patch 1/8 done: loss=1.654177 avg_loss=1.677518 global_patch_step=137
2026-04-27 14:51:14,857 - INFO - Epoch 1 volume 17/649 patch 2/8 training started
2026-04-27 14:51:14,963 - INFO - Epoch 1 volume 17/649 patch 2/8 done: loss=1.653026 avg_loss=1.677340 global_patch_step=138
2026-04-27 14:51:14,963 - INFO - Epoch 1 volume 17/649 patch 3/8 training started
2026-04-27 14:51:15,071 - INFO - Epoch 1 volume 17/649 patch 3/8 done: loss=1.652703 avg_loss=1.677163 global_patch_step=139
2026-04-27 14:51:15,071 - INFO - Epoch 1 volume 17/649 patch 4/8 training started
2026-04-27 14:51:15,178 - INFO - Epoch 1 volume 17/649 patch 4/8 done: loss=1.651534 avg_loss=1.676980 global_patch_step=140
2026-04-27 14:51:15,179 - INFO - Epoch 1 volume 17/649 patch 5/8 training started
2026-04-27 14:51:15,287 - INFO - Epoch 1 volume 17/649 patch 5/8 done: loss=1.648554 avg_loss=1.676779 global_patch_step=141
2026-04-27 14:51:15,287 - INFO - Epoch 1 volume 17/649 patch 6/8 training started
2026-04-27 14:51:15,393 - INFO - Epoch 1 volume 17/649 patch 6/8 done: loss=1.649795 avg_loss=1.676588 global_patch_step=142
2026-04-27 14:51:15,393 - INFO - Epoch 1 volume 17/649 patch 7/8 training started
2026-04-27 14:51:15,501 - INFO - Epoch 1 volume 17/649 patch 7/8 done: loss=1.649384 avg_loss=1.676398 global_patch_step=143
2026-04-27 14:51:15,501 - INFO - Epoch 1 volume 17/649 patch 8/8 training started
2026-04-27 14:51:15,607 - INFO - Epoch 1 volume 17/649 patch 8/8 done: loss=1.663326 avg_loss=1.676307 global_patch_step=144
2026-04-27 14:51:15,607 - INFO - Epoch 1 volume 18/649 loading
2026-04-27 14:51:15,771 - INFO - Resampling (324, 348, 232) to [300, 322, 290]...
2026-04-27 14:51:15,829 - INFO - Resampling (324, 348, 232) to [300, 322, 290]...
2026-04-27 14:51:16,021 - INFO - Resampling (324, 348, 232) to [300, 322, 290]...
2026-04-27 14:51:16,080 - INFO - Resampling (324, 348, 232) to [300, 322, 290]...
2026-04-27 14:51:16,232 - INFO - Epoch 1 volume 18/649 loaded: patches=8 image_shape=(8, 1, 128, 128, 128) label_shape=(8, 128, 128, 128)
2026-04-27 14:51:16,232 - INFO - Epoch 1 volume 18/649 patch 1/8 training started
2026-04-27 14:51:16,341 - INFO - Epoch 1 volume 18/649 patch 1/8 done: loss=1.651379 avg_loss=1.676136 global_patch_step=145
2026-04-27 14:51:16,341 - INFO - Epoch 1 volume 18/649 patch 2/8 training started
2026-04-27 14:51:16,511 - INFO - Epoch 1 volume 18/649 patch 2/8 done: loss=1.652030 avg_loss=1.675970 global_patch_step=146
2026-04-27 14:51:16,511 - INFO - Epoch 1 volume 18/649 patch 3/8 training started
2026-04-27 14:51:16,620 - INFO - Epoch 1 volume 18/649 patch 3/8 done: loss=1.648730 avg_loss=1.675785 global_patch_step=147
2026-04-27 14:51:16,621 - INFO - Epoch 1 volume 18/649 patch 4/8 training started
2026-04-27 14:51:16,726 - INFO - Epoch 1 volume 18/649 patch 4/8 done: loss=1.647522 avg_loss=1.675594 global_patch_step=148
2026-04-27 14:51:16,726 - INFO - Epoch 1 volume 18/649 patch 5/8 training started
2026-04-27 14:51:16,838 - INFO - Epoch 1 volume 18/649 patch 5/8 done: loss=1.648033 avg_loss=1.675409 global_patch_step=149
2026-04-27 14:51:16,838 - INFO - Epoch 1 volume 18/649 patch 6/8 training started
2026-04-27 14:51:16,949 - INFO - Epoch 1 volume 18/649 patch 6/8 done: loss=1.648237 avg_loss=1.675228 global_patch_step=150
2026-04-27 14:51:16,949 - INFO - Epoch 1 volume 18/649 patch 7/8 training started
2026-04-27 14:51:17,053 - INFO - Epoch 1 volume 18/649 patch 7/8 done: loss=1.647922 avg_loss=1.675047 global_patch_step=151
2026-04-27 14:51:17,054 - INFO - Epoch 1 volume 18/649 patch 8/8 training started
2026-04-27 14:51:17,167 - INFO - Epoch 1 volume 18/649 patch 8/8 done: loss=1.669182 avg_loss=1.675009 global_patch_step=152
2026-04-27 14:51:17,167 - INFO - Epoch 1 volume 19/649 loading
2026-04-27 14:51:17,318 - INFO - Resampling (318, 409, 277) to [273, 352, 277]...
2026-04-27 14:51:17,398 - INFO - Resampling (318, 409, 277) to [273, 352, 277]...
2026-04-27 14:51:17,604 - INFO - Resampling (318, 409, 277) to [273, 352, 277]...
2026-04-27 14:51:17,673 - INFO - Resampling (318, 409, 277) to [273, 352, 277]...
2026-04-27 14:51:17,850 - INFO - Epoch 1 volume 19/649 loaded: patches=8 image_shape=(8, 1, 128, 128, 128) label_shape=(8, 128, 128, 128)
2026-04-27 14:51:17,850 - INFO - Epoch 1 volume 19/649 patch 1/8 training started
2026-04-27 14:51:17,956 - INFO - Epoch 1 volume 19/649 patch 1/8 done: loss=1.648733 avg_loss=1.674837 global_patch_step=153
2026-04-27 14:51:17,956 - INFO - Epoch 1 volume 19/649 patch 2/8 training started
2026-04-27 14:51:18,061 - INFO - Epoch 1 volume 19/649 patch 2/8 done: loss=1.649545 avg_loss=1.674673 global_patch_step=154
2026-04-27 14:51:18,061 - INFO - Epoch 1 volume 19/649 patch 3/8 training started
2026-04-27 14:51:18,173 - INFO - Epoch 1 volume 19/649 patch 3/8 done: loss=1.647063 avg_loss=1.674495 global_patch_step=155
2026-04-27 14:51:18,173 - INFO - Epoch 1 volume 19/649 patch 4/8 training started
2026-04-27 14:51:18,291 - INFO - Epoch 1 volume 19/649 patch 4/8 done: loss=1.647148 avg_loss=1.674319 global_patch_step=156
2026-04-27 14:51:18,291 - INFO - Epoch 1 volume 19/649 patch 5/8 training started
2026-04-27 14:51:18,417 - INFO - Epoch 1 volume 19/649 patch 5/8 done: loss=1.645377 avg_loss=1.674135 global_patch_step=157
2026-04-27 14:51:18,417 - INFO - Epoch 1 volume 19/649 patch 6/8 training started
2026-04-27 14:51:18,533 - INFO - Epoch 1 volume 19/649 patch 6/8 done: loss=1.646238 avg_loss=1.673958 global_patch_step=158
2026-04-27 14:51:18,534 - INFO - Epoch 1 volume 19/649 patch 7/8 training started
2026-04-27 14:51:18,650 - INFO - Epoch 1 volume 19/649 patch 7/8 done: loss=1.644073 avg_loss=1.673770 global_patch_step=159
2026-04-27 14:51:18,650 - INFO - Epoch 1 volume 19/649 patch 8/8 training started
2026-04-27 14:51:18,758 - INFO - Epoch 1 volume 19/649 patch 8/8 done: loss=1.651028 avg_loss=1.673628 global_patch_step=160
2026-04-27 14:51:18,759 - INFO - Epoch 1 volume 20/649 loading
2026-04-27 14:51:18,949 - INFO - Resampling (338, 406, 261) to [290, 348, 261]...
2026-04-27 14:51:19,025 - INFO - Resampling (338, 406, 261) to [290, 348, 261]...
2026-04-27 14:51:19,228 - INFO - Resampling (338, 406, 261) to [290, 348, 261]...
2026-04-27 14:51:19,305 - INFO - Resampling (338, 406, 261) to [290, 348, 261]...
2026-04-27 14:51:19,488 - INFO - Epoch 1 volume 20/649 loaded: patches=8 image_shape=(8, 1, 128, 128, 128) label_shape=(8, 128, 128, 128)
2026-04-27 14:51:19,488 - INFO - Epoch 1 volume 20/649 patch 1/8 training started
2026-04-27 14:51:19,594 - INFO - Epoch 1 volume 20/649 patch 1/8 done: loss=1.649715 avg_loss=1.673480 global_patch_step=161
2026-04-27 14:51:19,594 - INFO - Epoch 1 volume 20/649 patch 2/8 training started
2026-04-27 14:51:19,702 - INFO - Epoch 1 volume 20/649 patch 2/8 done: loss=1.648545 avg_loss=1.673326 global_patch_step=162
2026-04-27 14:51:19,703 - INFO - Epoch 1 volume 20/649 patch 3/8 training started
2026-04-27 14:51:19,812 - INFO - Epoch 1 volume 20/649 patch 3/8 done: loss=1.645954 avg_loss=1.673158 global_patch_step=163
2026-04-27 14:51:19,812 - INFO - Epoch 1 volume 20/649 patch 4/8 training started
2026-04-27 14:51:19,918 - INFO - Epoch 1 volume 20/649 patch 4/8 done: loss=1.644902 avg_loss=1.672986 global_patch_step=164
2026-04-27 14:51:19,918 - INFO - Epoch 1 volume 20/649 patch 5/8 training started
2026-04-27 14:51:20,028 - INFO - Epoch 1 volume 20/649 patch 5/8 done: loss=1.644589 avg_loss=1.672813 global_patch_step=165
2026-04-27 14:51:20,028 - INFO - Epoch 1 volume 20/649 patch 6/8 training started
2026-04-27 14:51:20,138 - INFO - Epoch 1 volume 20/649 patch 6/8 done: loss=1.644267 avg_loss=1.672641 global_patch_step=166
2026-04-27 14:51:20,138 - INFO - Epoch 1 volume 20/649 patch 7/8 training started
2026-04-27 14:51:20,243 - INFO - Epoch 1 volume 20/649 patch 7/8 done: loss=1.643825 avg_loss=1.672469 global_patch_step=167
2026-04-27 14:51:20,244 - INFO - Epoch 1 volume 20/649 patch 8/8 training started
2026-04-27 14:51:20,349 - INFO - Epoch 1 volume 20/649 patch 8/8 done: loss=1.648632 avg_loss=1.672327 global_patch_step=168
2026-04-27 14:51:20,349 - INFO - Epoch 1 volume 21/649 loading
2026-04-27 14:51:20,522 - INFO - Resampling (353, 434, 282) to [266, 327, 282]...
2026-04-27 14:51:20,609 - INFO - Resampling (353, 434, 282) to [266, 327, 282]...
2026-04-27 14:51:20,836 - INFO - Resampling (353, 434, 282) to [266, 327, 282]...
2026-04-27 14:51:20,914 - INFO - Resampling (353, 434, 282) to [266, 327, 282]...
2026-04-27 14:51:21,111 - INFO - Epoch 1 volume 21/649 loaded: patches=8 image_shape=(8, 1, 128, 128, 128) label_shape=(8, 128, 128, 128)
2026-04-27 14:51:21,111 - INFO - Epoch 1 volume 21/649 patch 1/8 training started
2026-04-27 14:51:21,229 - INFO - Epoch 1 volume 21/649 patch 1/8 done: loss=1.645447 avg_loss=1.672168 global_patch_step=169
2026-04-27 14:51:21,229 - INFO - Epoch 1 volume 21/649 patch 2/8 training started
2026-04-27 14:51:21,343 - INFO - Epoch 1 volume 21/649 patch 2/8 done: loss=1.644514 avg_loss=1.672005 global_patch_step=170
2026-04-27 14:51:21,343 - INFO - Epoch 1 volume 21/649 patch 3/8 training started
2026-04-27 14:51:21,457 - INFO - Epoch 1 volume 21/649 patch 3/8 done: loss=1.645080 avg_loss=1.671848 global_patch_step=171
2026-04-27 14:51:21,458 - INFO - Epoch 1 volume 21/649 patch 4/8 training started
2026-04-27 14:51:21,567 - INFO - Epoch 1 volume 21/649 patch 4/8 done: loss=1.644111 avg_loss=1.671687 global_patch_step=172
2026-04-27 14:51:21,567 - INFO - Epoch 1 volume 21/649 patch 5/8 training started
2026-04-27 14:51:21,689 - INFO - Epoch 1 volume 21/649 patch 5/8 done: loss=1.641757 avg_loss=1.671514 global_patch_step=173
2026-04-27 14:51:21,689 - INFO - Epoch 1 volume 21/649 patch 6/8 training started
2026-04-27 14:51:21,816 - INFO - Epoch 1 volume 21/649 patch 6/8 done: loss=1.641988 avg_loss=1.671344 global_patch_step=174
2026-04-27 14:51:21,816 - INFO - Epoch 1 volume 21/649 patch 7/8 training started
2026-04-27 14:51:21,937 - INFO - Epoch 1 volume 21/649 patch 7/8 done: loss=1.641424 avg_loss=1.671173 global_patch_step=175
2026-04-27 14:51:21,937 - INFO - Epoch 1 volume 21/649 patch 8/8 training started
2026-04-27 14:51:22,052 - INFO - Epoch 1 volume 21/649 patch 8/8 done: loss=1.648153 avg_loss=1.671042 global_patch_step=176
2026-04-27 14:51:22,052 - INFO - Epoch 1 volume 22/649 loading
2026-04-27 14:51:22,207 - INFO - Resampling (336, 398, 221) to [289, 342, 276]...
2026-04-27 14:51:22,268 - INFO - Resampling (336, 398, 221) to [289, 342, 276]...
2026-04-27 14:51:22,466 - INFO - Resampling (336, 398, 221) to [289, 342, 276]...
2026-04-27 14:51:22,523 - INFO - Resampling (336, 398, 221) to [289, 342, 276]...
2026-04-27 14:51:22,699 - INFO - Epoch 1 volume 22/649 loaded: patches=8 image_shape=(8, 1, 128, 128, 128) label_shape=(8, 128, 128, 128)
2026-04-27 14:51:22,699 - INFO - Epoch 1 volume 22/649 patch 1/8 training started
2026-04-27 14:51:22,815 - INFO - Epoch 1 volume 22/649 patch 1/8 done: loss=1.645019 avg_loss=1.670895 global_patch_step=177
2026-04-27 14:51:22,815 - INFO - Epoch 1 volume 22/649 patch 2/8 training started
2026-04-27 14:51:22,922 - INFO - Epoch 1 volume 22/649 patch 2/8 done: loss=1.644532 avg_loss=1.670747 global_patch_step=178
2026-04-27 14:51:22,922 - INFO - Epoch 1 volume 22/649 patch 3/8 training started
2026-04-27 14:51:23,033 - INFO - Epoch 1 volume 22/649 patch 3/8 done: loss=1.642798 avg_loss=1.670591 global_patch_step=179
2026-04-27 14:51:23,033 - INFO - Epoch 1 volume 22/649 patch 4/8 training started
2026-04-27 14:51:23,149 - INFO - Epoch 1 volume 22/649 patch 4/8 done: loss=1.644055 avg_loss=1.670443 global_patch_step=180
2026-04-27 14:51:23,149 - INFO - Epoch 1 volume 22/649 patch 5/8 training started
2026-04-27 14:51:23,261 - INFO - Epoch 1 volume 22/649 patch 5/8 done: loss=1.640873 avg_loss=1.670280 global_patch_step=181
2026-04-27 14:51:23,261 - INFO - Epoch 1 volume 22/649 patch 6/8 training started
2026-04-27 14:51:23,373 - INFO - Epoch 1 volume 22/649 patch 6/8 done: loss=1.640400 avg_loss=1.670116 global_patch_step=182
2026-04-27 14:51:23,373 - INFO - Epoch 1 volume 22/649 patch 7/8 training started
2026-04-27 14:51:23,486 - INFO - Epoch 1 volume 22/649 patch 7/8 done: loss=1.639747 avg_loss=1.669950 global_patch_step=183
2026-04-27 14:51:23,486 - INFO - Epoch 1 volume 22/649 patch 8/8 training started
2026-04-27 14:51:23,610 - INFO - Epoch 1 volume 22/649 patch 8/8 done: loss=1.651014 avg_loss=1.669847 global_patch_step=184
2026-04-27 14:51:23,610 - INFO - Epoch 1 volume 23/649 loading
2026-04-27 14:51:23,747 - INFO - Resampling (317, 377, 257) to [272, 323, 257]...
2026-04-27 14:51:23,813 - INFO - Resampling (317, 377, 257) to [272, 323, 257]...
2026-04-27 14:51:23,991 - INFO - Resampling (317, 377, 257) to [272, 323, 257]...
2026-04-27 14:51:24,055 - INFO - Resampling (317, 377, 257) to [272, 323, 257]...
2026-04-27 14:51:24,210 - INFO - Epoch 1 volume 23/649 loaded: patches=8 image_shape=(8, 1, 128, 128, 128) label_shape=(8, 128, 128, 128)
2026-04-27 14:51:24,210 - INFO - Epoch 1 volume 23/649 patch 1/8 training started
2026-04-27 14:51:24,323 - INFO - Epoch 1 volume 23/649 patch 1/8 done: loss=1.644127 avg_loss=1.669708 global_patch_step=185
2026-04-27 14:51:24,323 - INFO - Epoch 1 volume 23/649 patch 2/8 training started
2026-04-27 14:51:24,434 - INFO - Epoch 1 volume 23/649 patch 2/8 done: loss=1.644039 avg_loss=1.669570 global_patch_step=186
2026-04-27 14:51:24,434 - INFO - Epoch 1 volume 23/649 patch 3/8 training started
2026-04-27 14:51:24,545 - INFO - Epoch 1 volume 23/649 patch 3/8 done: loss=1.641680 avg_loss=1.669421 global_patch_step=187
2026-04-27 14:51:24,545 - INFO - Epoch 1 volume 23/649 patch 4/8 training started
2026-04-27 14:51:24,659 - INFO - Epoch 1 volume 23/649 patch 4/8 done: loss=1.640970 avg_loss=1.669270 global_patch_step=188
2026-04-27 14:51:24,659 - INFO - Epoch 1 volume 23/649 patch 5/8 training started
2026-04-27 14:51:24,771 - INFO - Epoch 1 volume 23/649 patch 5/8 done: loss=1.638870 avg_loss=1.669109 global_patch_step=189
2026-04-27 14:51:24,771 - INFO - Epoch 1 volume 23/649 patch 6/8 training started
2026-04-27 14:51:24,881 - INFO - Epoch 1 volume 23/649 patch 6/8 done: loss=1.638640 avg_loss=1.668948 global_patch_step=190
2026-04-27 14:51:24,881 - INFO - Epoch 1 volume 23/649 patch 7/8 training started
2026-04-27 14:51:24,988 - INFO - Epoch 1 volume 23/649 patch 7/8 done: loss=1.638406 avg_loss=1.668788 global_patch_step=191
2026-04-27 14:51:24,988 - INFO - Epoch 1 volume 23/649 patch 8/8 training started
2026-04-27 14:51:25,093 - INFO - Epoch 1 volume 23/649 patch 8/8 done: loss=1.642957 avg_loss=1.668654 global_patch_step=192
2026-04-27 14:51:25,094 - INFO - Epoch 1 volume 24/649 loading
2026-04-27 14:51:25,362 - INFO - Resampling (352, 426, 238) to [289, 349, 298]...
2026-04-27 14:51:25,423 - INFO - Resampling (352, 426, 238) to [289, 349, 298]...
2026-04-27 14:51:25,672 - INFO - Resampling (352, 426, 238) to [289, 349, 298]...
2026-04-27 14:51:25,732 - INFO - Resampling (352, 426, 238) to [289, 349, 298]...
2026-04-27 14:51:25,964 - INFO - Epoch 1 volume 24/649 loaded: patches=8 image_shape=(8, 1, 128, 128, 128) label_shape=(8, 128, 128, 128)
2026-04-27 14:51:25,964 - INFO - Epoch 1 volume 24/649 patch 1/8 training started
2026-04-27 14:51:26,070 - INFO - Epoch 1 volume 24/649 patch 1/8 done: loss=1.639872 avg_loss=1.668505 global_patch_step=193
2026-04-27 14:51:26,070 - INFO - Epoch 1 volume 24/649 patch 2/8 training started
2026-04-27 14:51:26,186 - INFO - Epoch 1 volume 24/649 patch 2/8 done: loss=1.639998 avg_loss=1.668358 global_patch_step=194
2026-04-27 14:51:26,186 - INFO - Epoch 1 volume 24/649 patch 3/8 training started
2026-04-27 14:51:26,303 - INFO - Epoch 1 volume 24/649 patch 3/8 done: loss=1.639725 avg_loss=1.668211 global_patch_step=195
2026-04-27 14:51:26,303 - INFO - Epoch 1 volume 24/649 patch 4/8 training started
2026-04-27 14:51:26,417 - INFO - Epoch 1 volume 24/649 patch 4/8 done: loss=1.639732 avg_loss=1.668066 global_patch_step=196
2026-04-27 14:51:26,417 - INFO - Epoch 1 volume 24/649 patch 5/8 training started
2026-04-27 14:51:26,534 - INFO - Epoch 1 volume 24/649 patch 5/8 done: loss=1.637610 avg_loss=1.667911 global_patch_step=197
2026-04-27 14:51:26,534 - INFO - Epoch 1 volume 24/649 patch 6/8 training started
2026-04-27 14:51:26,654 - INFO - Epoch 1 volume 24/649 patch 6/8 done: loss=1.637440 avg_loss=1.667757 global_patch_step=198
2026-04-27 14:51:26,654 - INFO - Epoch 1 volume 24/649 patch 7/8 training started
2026-04-27 14:51:26,771 - INFO - Epoch 1 volume 24/649 patch 7/8 done: loss=1.636406 avg_loss=1.667600 global_patch_step=199
2026-04-27 14:51:26,771 - INFO - Epoch 1 volume 24/649 patch 8/8 training started
2026-04-27 14:51:26,900 - INFO - Epoch 1 volume 24/649 patch 8/8 done: loss=1.644530 avg_loss=1.667484 global_patch_step=200
2026-04-27 14:51:26,900 - INFO - Epoch 1 volume 25/649 loading
2026-04-27 14:51:27,070 - INFO - Resampling (325, 424, 231) to [267, 348, 289]...
2026-04-27 14:51:27,131 - INFO - Resampling (325, 424, 231) to [267, 348, 289]...
2026-04-27 14:51:27,348 - INFO - Resampling (325, 424, 231) to [267, 348, 289]...
2026-04-27 14:51:27,403 - INFO - Resampling (325, 424, 231) to [267, 348, 289]...
2026-04-27 14:51:27,572 - INFO - Epoch 1 volume 25/649 loaded: patches=8 image_shape=(8, 1, 128, 128, 128) label_shape=(8, 128, 128, 128)
2026-04-27 14:51:27,572 - INFO - Epoch 1 volume 25/649 patch 1/8 training started
2026-04-27 14:51:27,690 - INFO - Epoch 1 volume 25/649 patch 1/8 done: loss=1.639415 avg_loss=1.667345 global_patch_step=201
2026-04-27 14:51:27,691 - INFO - Epoch 1 volume 25/649 patch 2/8 training started
2026-04-27 14:51:27,804 - INFO - Epoch 1 volume 25/649 patch 2/8 done: loss=1.641993 avg_loss=1.667219 global_patch_step=202
2026-04-27 14:51:27,804 - INFO - Epoch 1 volume 25/649 patch 3/8 training started
2026-04-27 14:51:27,918 - INFO - Epoch 1 volume 25/649 patch 3/8 done: loss=1.637706 avg_loss=1.667074 global_patch_step=203
2026-04-27 14:51:27,918 - INFO - Epoch 1 volume 25/649 patch 4/8 training started
2026-04-27 14:51:28,026 - INFO - Epoch 1 volume 25/649 patch 4/8 done: loss=1.637495 avg_loss=1.666929 global_patch_step=204
2026-04-27 14:51:28,026 - INFO - Epoch 1 volume 25/649 patch 5/8 training started
2026-04-27 14:51:28,133 - INFO - Epoch 1 volume 25/649 patch 5/8 done: loss=1.636021 avg_loss=1.666778 global_patch_step=205
2026-04-27 14:51:28,133 - INFO - Epoch 1 volume 25/649 patch 6/8 training started
2026-04-27 14:51:28,243 - INFO - Epoch 1 volume 25/649 patch 6/8 done: loss=1.636154 avg_loss=1.666629 global_patch_step=206
2026-04-27 14:51:28,243 - INFO - Epoch 1 volume 25/649 patch 7/8 training started
2026-04-27 14:51:28,350 - INFO - Epoch 1 volume 25/649 patch 7/8 done: loss=1.634746 avg_loss=1.666475 global_patch_step=207
2026-04-27 14:51:28,350 - INFO - Epoch 1 volume 25/649 patch 8/8 training started
2026-04-27 14:51:28,457 - INFO - Epoch 1 volume 25/649 patch 8/8 done: loss=1.639010 avg_loss=1.666343 global_patch_step=208
2026-04-27 14:51:28,457 - INFO - Epoch 1 volume 26/649 loading
2026-04-27 14:51:28,629 - INFO - Resampling (339, 430, 221) to [278, 353, 276]...
2026-04-27 14:51:28,707 - INFO - Resampling (339, 430, 221) to [278, 353, 276]...
2026-04-27 14:51:28,889 - INFO - Resampling (339, 430, 221) to [278, 353, 276]...
2026-04-27 14:51:28,969 - INFO - Resampling (339, 430, 221) to [278, 353, 276]...
2026-04-27 14:51:29,139 - INFO - Epoch 1 volume 26/649 loaded: patches=8 image_shape=(8, 1, 128, 128, 128) label_shape=(8, 128, 128, 128)
2026-04-27 14:51:29,139 - INFO - Epoch 1 volume 26/649 patch 1/8 training started
2026-04-27 14:51:29,248 - INFO - Epoch 1 volume 26/649 patch 1/8 done: loss=1.634263 avg_loss=1.666190 global_patch_step=209
2026-04-27 14:51:29,249 - INFO - Epoch 1 volume 26/649 patch 2/8 training started
2026-04-27 14:51:29,363 - INFO - Epoch 1 volume 26/649 patch 2/8 done: loss=1.636650 avg_loss=1.666049 global_patch_step=210
2026-04-27 14:51:29,364 - INFO - Epoch 1 volume 26/649 patch 3/8 training started
2026-04-27 14:51:29,477 - INFO - Epoch 1 volume 26/649 patch 3/8 done: loss=1.635164 avg_loss=1.665903 global_patch_step=211
2026-04-27 14:51:29,477 - INFO - Epoch 1 volume 26/649 patch 4/8 training started
2026-04-27 14:51:29,586 - INFO - Epoch 1 volume 26/649 patch 4/8 done: loss=1.635570 avg_loss=1.665760 global_patch_step=212
2026-04-27 14:51:29,586 - INFO - Epoch 1 volume 26/649 patch 5/8 training started
2026-04-27 14:51:29,695 - INFO - Epoch 1 volume 26/649 patch 5/8 done: loss=1.633447 avg_loss=1.665608 global_patch_step=213
2026-04-27 14:51:29,695 - INFO - Epoch 1 volume 26/649 patch 6/8 training started
2026-04-27 14:51:29,804 - INFO - Epoch 1 volume 26/649 patch 6/8 done: loss=1.633242 avg_loss=1.665457 global_patch_step=214
2026-04-27 14:51:29,804 - INFO - Epoch 1 volume 26/649 patch 7/8 training started
2026-04-27 14:51:29,913 - INFO - Epoch 1 volume 26/649 patch 7/8 done: loss=1.632397 avg_loss=1.665303 global_patch_step=215
2026-04-27 14:51:29,913 - INFO - Epoch 1 volume 26/649 patch 8/8 training started
2026-04-27 14:51:30,020 - INFO - Epoch 1 volume 26/649 patch 8/8 done: loss=1.635954 avg_loss=1.665167 global_patch_step=216
2026-04-27 14:51:30,020 - INFO - Epoch 1 volume 27/649 loading
2026-04-27 14:51:30,181 - INFO - Resampling (356, 434, 216) to [292, 356, 270]...
2026-04-27 14:51:30,234 - INFO - Resampling (356, 434, 216) to [292, 356, 270]...
2026-04-27 14:51:30,424 - INFO - Resampling (356, 434, 216) to [292, 356, 270]...
2026-04-27 14:51:30,481 - INFO - Resampling (356, 434, 216) to [292, 356, 270]...
2026-04-27 14:51:30,644 - INFO - Epoch 1 volume 27/649 loaded: patches=8 image_shape=(8, 1, 128, 128, 128) label_shape=(8, 128, 128, 128)
2026-04-27 14:51:30,645 - INFO - Epoch 1 volume 27/649 patch 1/8 training started
2026-04-27 14:51:30,757 - INFO - Epoch 1 volume 27/649 patch 1/8 done: loss=1.634286 avg_loss=1.665025 global_patch_step=217
2026-04-27 14:51:30,757 - INFO - Epoch 1 volume 27/649 patch 2/8 training started
2026-04-27 14:51:30,870 - INFO - Epoch 1 volume 27/649 patch 2/8 done: loss=1.636535 avg_loss=1.664894 global_patch_step=218
2026-04-27 14:51:30,871 - INFO - Epoch 1 volume 27/649 patch 3/8 training started
2026-04-27 14:51:30,997 - INFO - Epoch 1 volume 27/649 patch 3/8 done: loss=1.635035 avg_loss=1.664758 global_patch_step=219
2026-04-27 14:51:30,997 - INFO - Epoch 1 volume 27/649 patch 4/8 training started
2026-04-27 14:51:31,116 - INFO - Epoch 1 volume 27/649 patch 4/8 done: loss=1.635000 avg_loss=1.664622 global_patch_step=220
2026-04-27 14:51:31,116 - INFO - Epoch 1 volume 27/649 patch 5/8 training started
2026-04-27 14:51:31,236 - INFO - Epoch 1 volume 27/649 patch 5/8 done: loss=1.633984 avg_loss=1.664484 global_patch_step=221
2026-04-27 14:51:31,236 - INFO - Epoch 1 volume 27/649 patch 6/8 training started
2026-04-27 14:51:31,349 - INFO - Epoch 1 volume 27/649 patch 6/8 done: loss=1.631934 avg_loss=1.664337 global_patch_step=222
2026-04-27 14:51:31,349 - INFO - Epoch 1 volume 27/649 patch 7/8 training started
2026-04-27 14:51:31,458 - INFO - Epoch 1 volume 27/649 patch 7/8 done: loss=1.631602 avg_loss=1.664190 global_patch_step=223
2026-04-27 14:51:31,458 - INFO - Epoch 1 volume 27/649 patch 8/8 training started
2026-04-27 14:51:31,563 - INFO - Epoch 1 volume 27/649 patch 8/8 done: loss=1.636489 avg_loss=1.664067 global_patch_step=224
2026-04-27 14:51:31,563 - INFO - Epoch 1 volume 28/649 loading
2026-04-27 14:51:31,714 - INFO - Resampling (336, 434, 214) to [276, 356, 268]...
2026-04-27 14:51:31,769 - INFO - Resampling (336, 434, 214) to [276, 356, 268]...
2026-04-27 14:51:31,948 - INFO - Resampling (336, 434, 214) to [276, 356, 268]...
2026-04-27 14:51:31,997 - INFO - Resampling (336, 434, 214) to [276, 356, 268]...
2026-04-27 14:51:32,145 - INFO - Epoch 1 volume 28/649 loaded: patches=8 image_shape=(8, 1, 128, 128, 128) label_shape=(8, 128, 128, 128)
2026-04-27 14:51:32,146 - INFO - Epoch 1 volume 28/649 patch 1/8 training started
2026-04-27 14:51:32,258 - INFO - Epoch 1 volume 28/649 patch 1/8 done: loss=1.633807 avg_loss=1.663932 global_patch_step=225
2026-04-27 14:51:32,258 - INFO - Epoch 1 volume 28/649 patch 2/8 training started
2026-04-27 14:51:32,372 - INFO - Epoch 1 volume 28/649 patch 2/8 done: loss=1.633536 avg_loss=1.663798 global_patch_step=226
2026-04-27 14:51:32,372 - INFO - Epoch 1 volume 28/649 patch 3/8 training started
2026-04-27 14:51:32,481 - INFO - Epoch 1 volume 28/649 patch 3/8 done: loss=1.631852 avg_loss=1.663657 global_patch_step=227
2026-04-27 14:51:32,481 - INFO - Epoch 1 volume 28/649 patch 4/8 training started
2026-04-27 14:51:32,591 - INFO - Epoch 1 volume 28/649 patch 4/8 done: loss=1.631526 avg_loss=1.663516 global_patch_step=228
2026-04-27 14:51:32,591 - INFO - Epoch 1 volume 28/649 patch 5/8 training started
2026-04-27 14:51:32,704 - INFO - Epoch 1 volume 28/649 patch 5/8 done: loss=1.630242 avg_loss=1.663371 global_patch_step=229
2026-04-27 14:51:32,705 - INFO - Epoch 1 volume 28/649 patch 6/8 training started
2026-04-27 14:51:32,817 - INFO - Epoch 1 volume 28/649 patch 6/8 done: loss=1.629899 avg_loss=1.663225 global_patch_step=230
2026-04-27 14:51:32,817 - INFO - Epoch 1 volume 28/649 patch 7/8 training started
2026-04-27 14:51:32,936 - INFO - Epoch 1 volume 28/649 patch 7/8 done: loss=1.629212 avg_loss=1.663078 global_patch_step=231
2026-04-27 14:51:32,936 - INFO - Epoch 1 volume 28/649 patch 8/8 training started
2026-04-27 14:51:33,051 - INFO - Epoch 1 volume 28/649 patch 8/8 done: loss=1.630600 avg_loss=1.662938 global_patch_step=232
2026-04-27 14:51:33,051 - INFO - Epoch 1 volume 29/649 loading
2026-04-27 14:51:33,245 - INFO - Resampling (337, 412, 233) to [276, 338, 291]...
2026-04-27 14:51:33,303 - INFO - Resampling (337, 412, 233) to [276, 338, 291]...
2026-04-27 14:51:33,533 - INFO - Resampling (337, 412, 233) to [276, 338, 291]...
2026-04-27 14:51:33,669 - INFO - Resampling (337, 412, 233) to [276, 338, 291]...
2026-04-27 14:51:33,955 - INFO - Epoch 1 volume 29/649 loaded: patches=8 image_shape=(8, 1, 128, 128, 128) label_shape=(8, 128, 128, 128)
2026-04-27 14:51:33,955 - INFO - Epoch 1 volume 29/649 patch 1/8 training started
2026-04-27 14:51:34,069 - INFO - Epoch 1 volume 29/649 patch 1/8 done: loss=1.631687 avg_loss=1.662804 global_patch_step=233
2026-04-27 14:51:34,069 - INFO - Epoch 1 volume 29/649 patch 2/8 training started
2026-04-27 14:51:34,184 - INFO - Epoch 1 volume 29/649 patch 2/8 done: loss=1.632382 avg_loss=1.662674 global_patch_step=234
2026-04-27 14:51:34,184 - INFO - Epoch 1 volume 29/649 patch 3/8 training started
2026-04-27 14:51:34,299 - INFO - Epoch 1 volume 29/649 patch 3/8 done: loss=1.630895 avg_loss=1.662539 global_patch_step=235
2026-04-27 14:51:34,299 - INFO - Epoch 1 volume 29/649 patch 4/8 training started
2026-04-27 14:51:34,415 - INFO - Epoch 1 volume 29/649 patch 4/8 done: loss=1.630473 avg_loss=1.662403 global_patch_step=236
2026-04-27 14:51:34,415 - INFO - Epoch 1 volume 29/649 patch 5/8 training started
2026-04-27 14:51:34,530 - INFO - Epoch 1 volume 29/649 patch 5/8 done: loss=1.628814 avg_loss=1.662261 global_patch_step=237
2026-04-27 14:51:34,530 - INFO - Epoch 1 volume 29/649 patch 6/8 training started
2026-04-27 14:51:34,647 - INFO - Epoch 1 volume 29/649 patch 6/8 done: loss=1.628853 avg_loss=1.662121 global_patch_step=238
2026-04-27 14:51:34,647 - INFO - Epoch 1 volume 29/649 patch 7/8 training started
2026-04-27 14:51:34,761 - INFO - Epoch 1 volume 29/649 patch 7/8 done: loss=1.628148 avg_loss=1.661979 global_patch_step=239
2026-04-27 14:51:34,761 - INFO - Epoch 1 volume 29/649 patch 8/8 training started
2026-04-27 14:51:34,877 - INFO - Epoch 1 volume 29/649 patch 8/8 done: loss=1.630645 avg_loss=1.661848 global_patch_step=240
2026-04-27 14:51:34,877 - INFO - Epoch 1 volume 30/649 loading
2026-04-27 14:51:35,034 - INFO - Resampling (352, 410, 198) to [289, 336, 248]...
2026-04-27 14:51:35,091 - INFO - Resampling (352, 410, 198) to [289, 336, 248]...
2026-04-27 14:51:35,283 - INFO - Resampling (352, 410, 198) to [289, 336, 248]...
2026-04-27 14:51:35,334 - INFO - Resampling (352, 410, 198) to [289, 336, 248]...
2026-04-27 14:51:35,440 - INFO - Epoch 1 volume 30/649 loaded: patches=4 image_shape=(4, 1, 128, 128, 128) label_shape=(4, 128, 128, 128)
2026-04-27 14:51:35,440 - INFO - Epoch 1 volume 30/649 patch 1/4 training started
2026-04-27 14:51:35,547 - INFO - Epoch 1 volume 30/649 patch 1/4 done: loss=1.629600 avg_loss=1.661714 global_patch_step=241
2026-04-27 14:51:35,548 - INFO - Epoch 1 volume 30/649 patch 2/4 training started
2026-04-27 14:51:35,658 - INFO - Epoch 1 volume 30/649 patch 2/4 done: loss=1.630494 avg_loss=1.661585 global_patch_step=242
2026-04-27 14:51:35,658 - INFO - Epoch 1 volume 30/649 patch 3/4 training started
2026-04-27 14:51:35,764 - INFO - Epoch 1 volume 30/649 patch 3/4 done: loss=1.628456 avg_loss=1.661449 global_patch_step=243
2026-04-27 14:51:35,764 - INFO - Epoch 1 volume 30/649 patch 4/4 training started
2026-04-27 14:51:35,875 - INFO - Epoch 1 volume 30/649 patch 4/4 done: loss=1.628659 avg_loss=1.661314 global_patch_step=244
2026-04-27 14:51:35,875 - INFO - Epoch 1 volume 31/649 loading
2026-04-27 14:51:36,108 - INFO - Resampling (342, 426, 360) to [281, 349, 450]...
2026-04-27 14:51:36,188 - INFO - Resampling (342, 426, 360) to [281, 349, 450]...
2026-04-27 14:51:36,505 - INFO - Resampling (342, 426, 360) to [281, 349, 450]...
2026-04-27 14:51:36,595 - INFO - Resampling (342, 426, 360) to [281, 349, 450]...
2026-04-27 14:51:36,977 - INFO - Epoch 1 volume 31/649 loaded: patches=12 image_shape=(12, 1, 128, 128, 128) label_shape=(12, 128, 128, 128)
2026-04-27 14:51:36,977 - INFO - Epoch 1 volume 31/649 patch 1/12 training started
2026-04-27 14:51:37,104 - INFO - Epoch 1 volume 31/649 patch 1/12 done: loss=1.627593 avg_loss=1.661177 global_patch_step=245
2026-04-27 14:51:37,104 - INFO - Epoch 1 volume 31/649 patch 2/12 training started
2026-04-27 14:51:37,218 - INFO - Epoch 1 volume 31/649 patch 2/12 done: loss=1.626659 avg_loss=1.661037 global_patch_step=246
2026-04-27 14:51:37,218 - INFO - Epoch 1 volume 31/649 patch 3/12 training started
2026-04-27 14:51:37,334 - INFO - Epoch 1 volume 31/649 patch 3/12 done: loss=1.628034 avg_loss=1.660903 global_patch_step=247
2026-04-27 14:51:37,334 - INFO - Epoch 1 volume 31/649 patch 4/12 training started
2026-04-27 14:51:37,451 - INFO - Epoch 1 volume 31/649 patch 4/12 done: loss=1.627949 avg_loss=1.660770 global_patch_step=248
2026-04-27 14:51:37,451 - INFO - Epoch 1 volume 31/649 patch 5/12 training started
2026-04-27 14:51:37,566 - INFO - Epoch 1 volume 31/649 patch 5/12 done: loss=1.627647 avg_loss=1.660637 global_patch_step=249
2026-04-27 14:51:37,566 - INFO - Epoch 1 volume 31/649 patch 6/12 training started
2026-04-27 14:51:37,680 - INFO - Epoch 1 volume 31/649 patch 6/12 done: loss=1.628645 avg_loss=1.660509 global_patch_step=250
2026-04-27 14:51:37,680 - INFO - Epoch 1 volume 31/649 patch 7/12 training started
2026-04-27 14:51:37,797 - INFO - Epoch 1 volume 31/649 patch 7/12 done: loss=1.627705 avg_loss=1.660378 global_patch_step=251
2026-04-27 14:51:37,798 - INFO - Epoch 1 volume 31/649 patch 8/12 training started
2026-04-27 14:51:37,916 - INFO - Epoch 1 volume 31/649 patch 8/12 done: loss=1.627696 avg_loss=1.660249 global_patch_step=252
2026-04-27 14:51:37,916 - INFO - Epoch 1 volume 31/649 patch 9/12 training started
2026-04-27 14:51:38,031 - INFO - Epoch 1 volume 31/649 patch 9/12 done: loss=1.624969 avg_loss=1.660109 global_patch_step=253
2026-04-27 14:51:38,031 - INFO - Epoch 1 volume 31/649 patch 10/12 training started
2026-04-27 14:51:38,149 - INFO - Epoch 1 volume 31/649 patch 10/12 done: loss=1.625533 avg_loss=1.659973 global_patch_step=254
2026-04-27 14:51:38,149 - INFO - Epoch 1 volume 31/649 patch 11/12 training started
2026-04-27 14:51:38,265 - INFO - Epoch 1 volume 31/649 patch 11/12 done: loss=1.624530 avg_loss=1.659834 global_patch_step=255
2026-04-27 14:51:38,265 - INFO - Epoch 1 volume 31/649 patch 12/12 training started
2026-04-27 14:51:38,380 - INFO - Epoch 1 volume 31/649 patch 12/12 done: loss=1.630183 avg_loss=1.659718 global_patch_step=256
2026-04-27 14:51:38,380 - INFO - Epoch 1 volume 32/649 loading
2026-04-27 14:51:38,489 - INFO - Resampling (312, 388, 206) to [275, 343, 258]...
2026-04-27 14:51:38,540 - INFO - Resampling (312, 388, 206) to [275, 343, 258]...
2026-04-27 14:51:38,692 - INFO - Resampling (312, 388, 206) to [275, 343, 258]...
2026-04-27 14:51:38,739 - INFO - Resampling (312, 388, 206) to [275, 343, 258]...
2026-04-27 14:51:38,903 - INFO - Epoch 1 volume 32/649 loaded: patches=8 image_shape=(8, 1, 128, 128, 128) label_shape=(8, 128, 128, 128)
2026-04-27 14:51:38,904 - INFO - Epoch 1 volume 32/649 patch 1/8 training started
2026-04-27 14:51:39,018 - INFO - Epoch 1 volume 32/649 patch 1/8 done: loss=1.625420 avg_loss=1.659585 global_patch_step=257
2026-04-27 14:51:39,018 - INFO - Epoch 1 volume 32/649 patch 2/8 training started
2026-04-27 14:51:39,135 - INFO - Epoch 1 volume 32/649 patch 2/8 done: loss=1.625425 avg_loss=1.659452 global_patch_step=258
2026-04-27 14:51:39,135 - INFO - Epoch 1 volume 32/649 patch 3/8 training started
2026-04-27 14:51:39,250 - INFO - Epoch 1 volume 32/649 patch 3/8 done: loss=1.625212 avg_loss=1.659320 global_patch_step=259
2026-04-27 14:51:39,250 - INFO - Epoch 1 volume 32/649 patch 4/8 training started
2026-04-27 14:51:39,357 - INFO - Epoch 1 volume 32/649 patch 4/8 done: loss=1.621359 avg_loss=1.659174 global_patch_step=260
2026-04-27 14:51:39,357 - INFO - Epoch 1 volume 32/649 patch 5/8 training started
2026-04-27 14:51:39,464 - INFO - Epoch 1 volume 32/649 patch 5/8 done: loss=1.624545 avg_loss=1.659042 global_patch_step=261
2026-04-27 14:51:39,464 - INFO - Epoch 1 volume 32/649 patch 6/8 training started
2026-04-27 14:51:39,571 - INFO - Epoch 1 volume 32/649 patch 6/8 done: loss=1.622593 avg_loss=1.658902 global_patch_step=262
2026-04-27 14:51:39,571 - INFO - Epoch 1 volume 32/649 patch 7/8 training started
2026-04-27 14:51:39,680 - INFO - Epoch 1 volume 32/649 patch 7/8 done: loss=1.622824 avg_loss=1.658765 global_patch_step=263
2026-04-27 14:51:39,680 - INFO - Epoch 1 volume 32/649 patch 8/8 training started
2026-04-27 14:51:39,786 - INFO - Epoch 1 volume 32/649 patch 8/8 done: loss=1.622629 avg_loss=1.658628 global_patch_step=264
2026-04-27 14:51:39,787 - INFO - Epoch 1 volume 33/649 loading
2026-04-27 14:51:40,036 - INFO - Resampling (289, 374, 285) to [262, 339, 356]...
2026-04-27 14:51:40,146 - INFO - Resampling (289, 374, 285) to [262, 339, 356]...
2026-04-27 14:51:40,407 - INFO - Resampling (289, 374, 285) to [262, 339, 356]...
2026-04-27 14:51:40,500 - INFO - Resampling (289, 374, 285) to [262, 339, 356]...
2026-04-27 14:51:40,815 - INFO - Epoch 1 volume 33/649 loaded: patches=8 image_shape=(8, 1, 128, 128, 128) label_shape=(8, 128, 128, 128)
2026-04-27 14:51:40,815 - INFO - Epoch 1 volume 33/649 patch 1/8 training started
2026-04-27 14:51:40,922 - INFO - Epoch 1 volume 33/649 patch 1/8 done: loss=1.623077 avg_loss=1.658494 global_patch_step=265
2026-04-27 14:51:40,922 - INFO - Epoch 1 volume 33/649 patch 2/8 training started
2026-04-27 14:51:41,032 - INFO - Epoch 1 volume 33/649 patch 2/8 done: loss=1.622925 avg_loss=1.658360 global_patch_step=266
2026-04-27 14:51:41,032 - INFO - Epoch 1 volume 33/649 patch 3/8 training started
2026-04-27 14:51:41,141 - INFO - Epoch 1 volume 33/649 patch 3/8 done: loss=1.622921 avg_loss=1.658228 global_patch_step=267
2026-04-27 14:51:41,141 - INFO - Epoch 1 volume 33/649 patch 4/8 training started
2026-04-27 14:51:41,251 - INFO - Epoch 1 volume 33/649 patch 4/8 done: loss=1.623059 avg_loss=1.658097 global_patch_step=268
2026-04-27 14:51:41,251 - INFO - Epoch 1 volume 33/649 patch 5/8 training started
2026-04-27 14:51:41,371 - INFO - Epoch 1 volume 33/649 patch 5/8 done: loss=1.622504 avg_loss=1.657964 global_patch_step=269
2026-04-27 14:51:41,371 - INFO - Epoch 1 volume 33/649 patch 6/8 training started
2026-04-27 14:51:41,489 - INFO - Epoch 1 volume 33/649 patch 6/8 done: loss=1.621611 avg_loss=1.657830 global_patch_step=270
2026-04-27 14:51:41,489 - INFO - Epoch 1 volume 33/649 patch 7/8 training started
2026-04-27 14:51:41,610 - INFO - Epoch 1 volume 33/649 patch 7/8 done: loss=1.620273 avg_loss=1.657691 global_patch_step=271
2026-04-27 14:51:41,610 - INFO - Epoch 1 volume 33/649 patch 8/8 training started
2026-04-27 14:51:41,729 - INFO - Epoch 1 volume 33/649 patch 8/8 done: loss=1.620708 avg_loss=1.657555 global_patch_step=272
2026-04-27 14:51:41,729 - INFO - Epoch 1 volume 34/649 loading
2026-04-27 14:51:41,884 - INFO - Resampling (277, 327, 220) to [260, 307, 275]...
2026-04-27 14:51:41,935 - INFO - Resampling (277, 327, 220) to [260, 307, 275]...
2026-04-27 14:51:42,098 - INFO - Resampling (277, 327, 220) to [260, 307, 275]...
2026-04-27 14:51:42,145 - INFO - Resampling (277, 327, 220) to [260, 307, 275]...
2026-04-27 14:51:42,298 - INFO - Epoch 1 volume 34/649 loaded: patches=8 image_shape=(8, 1, 128, 128, 128) label_shape=(8, 128, 128, 128)
2026-04-27 14:51:42,298 - INFO - Epoch 1 volume 34/649 patch 1/8 training started
2026-04-27 14:51:42,421 - INFO - Epoch 1 volume 34/649 patch 1/8 done: loss=1.623630 avg_loss=1.657431 global_patch_step=273
2026-04-27 14:51:42,421 - INFO - Epoch 1 volume 34/649 patch 2/8 training started
2026-04-27 14:51:42,548 - INFO - Epoch 1 volume 34/649 patch 2/8 done: loss=1.623223 avg_loss=1.657306 global_patch_step=274
2026-04-27 14:51:42,548 - INFO - Epoch 1 volume 34/649 patch 3/8 training started
2026-04-27 14:51:42,672 - INFO - Epoch 1 volume 34/649 patch 3/8 done: loss=1.619978 avg_loss=1.657170 global_patch_step=275
2026-04-27 14:51:42,672 - INFO - Epoch 1 volume 34/649 patch 4/8 training started
2026-04-27 14:51:42,791 - INFO - Epoch 1 volume 34/649 patch 4/8 done: loss=1.619510 avg_loss=1.657034 global_patch_step=276
2026-04-27 14:51:42,792 - INFO - Epoch 1 volume 34/649 patch 5/8 training started
2026-04-27 14:51:42,910 - INFO - Epoch 1 volume 34/649 patch 5/8 done: loss=1.620379 avg_loss=1.656901 global_patch_step=277
2026-04-27 14:51:42,910 - INFO - Epoch 1 volume 34/649 patch 6/8 training started
2026-04-27 14:51:43,033 - INFO - Epoch 1 volume 34/649 patch 6/8 done: loss=1.619717 avg_loss=1.656768 global_patch_step=278
2026-04-27 14:51:43,033 - INFO - Epoch 1 volume 34/649 patch 7/8 training started
2026-04-27 14:51:43,154 - INFO - Epoch 1 volume 34/649 patch 7/8 done: loss=1.618769 avg_loss=1.656631 global_patch_step=279
2026-04-27 14:51:43,154 - INFO - Epoch 1 volume 34/649 patch 8/8 training started
2026-04-27 14:51:43,269 - INFO - Epoch 1 volume 34/649 patch 8/8 done: loss=1.618285 avg_loss=1.656494 global_patch_step=280
2026-04-27 14:51:43,269 - INFO - Epoch 1 volume 35/649 loading
2026-04-27 14:51:43,504 - INFO - Resampling (355, 409, 288) to [291, 336, 360]...
2026-04-27 14:51:43,582 - INFO - Resampling (355, 409, 288) to [291, 336, 360]...
2026-04-27 14:51:43,913 - INFO - Resampling (355, 409, 288) to [291, 336, 360]...
2026-04-27 14:51:43,988 - INFO - Resampling (355, 409, 288) to [291, 336, 360]...
2026-04-27 14:51:44,531 - INFO - Epoch 1 volume 35/649 loaded: patches=8 image_shape=(8, 1, 128, 128, 128) label_shape=(8, 128, 128, 128)
2026-04-27 14:51:44,531 - INFO - Epoch 1 volume 35/649 patch 1/8 training started
2026-04-27 14:51:44,639 - INFO - Epoch 1 volume 35/649 patch 1/8 done: loss=1.619127 avg_loss=1.656361 global_patch_step=281
2026-04-27 14:51:44,639 - INFO - Epoch 1 volume 35/649 patch 2/8 training started
2026-04-27 14:51:44,744 - INFO - Epoch 1 volume 35/649 patch 2/8 done: loss=1.619186 avg_loss=1.656230 global_patch_step=282
2026-04-27 14:51:44,744 - INFO - Epoch 1 volume 35/649 patch 3/8 training started
2026-04-27 14:51:44,852 - INFO - Epoch 1 volume 35/649 patch 3/8 done: loss=1.618269 avg_loss=1.656096 global_patch_step=283
2026-04-27 14:51:44,852 - INFO - Epoch 1 volume 35/649 patch 4/8 training started
2026-04-27 14:51:44,970 - INFO - Epoch 1 volume 35/649 patch 4/8 done: loss=1.620070 avg_loss=1.655969 global_patch_step=284
2026-04-27 14:51:44,970 - INFO - Epoch 1 volume 35/649 patch 5/8 training started
2026-04-27 14:51:45,084 - INFO - Epoch 1 volume 35/649 patch 5/8 done: loss=1.619510 avg_loss=1.655841 global_patch_step=285
2026-04-27 14:51:45,084 - INFO - Epoch 1 volume 35/649 patch 6/8 training started
2026-04-27 14:51:45,200 - INFO - Epoch 1 volume 35/649 patch 6/8 done: loss=1.620956 avg_loss=1.655719 global_patch_step=286
2026-04-27 14:51:45,200 - INFO - Epoch 1 volume 35/649 patch 7/8 training started
2026-04-27 14:51:45,318 - INFO - Epoch 1 volume 35/649 patch 7/8 done: loss=1.616077 avg_loss=1.655581 global_patch_step=287
2026-04-27 14:51:45,318 - INFO - Epoch 1 volume 35/649 patch 8/8 training started
2026-04-27 14:51:45,432 - INFO - Epoch 1 volume 35/649 patch 8/8 done: loss=1.618332 avg_loss=1.655451 global_patch_step=288
2026-04-27 14:51:45,432 - INFO - Epoch 1 volume 36/649 loading
2026-04-27 14:51:45,644 - INFO - Resampling (319, 377, 289) to [288, 340, 361]...
2026-04-27 14:51:45,833 - INFO - Resampling (319, 377, 289) to [288, 340, 361]...
2026-04-27 14:51:46,230 - INFO - Resampling (319, 377, 289) to [288, 340, 361]...
2026-04-27 14:51:46,354 - INFO - Resampling (319, 377, 289) to [288, 340, 361]...
2026-04-27 14:51:46,699 - INFO - Epoch 1 volume 36/649 loaded: patches=8 image_shape=(8, 1, 128, 128, 128) label_shape=(8, 128, 128, 128)
2026-04-27 14:51:46,699 - INFO - Epoch 1 volume 36/649 patch 1/8 training started
2026-04-27 14:51:46,816 - INFO - Epoch 1 volume 36/649 patch 1/8 done: loss=1.616678 avg_loss=1.655317 global_patch_step=289
2026-04-27 14:51:46,816 - INFO - Epoch 1 volume 36/649 patch 2/8 training started
2026-04-27 14:51:46,932 - INFO - Epoch 1 volume 36/649 patch 2/8 done: loss=1.617833 avg_loss=1.655188 global_patch_step=290
2026-04-27 14:51:46,933 - INFO - Epoch 1 volume 36/649 patch 3/8 training started
2026-04-27 14:51:47,049 - INFO - Epoch 1 volume 36/649 patch 3/8 done: loss=1.617342 avg_loss=1.655058 global_patch_step=291
2026-04-27 14:51:47,049 - INFO - Epoch 1 volume 36/649 patch 4/8 training started
2026-04-27 14:51:47,163 - INFO - Epoch 1 volume 36/649 patch 4/8 done: loss=1.617844 avg_loss=1.654930 global_patch_step=292
2026-04-27 14:51:47,163 - INFO - Epoch 1 volume 36/649 patch 5/8 training started
2026-04-27 14:51:47,276 - INFO - Epoch 1 volume 36/649 patch 5/8 done: loss=1.616601 avg_loss=1.654800 global_patch_step=293
2026-04-27 14:51:47,276 - INFO - Epoch 1 volume 36/649 patch 6/8 training started
2026-04-27 14:51:47,389 - INFO - Epoch 1 volume 36/649 patch 6/8 done: loss=1.617480 avg_loss=1.654673 global_patch_step=294
2026-04-27 14:51:47,389 - INFO - Epoch 1 volume 36/649 patch 7/8 training started
2026-04-27 14:51:47,495 - INFO - Epoch 1 volume 36/649 patch 7/8 done: loss=1.614712 avg_loss=1.654537 global_patch_step=295
2026-04-27 14:51:47,495 - INFO - Epoch 1 volume 36/649 patch 8/8 training started
2026-04-27 14:51:47,602 - INFO - Epoch 1 volume 36/649 patch 8/8 done: loss=1.615580 avg_loss=1.654406 global_patch_step=296
2026-04-27 14:51:47,602 - INFO - Epoch 1 volume 37/649 loading
2026-04-27 14:51:47,799 - INFO - Resampling (337, 423, 225) to [284, 357, 281]...
2026-04-27 14:51:47,899 - INFO - Resampling (337, 423, 225) to [284, 357, 281]...
2026-04-27 14:51:48,124 - INFO - Resampling (337, 423, 225) to [284, 357, 281]...
2026-04-27 14:51:48,221 - INFO - Resampling (337, 423, 225) to [284, 357, 281]...
2026-04-27 14:51:48,446 - INFO - Epoch 1 volume 37/649 loaded: patches=8 image_shape=(8, 1, 128, 128, 128) label_shape=(8, 128, 128, 128)
2026-04-27 14:51:48,446 - INFO - Epoch 1 volume 37/649 patch 1/8 training started
2026-04-27 14:51:48,552 - INFO - Epoch 1 volume 37/649 patch 1/8 done: loss=1.617043 avg_loss=1.654280 global_patch_step=297
2026-04-27 14:51:48,552 - INFO - Epoch 1 volume 37/649 patch 2/8 training started
2026-04-27 14:51:48,663 - INFO - Epoch 1 volume 37/649 patch 2/8 done: loss=1.618581 avg_loss=1.654160 global_patch_step=298
2026-04-27 14:51:48,663 - INFO - Epoch 1 volume 37/649 patch 3/8 training started
2026-04-27 14:51:48,780 - INFO - Epoch 1 volume 37/649 patch 3/8 done: loss=1.615860 avg_loss=1.654032 global_patch_step=299
2026-04-27 14:51:48,780 - INFO - Epoch 1 volume 37/649 patch 4/8 training started
2026-04-27 14:51:48,888 - INFO - Epoch 1 volume 37/649 patch 4/8 done: loss=1.615363 avg_loss=1.653903 global_patch_step=300
2026-04-27 14:51:48,888 - INFO - Epoch 1 volume 37/649 patch 5/8 training started
2026-04-27 14:51:48,997 - INFO - Epoch 1 volume 37/649 patch 5/8 done: loss=1.613665 avg_loss=1.653769 global_patch_step=301
2026-04-27 14:51:48,997 - INFO - Epoch 1 volume 37/649 patch 6/8 training started
2026-04-27 14:51:49,104 - INFO - Epoch 1 volume 37/649 patch 6/8 done: loss=1.613758 avg_loss=1.653637 global_patch_step=302
2026-04-27 14:51:49,104 - INFO - Epoch 1 volume 37/649 patch 7/8 training started
2026-04-27 14:51:49,213 - INFO - Epoch 1 volume 37/649 patch 7/8 done: loss=1.612335 avg_loss=1.653501 global_patch_step=303
2026-04-27 14:51:49,213 - INFO - Epoch 1 volume 37/649 patch 8/8 training started
2026-04-27 14:51:49,320 - INFO - Epoch 1 volume 37/649 patch 8/8 done: loss=1.614411 avg_loss=1.653372 global_patch_step=304
2026-04-27 14:51:49,320 - INFO - Epoch 1 volume 38/649 loading
2026-04-27 14:51:49,432 - INFO - Resampling (268, 359, 198) to [268, 359, 248]...
2026-04-27 14:51:49,475 - INFO - Resampling (268, 359, 198) to [268, 359, 248]...
2026-04-27 14:51:49,635 - INFO - Resampling (268, 359, 198) to [268, 359, 248]...
2026-04-27 14:51:49,684 - INFO - Resampling (268, 359, 198) to [268, 359, 248]...
2026-04-27 14:51:49,809 - INFO - Epoch 1 volume 38/649 loaded: patches=4 image_shape=(4, 1, 128, 128, 128) label_shape=(4, 128, 128, 128)
2026-04-27 14:51:49,809 - INFO - Epoch 1 volume 38/649 patch 1/4 training started
2026-04-27 14:51:49,920 - INFO - Epoch 1 volume 38/649 patch 1/4 done: loss=1.615543 avg_loss=1.653248 global_patch_step=305
2026-04-27 14:51:49,920 - INFO - Epoch 1 volume 38/649 patch 2/4 training started
2026-04-27 14:51:50,029 - INFO - Epoch 1 volume 38/649 patch 2/4 done: loss=1.614014 avg_loss=1.653120 global_patch_step=306
2026-04-27 14:51:50,029 - INFO - Epoch 1 volume 38/649 patch 3/4 training started
2026-04-27 14:51:50,136 - INFO - Epoch 1 volume 38/649 patch 3/4 done: loss=1.614648 avg_loss=1.652994 global_patch_step=307
2026-04-27 14:51:50,136 - INFO - Epoch 1 volume 38/649 patch 4/4 training started
2026-04-27 14:51:50,242 - INFO - Epoch 1 volume 38/649 patch 4/4 done: loss=1.613153 avg_loss=1.652865 global_patch_step=308
2026-04-27 14:51:50,242 - INFO - Epoch 1 volume 39/649 loading
2026-04-27 14:51:50,455 - INFO - Resampling (312, 372, 291) to [291, 347, 364]...
2026-04-27 14:51:50,599 - INFO - Resampling (312, 372, 291) to [291, 347, 364]...
2026-04-27 14:51:50,889 - INFO - Resampling (312, 372, 291) to [291, 347, 364]...
2026-04-27 14:51:50,965 - INFO - Resampling (312, 372, 291) to [291, 347, 364]...
2026-04-27 14:51:51,296 - INFO - Epoch 1 volume 39/649 loaded: patches=8 image_shape=(8, 1, 128, 128, 128) label_shape=(8, 128, 128, 128)
2026-04-27 14:51:51,296 - INFO - Epoch 1 volume 39/649 patch 1/8 training started
2026-04-27 14:51:51,410 - INFO - Epoch 1 volume 39/649 patch 1/8 done: loss=1.612457 avg_loss=1.652734 global_patch_step=309
2026-04-27 14:51:51,411 - INFO - Epoch 1 volume 39/649 patch 2/8 training started
2026-04-27 14:51:51,529 - INFO - Epoch 1 volume 39/649 patch 2/8 done: loss=1.613679 avg_loss=1.652608 global_patch_step=310
2026-04-27 14:51:51,529 - INFO - Epoch 1 volume 39/649 patch 3/8 training started
2026-04-27 14:51:51,646 - INFO - Epoch 1 volume 39/649 patch 3/8 done: loss=1.613553 avg_loss=1.652483 global_patch_step=311
2026-04-27 14:51:51,646 - INFO - Epoch 1 volume 39/649 patch 4/8 training started
2026-04-27 14:51:51,760 - INFO - Epoch 1 volume 39/649 patch 4/8 done: loss=1.614669 avg_loss=1.652361 global_patch_step=312
2026-04-27 14:51:51,760 - INFO - Epoch 1 volume 39/649 patch 5/8 training started
2026-04-27 14:51:51,877 - INFO - Epoch 1 volume 39/649 patch 5/8 done: loss=1.612667 avg_loss=1.652235 global_patch_step=313
2026-04-27 14:51:51,877 - INFO - Epoch 1 volume 39/649 patch 6/8 training started
2026-04-27 14:51:51,983 - INFO - Epoch 1 volume 39/649 patch 6/8 done: loss=1.614320 avg_loss=1.652114 global_patch_step=314
2026-04-27 14:51:51,983 - INFO - Epoch 1 volume 39/649 patch 7/8 training started
2026-04-27 14:51:52,092 - INFO - Epoch 1 volume 39/649 patch 7/8 done: loss=1.611264 avg_loss=1.651984 global_patch_step=315
2026-04-27 14:51:52,092 - INFO - Epoch 1 volume 39/649 patch 8/8 training started
2026-04-27 14:51:52,200 - INFO - Epoch 1 volume 39/649 patch 8/8 done: loss=1.612121 avg_loss=1.651858 global_patch_step=316
2026-04-27 14:51:52,200 - INFO - Epoch 1 volume 40/649 loading
2026-04-27 14:51:52,330 - INFO - Resampling (286, 328, 228) to [287, 329, 285]...
2026-04-27 14:51:52,383 - INFO - Resampling (286, 328, 228) to [287, 329, 285]...
2026-04-27 14:51:52,567 - INFO - Resampling (286, 328, 228) to [287, 329, 285]...
2026-04-27 14:51:52,628 - INFO - Resampling (286, 328, 228) to [287, 329, 285]...
2026-04-27 14:51:52,790 - INFO - Epoch 1 volume 40/649 loaded: patches=8 image_shape=(8, 1, 128, 128, 128) label_shape=(8, 128, 128, 128)
2026-04-27 14:51:52,790 - INFO - Epoch 1 volume 40/649 patch 1/8 training started
2026-04-27 14:51:52,906 - INFO - Epoch 1 volume 40/649 patch 1/8 done: loss=1.614377 avg_loss=1.651740 global_patch_step=317
2026-04-27 14:51:52,906 - INFO - Epoch 1 volume 40/649 patch 2/8 training started
2026-04-27 14:51:53,018 - INFO - Epoch 1 volume 40/649 patch 2/8 done: loss=1.614504 avg_loss=1.651623 global_patch_step=318
2026-04-27 14:51:53,018 - INFO - Epoch 1 volume 40/649 patch 3/8 training started
2026-04-27 14:51:53,131 - INFO - Epoch 1 volume 40/649 patch 3/8 done: loss=1.611895 avg_loss=1.651498 global_patch_step=319
2026-04-27 14:51:53,132 - INFO - Epoch 1 volume 40/649 patch 4/8 training started
2026-04-27 14:51:53,244 - INFO - Epoch 1 volume 40/649 patch 4/8 done: loss=1.610668 avg_loss=1.651371 global_patch_step=320
2026-04-27 14:51:53,244 - INFO - Epoch 1 volume 40/649 patch 5/8 training started
2026-04-27 14:51:53,353 - INFO - Epoch 1 volume 40/649 patch 5/8 done: loss=1.611472 avg_loss=1.651246 global_patch_step=321
2026-04-27 14:51:53,353 - INFO - Epoch 1 volume 40/649 patch 6/8 training started
2026-04-27 14:51:53,459 - INFO - Epoch 1 volume 40/649 patch 6/8 done: loss=1.610983 avg_loss=1.651121 global_patch_step=322
2026-04-27 14:51:53,459 - INFO - Epoch 1 volume 40/649 patch 7/8 training started
2026-04-27 14:51:53,571 - INFO - Epoch 1 volume 40/649 patch 7/8 done: loss=1.609457 avg_loss=1.650992 global_patch_step=323
2026-04-27 14:51:53,572 - INFO - Epoch 1 volume 40/649 patch 8/8 training started
2026-04-27 14:51:53,679 - INFO - Epoch 1 volume 40/649 patch 8/8 done: loss=1.610953 avg_loss=1.650869 global_patch_step=324
2026-04-27 14:51:53,679 - INFO - Epoch 1 volume 41/649 loading
2026-04-27 14:51:53,818 - INFO - Resampling (324, 387, 243) to [282, 337, 304]...
2026-04-27 14:51:53,923 - INFO - Resampling (324, 387, 243) to [282, 337, 304]...
2026-04-27 14:51:54,122 - INFO - Resampling (324, 387, 243) to [282, 337, 304]...
2026-04-27 14:51:54,221 - INFO - Resampling (324, 387, 243) to [282, 337, 304]...
2026-04-27 14:51:54,422 - INFO - Epoch 1 volume 41/649 loaded: patches=8 image_shape=(8, 1, 128, 128, 128) label_shape=(8, 128, 128, 128)
2026-04-27 14:51:54,423 - INFO - Epoch 1 volume 41/649 patch 1/8 training started
2026-04-27 14:51:54,542 - INFO - Epoch 1 volume 41/649 patch 1/8 done: loss=1.611410 avg_loss=1.650747 global_patch_step=325
2026-04-27 14:51:54,542 - INFO - Epoch 1 volume 41/649 patch 2/8 training started
2026-04-27 14:51:54,669 - INFO - Epoch 1 volume 41/649 patch 2/8 done: loss=1.612642 avg_loss=1.650630 global_patch_step=326
2026-04-27 14:51:54,669 - INFO - Epoch 1 volume 41/649 patch 3/8 training started
2026-04-27 14:51:54,794 - INFO - Epoch 1 volume 41/649 patch 3/8 done: loss=1.611386 avg_loss=1.650510 global_patch_step=327
2026-04-27 14:51:54,794 - INFO - Epoch 1 volume 41/649 patch 4/8 training started
2026-04-27 14:51:54,913 - INFO - Epoch 1 volume 41/649 patch 4/8 done: loss=1.610991 avg_loss=1.650390 global_patch_step=328
2026-04-27 14:51:54,913 - INFO - Epoch 1 volume 41/649 patch 5/8 training started
2026-04-27 14:51:55,024 - INFO - Epoch 1 volume 41/649 patch 5/8 done: loss=1.608883 avg_loss=1.650264 global_patch_step=329
2026-04-27 14:51:55,025 - INFO - Epoch 1 volume 41/649 patch 6/8 training started
2026-04-27 14:51:55,141 - INFO - Epoch 1 volume 41/649 patch 6/8 done: loss=1.608801 avg_loss=1.650138 global_patch_step=330
2026-04-27 14:51:55,141 - INFO - Epoch 1 volume 41/649 patch 7/8 training started
2026-04-27 14:51:55,251 - INFO - Epoch 1 volume 41/649 patch 7/8 done: loss=1.607208 avg_loss=1.650008 global_patch_step=331
2026-04-27 14:51:55,251 - INFO - Epoch 1 volume 41/649 patch 8/8 training started
2026-04-27 14:51:55,360 - INFO - Epoch 1 volume 41/649 patch 8/8 done: loss=1.612296 avg_loss=1.649895 global_patch_step=332
2026-04-27 14:51:55,360 - INFO - Epoch 1 volume 42/649 loading
2026-04-27 14:51:55,541 - INFO - Resampling (366, 416, 230) to [300, 341, 288]...
2026-04-27 14:51:55,607 - INFO - Resampling (366, 416, 230) to [300, 341, 288]...
2026-04-27 14:51:55,841 - INFO - Resampling (366, 416, 230) to [300, 341, 288]...
2026-04-27 14:51:55,907 - INFO - Resampling (366, 416, 230) to [300, 341, 288]...
2026-04-27 14:51:56,133 - INFO - Epoch 1 volume 42/649 loaded: patches=8 image_shape=(8, 1, 128, 128, 128) label_shape=(8, 128, 128, 128)
2026-04-27 14:51:56,133 - INFO - Epoch 1 volume 42/649 patch 1/8 training started
2026-04-27 14:51:56,241 - INFO - Epoch 1 volume 42/649 patch 1/8 done: loss=1.609031 avg_loss=1.649772 global_patch_step=333
2026-04-27 14:51:56,242 - INFO - Epoch 1 volume 42/649 patch 2/8 training started
2026-04-27 14:51:56,351 - INFO - Epoch 1 volume 42/649 patch 2/8 done: loss=1.610539 avg_loss=1.649655 global_patch_step=334
2026-04-27 14:51:56,351 - INFO - Epoch 1 volume 42/649 patch 3/8 training started
2026-04-27 14:51:56,461 - INFO - Epoch 1 volume 42/649 patch 3/8 done: loss=1.610158 avg_loss=1.649537 global_patch_step=335
2026-04-27 14:51:56,461 - INFO - Epoch 1 volume 42/649 patch 4/8 training started
2026-04-27 14:51:56,571 - INFO - Epoch 1 volume 42/649 patch 4/8 done: loss=1.608087 avg_loss=1.649413 global_patch_step=336
2026-04-27 14:51:56,571 - INFO - Epoch 1 volume 42/649 patch 5/8 training started
2026-04-27 14:51:56,686 - INFO - Epoch 1 volume 42/649 patch 5/8 done: loss=1.607084 avg_loss=1.649288 global_patch_step=337
2026-04-27 14:51:56,687 - INFO - Epoch 1 volume 42/649 patch 6/8 training started
2026-04-27 14:51:56,796 - INFO - Epoch 1 volume 42/649 patch 6/8 done: loss=1.607221 avg_loss=1.649163 global_patch_step=338
2026-04-27 14:51:56,796 - INFO - Epoch 1 volume 42/649 patch 7/8 training started
2026-04-27 14:51:56,906 - INFO - Epoch 1 volume 42/649 patch 7/8 done: loss=1.606146 avg_loss=1.649036 global_patch_step=339
2026-04-27 14:51:56,906 - INFO - Epoch 1 volume 42/649 patch 8/8 training started
2026-04-27 14:51:57,016 - INFO - Epoch 1 volume 42/649 patch 8/8 done: loss=1.608583 avg_loss=1.648917 global_patch_step=340
2026-04-27 14:51:57,017 - INFO - Epoch 1 volume 43/649 loading
2026-04-27 14:51:57,171 - INFO - Resampling (321, 388, 215) to [281, 340, 269]...
2026-04-27 14:51:57,228 - INFO - Resampling (321, 388, 215) to [281, 340, 269]...
2026-04-27 14:51:57,431 - INFO - Resampling (321, 388, 215) to [281, 340, 269]...
2026-04-27 14:51:57,486 - INFO - Resampling (321, 388, 215) to [281, 340, 269]...
2026-04-27 14:51:57,664 - INFO - Epoch 1 volume 43/649 loaded: patches=8 image_shape=(8, 1, 128, 128, 128) label_shape=(8, 128, 128, 128)
2026-04-27 14:51:57,664 - INFO - Epoch 1 volume 43/649 patch 1/8 training started
2026-04-27 14:51:57,777 - INFO - Epoch 1 volume 43/649 patch 1/8 done: loss=1.610344 avg_loss=1.648804 global_patch_step=341
2026-04-27 14:51:57,777 - INFO - Epoch 1 volume 43/649 patch 2/8 training started
2026-04-27 14:51:57,887 - INFO - Epoch 1 volume 43/649 patch 2/8 done: loss=1.610684 avg_loss=1.648693 global_patch_step=342
2026-04-27 14:51:57,887 - INFO - Epoch 1 volume 43/649 patch 3/8 training started
2026-04-27 14:51:57,997 - INFO - Epoch 1 volume 43/649 patch 3/8 done: loss=1.608796 avg_loss=1.648577 global_patch_step=343
2026-04-27 14:51:57,997 - INFO - Epoch 1 volume 43/649 patch 4/8 training started
2026-04-27 14:51:58,111 - INFO - Epoch 1 volume 43/649 patch 4/8 done: loss=1.607557 avg_loss=1.648457 global_patch_step=344
2026-04-27 14:51:58,111 - INFO - Epoch 1 volume 43/649 patch 5/8 training started
2026-04-27 14:51:58,222 - INFO - Epoch 1 volume 43/649 patch 5/8 done: loss=1.607006 avg_loss=1.648337 global_patch_step=345
2026-04-27 14:51:58,222 - INFO - Epoch 1 volume 43/649 patch 6/8 training started
2026-04-27 14:51:58,332 - INFO - Epoch 1 volume 43/649 patch 6/8 done: loss=1.607201 avg_loss=1.648218 global_patch_step=346
2026-04-27 14:51:58,332 - INFO - Epoch 1 volume 43/649 patch 7/8 training started
2026-04-27 14:51:58,442 - INFO - Epoch 1 volume 43/649 patch 7/8 done: loss=1.605839 avg_loss=1.648096 global_patch_step=347
2026-04-27 14:51:58,442 - INFO - Epoch 1 volume 43/649 patch 8/8 training started
2026-04-27 14:51:58,552 - INFO - Epoch 1 volume 43/649 patch 8/8 done: loss=1.606686 avg_loss=1.647977 global_patch_step=348
2026-04-27 14:51:58,552 - INFO - Epoch 1 volume 44/649 loading
2026-04-27 14:51:58,715 - INFO - Resampling (338, 384, 217) to [277, 315, 271]...
2026-04-27 14:51:58,768 - INFO - Resampling (338, 384, 217) to [277, 315, 271]...
2026-04-27 14:51:58,968 - INFO - Resampling (338, 384, 217) to [277, 315, 271]...
2026-04-27 14:51:59,019 - INFO - Resampling (338, 384, 217) to [277, 315, 271]...
2026-04-27 14:51:59,166 - INFO - Epoch 1 volume 44/649 loaded: patches=8 image_shape=(8, 1, 128, 128, 128) label_shape=(8, 128, 128, 128)
2026-04-27 14:51:59,167 - INFO - Epoch 1 volume 44/649 patch 1/8 training started
2026-04-27 14:51:59,284 - INFO - Epoch 1 volume 44/649 patch 1/8 done: loss=1.608741 avg_loss=1.647865 global_patch_step=349
2026-04-27 14:51:59,284 - INFO - Epoch 1 volume 44/649 patch 2/8 training started
2026-04-27 14:51:59,401 - INFO - Epoch 1 volume 44/649 patch 2/8 done: loss=1.609683 avg_loss=1.647756 global_patch_step=350
2026-04-27 14:51:59,401 - INFO - Epoch 1 volume 44/649 patch 3/8 training started
2026-04-27 14:51:59,518 - INFO - Epoch 1 volume 44/649 patch 3/8 done: loss=1.607741 avg_loss=1.647642 global_patch_step=351
2026-04-27 14:51:59,518 - INFO - Epoch 1 volume 44/649 patch 4/8 training started
2026-04-27 14:51:59,631 - INFO - Epoch 1 volume 44/649 patch 4/8 done: loss=1.606881 avg_loss=1.647526 global_patch_step=352
2026-04-27 14:51:59,631 - INFO - Epoch 1 volume 44/649 patch 5/8 training started
2026-04-27 14:51:59,740 - INFO - Epoch 1 volume 44/649 patch 5/8 done: loss=1.605386 avg_loss=1.647406 global_patch_step=353
2026-04-27 14:51:59,740 - INFO - Epoch 1 volume 44/649 patch 6/8 training started
2026-04-27 14:51:59,851 - INFO - Epoch 1 volume 44/649 patch 6/8 done: loss=1.605297 avg_loss=1.647287 global_patch_step=354
2026-04-27 14:51:59,851 - INFO - Epoch 1 volume 44/649 patch 7/8 training started
2026-04-27 14:51:59,961 - INFO - Epoch 1 volume 44/649 patch 7/8 done: loss=1.604461 avg_loss=1.647167 global_patch_step=355
2026-04-27 14:51:59,962 - INFO - Epoch 1 volume 44/649 patch 8/8 training started
2026-04-27 14:52:00,077 - INFO - Epoch 1 volume 44/649 patch 8/8 done: loss=1.605901 avg_loss=1.647051 global_patch_step=356
2026-04-27 14:52:00,077 - INFO - Epoch 1 volume 45/649 loading
2026-04-27 14:52:00,235 - INFO - Resampling (334, 411, 209) to [271, 334, 261]...
2026-04-27 14:52:00,381 - INFO - Resampling (334, 411, 209) to [271, 334, 261]...
2026-04-27 14:52:00,595 - INFO - Resampling (334, 411, 209) to [271, 334, 261]...
2026-04-27 14:52:00,680 - INFO - Resampling (334, 411, 209) to [271, 334, 261]...
2026-04-27 14:52:00,845 - INFO - Epoch 1 volume 45/649 loaded: patches=8 image_shape=(8, 1, 128, 128, 128) label_shape=(8, 128, 128, 128)
2026-04-27 14:52:00,845 - INFO - Epoch 1 volume 45/649 patch 1/8 training started
2026-04-27 14:52:00,972 - INFO - Epoch 1 volume 45/649 patch 1/8 done: loss=1.605679 avg_loss=1.646935 global_patch_step=357
2026-04-27 14:52:00,972 - INFO - Epoch 1 volume 45/649 patch 2/8 training started
2026-04-27 14:52:01,097 - INFO - Epoch 1 volume 45/649 patch 2/8 done: loss=1.606567 avg_loss=1.646822 global_patch_step=358
2026-04-27 14:52:01,097 - INFO - Epoch 1 volume 45/649 patch 3/8 training started
2026-04-27 14:52:01,223 - INFO - Epoch 1 volume 45/649 patch 3/8 done: loss=1.606168 avg_loss=1.646709 global_patch_step=359
2026-04-27 14:52:01,224 - INFO - Epoch 1 volume 45/649 patch 4/8 training started
2026-04-27 14:52:01,348 - INFO - Epoch 1 volume 45/649 patch 4/8 done: loss=1.606013 avg_loss=1.646596 global_patch_step=360
2026-04-27 14:52:01,349 - INFO - Epoch 1 volume 45/649 patch 5/8 training started
2026-04-27 14:52:01,473 - INFO - Epoch 1 volume 45/649 patch 5/8 done: loss=1.604653 avg_loss=1.646480 global_patch_step=361
2026-04-27 14:52:01,473 - INFO - Epoch 1 volume 45/649 patch 6/8 training started
2026-04-27 14:52:01,596 - INFO - Epoch 1 volume 45/649 patch 6/8 done: loss=1.603566 avg_loss=1.646361 global_patch_step=362
2026-04-27 14:52:01,596 - INFO - Epoch 1 volume 45/649 patch 7/8 training started
2026-04-27 14:52:01,720 - INFO - Epoch 1 volume 45/649 patch 7/8 done: loss=1.602737 avg_loss=1.646241 global_patch_step=363
2026-04-27 14:52:01,721 - INFO - Epoch 1 volume 45/649 patch 8/8 training started
2026-04-27 14:52:01,845 - INFO - Epoch 1 volume 45/649 patch 8/8 done: loss=1.602543 avg_loss=1.646121 global_patch_step=364
2026-04-27 14:52:01,846 - INFO - Epoch 1 volume 46/649 loading
2026-04-27 14:52:02,177 - INFO - Resampling (377, 428, 342) to [328, 373, 428]...
2026-04-27 14:52:02,336 - INFO - Resampling (377, 428, 342) to [328, 373, 428]...
2026-04-27 14:52:02,847 - INFO - Resampling (377, 428, 342) to [328, 373, 428]...
2026-04-27 14:52:02,950 - INFO - Resampling (377, 428, 342) to [328, 373, 428]...
2026-04-27 14:52:03,842 - INFO - Epoch 1 volume 46/649 loaded: patches=12 image_shape=(12, 1, 128, 128, 128) label_shape=(12, 128, 128, 128)
2026-04-27 14:52:03,842 - INFO - Epoch 1 volume 46/649 patch 1/12 training started
2026-04-27 14:52:03,976 - INFO - Epoch 1 volume 46/649 patch 1/12 done: loss=1.602876 avg_loss=1.646003 global_patch_step=365
2026-04-27 14:52:03,976 - INFO - Epoch 1 volume 46/649 patch 2/12 training started
2026-04-27 14:52:04,119 - INFO - Epoch 1 volume 46/649 patch 2/12 done: loss=1.603855 avg_loss=1.645887 global_patch_step=366
2026-04-27 14:52:04,119 - INFO - Epoch 1 volume 46/649 patch 3/12 training started
2026-04-27 14:52:04,245 - INFO - Epoch 1 volume 46/649 patch 3/12 done: loss=1.603150 avg_loss=1.645771 global_patch_step=367
2026-04-27 14:52:04,245 - INFO - Epoch 1 volume 46/649 patch 4/12 training started
2026-04-27 14:52:04,371 - INFO - Epoch 1 volume 46/649 patch 4/12 done: loss=1.605443 avg_loss=1.645661 global_patch_step=368
2026-04-27 14:52:04,371 - INFO - Epoch 1 volume 46/649 patch 5/12 training started
2026-04-27 14:52:04,498 - INFO - Epoch 1 volume 46/649 patch 5/12 done: loss=1.605741 avg_loss=1.645553 global_patch_step=369
2026-04-27 14:52:04,498 - INFO - Epoch 1 volume 46/649 patch 6/12 training started
2026-04-27 14:52:04,626 - INFO - Epoch 1 volume 46/649 patch 6/12 done: loss=1.607426 avg_loss=1.645450 global_patch_step=370
2026-04-27 14:52:04,626 - INFO - Epoch 1 volume 46/649 patch 7/12 training started
2026-04-27 14:52:04,750 - INFO - Epoch 1 volume 46/649 patch 7/12 done: loss=1.604167 avg_loss=1.645339 global_patch_step=371
2026-04-27 14:52:04,750 - INFO - Epoch 1 volume 46/649 patch 8/12 training started
2026-04-27 14:52:04,876 - INFO - Epoch 1 volume 46/649 patch 8/12 done: loss=1.603276 avg_loss=1.645226 global_patch_step=372
2026-04-27 14:52:04,876 - INFO - Epoch 1 volume 46/649 patch 9/12 training started
2026-04-27 14:52:05,001 - INFO - Epoch 1 volume 46/649 patch 9/12 done: loss=1.606720 avg_loss=1.645123 global_patch_step=373
2026-04-27 14:52:05,001 - INFO - Epoch 1 volume 46/649 patch 10/12 training started
2026-04-27 14:52:05,130 - INFO - Epoch 1 volume 46/649 patch 10/12 done: loss=1.602667 avg_loss=1.645009 global_patch_step=374
2026-04-27 14:52:05,130 - INFO - Epoch 1 volume 46/649 patch 11/12 training started
2026-04-27 14:52:05,254 - INFO - Epoch 1 volume 46/649 patch 11/12 done: loss=1.600524 avg_loss=1.644890 global_patch_step=375
2026-04-27 14:52:05,254 - INFO - Epoch 1 volume 46/649 patch 12/12 training started
2026-04-27 14:52:05,379 - INFO - Epoch 1 volume 46/649 patch 12/12 done: loss=1.605891 avg_loss=1.644787 global_patch_step=376
2026-04-27 14:52:05,380 - INFO - Epoch 1 volume 47/649 loading
2026-04-27 14:52:05,583 - INFO - Resampling (325, 418, 243) to [303, 390, 304]...
2026-04-27 14:52:05,784 - INFO - Resampling (325, 418, 243) to [303, 390, 304]...
2026-04-27 14:52:06,188 - INFO - Resampling (325, 418, 243) to [303, 390, 304]...
2026-04-27 14:52:06,308 - INFO - Resampling (325, 418, 243) to [303, 390, 304]...
2026-04-27 14:52:06,681 - INFO - Epoch 1 volume 47/649 loaded: patches=12 image_shape=(12, 1, 128, 128, 128) label_shape=(12, 128, 128, 128)
2026-04-27 14:52:06,681 - INFO - Epoch 1 volume 47/649 patch 1/12 training started
2026-04-27 14:52:06,807 - INFO - Epoch 1 volume 47/649 patch 1/12 done: loss=1.605016 avg_loss=1.644681 global_patch_step=377
2026-04-27 14:52:06,807 - INFO - Epoch 1 volume 47/649 patch 2/12 training started
2026-04-27 14:52:06,930 - INFO - Epoch 1 volume 47/649 patch 2/12 done: loss=1.604684 avg_loss=1.644575 global_patch_step=378
2026-04-27 14:52:06,930 - INFO - Epoch 1 volume 47/649 patch 3/12 training started
2026-04-27 14:52:07,049 - INFO - Epoch 1 volume 47/649 patch 3/12 done: loss=1.602593 avg_loss=1.644465 global_patch_step=379
2026-04-27 14:52:07,050 - INFO - Epoch 1 volume 47/649 patch 4/12 training started
2026-04-27 14:52:07,173 - INFO - Epoch 1 volume 47/649 patch 4/12 done: loss=1.602020 avg_loss=1.644353 global_patch_step=380
2026-04-27 14:52:07,173 - INFO - Epoch 1 volume 47/649 patch 5/12 training started
2026-04-27 14:52:07,298 - INFO - Epoch 1 volume 47/649 patch 5/12 done: loss=1.601780 avg_loss=1.644241 global_patch_step=381
2026-04-27 14:52:07,298 - INFO - Epoch 1 volume 47/649 patch 6/12 training started
2026-04-27 14:52:07,423 - INFO - Epoch 1 volume 47/649 patch 6/12 done: loss=1.600461 avg_loss=1.644127 global_patch_step=382
2026-04-27 14:52:07,423 - INFO - Epoch 1 volume 47/649 patch 7/12 training started
2026-04-27 14:52:07,550 - INFO - Epoch 1 volume 47/649 patch 7/12 done: loss=1.602056 avg_loss=1.644017 global_patch_step=383
2026-04-27 14:52:07,550 - INFO - Epoch 1 volume 47/649 patch 8/12 training started
2026-04-27 14:52:07,678 - INFO - Epoch 1 volume 47/649 patch 8/12 done: loss=1.599980 avg_loss=1.643902 global_patch_step=384
2026-04-27 14:52:07,678 - INFO - Epoch 1 volume 47/649 patch 9/12 training started
2026-04-27 14:52:07,804 - INFO - Epoch 1 volume 47/649 patch 9/12 done: loss=1.599021 avg_loss=1.643785 global_patch_step=385
2026-04-27 14:52:07,804 - INFO - Epoch 1 volume 47/649 patch 10/12 training started
2026-04-27 14:52:07,929 - INFO - Epoch 1 volume 47/649 patch 10/12 done: loss=1.603453 avg_loss=1.643681 global_patch_step=386
2026-04-27 14:52:07,929 - INFO - Epoch 1 volume 47/649 patch 11/12 training started
2026-04-27 14:52:08,055 - INFO - Epoch 1 volume 47/649 patch 11/12 done: loss=1.599579 avg_loss=1.643567 global_patch_step=387
2026-04-27 14:52:08,056 - INFO - Epoch 1 volume 47/649 patch 12/12 training started
2026-04-27 14:52:08,185 - INFO - Epoch 1 volume 47/649 patch 12/12 done: loss=1.599570 avg_loss=1.643454 global_patch_step=388
2026-04-27 14:52:08,185 - INFO - Epoch 1 volume 48/649 loading
2026-04-27 14:52:08,425 - INFO - Resampling (345, 384, 261) to [283, 315, 326]...
2026-04-27 14:52:08,482 - INFO - Resampling (345, 384, 261) to [283, 315, 326]...
2026-04-27 14:52:08,683 - INFO - Resampling (345, 384, 261) to [283, 315, 326]...
2026-04-27 14:52:08,741 - INFO - Resampling (345, 384, 261) to [283, 315, 326]...
2026-04-27 14:52:08,920 - INFO - Epoch 1 volume 48/649 loaded: patches=8 image_shape=(8, 1, 128, 128, 128) label_shape=(8, 128, 128, 128)
2026-04-27 14:52:08,920 - INFO - Epoch 1 volume 48/649 patch 1/8 training started
2026-04-27 14:52:09,050 - INFO - Epoch 1 volume 48/649 patch 1/8 done: loss=1.600865 avg_loss=1.643344 global_patch_step=389
2026-04-27 14:52:09,050 - INFO - Epoch 1 volume 48/649 patch 2/8 training started
2026-04-27 14:52:09,183 - INFO - Epoch 1 volume 48/649 patch 2/8 done: loss=1.601193 avg_loss=1.643236 global_patch_step=390
2026-04-27 14:52:09,183 - INFO - Epoch 1 volume 48/649 patch 3/8 training started
2026-04-27 14:52:09,310 - INFO - Epoch 1 volume 48/649 patch 3/8 done: loss=1.599559 avg_loss=1.643124 global_patch_step=391
2026-04-27 14:52:09,310 - INFO - Epoch 1 volume 48/649 patch 4/8 training started
2026-04-27 14:52:09,441 - INFO - Epoch 1 volume 48/649 patch 4/8 done: loss=1.599786 avg_loss=1.643014 global_patch_step=392
2026-04-27 14:52:09,441 - INFO - Epoch 1 volume 48/649 patch 5/8 training started
2026-04-27 14:52:09,570 - INFO - Epoch 1 volume 48/649 patch 5/8 done: loss=1.600372 avg_loss=1.642905 global_patch_step=393
2026-04-27 14:52:09,570 - INFO - Epoch 1 volume 48/649 patch 6/8 training started
2026-04-27 14:52:09,696 - INFO - Epoch 1 volume 48/649 patch 6/8 done: loss=1.600665 avg_loss=1.642798 global_patch_step=394
2026-04-27 14:52:09,696 - INFO - Epoch 1 volume 48/649 patch 7/8 training started
2026-04-27 14:52:09,824 - INFO - Epoch 1 volume 48/649 patch 7/8 done: loss=1.596862 avg_loss=1.642682 global_patch_step=395
2026-04-27 14:52:09,824 - INFO - Epoch 1 volume 48/649 patch 8/8 training started
2026-04-27 14:52:09,947 - INFO - Epoch 1 volume 48/649 patch 8/8 done: loss=1.600068 avg_loss=1.642574 global_patch_step=396
2026-04-27 14:52:09,948 - INFO - Epoch 1 volume 49/649 loading
2026-04-27 14:52:10,099 - INFO - Resampling (315, 409, 218) to [269, 350, 272]...
2026-04-27 14:52:10,224 - INFO - Resampling (315, 409, 218) to [269, 350, 272]...
2026-04-27 14:52:10,414 - INFO - Resampling (315, 409, 218) to [269, 350, 272]...
2026-04-27 14:52:10,494 - INFO - Resampling (315, 409, 218) to [269, 350, 272]...
2026-04-27 14:52:10,677 - INFO - Epoch 1 volume 49/649 loaded: patches=8 image_shape=(8, 1, 128, 128, 128) label_shape=(8, 128, 128, 128)
2026-04-27 14:52:10,677 - INFO - Epoch 1 volume 49/649 patch 1/8 training started
2026-04-27 14:52:10,804 - INFO - Epoch 1 volume 49/649 patch 1/8 done: loss=1.600374 avg_loss=1.642468 global_patch_step=397
2026-04-27 14:52:10,804 - INFO - Epoch 1 volume 49/649 patch 2/8 training started
2026-04-27 14:52:10,932 - INFO - Epoch 1 volume 49/649 patch 2/8 done: loss=1.600945 avg_loss=1.642364 global_patch_step=398
2026-04-27 14:52:10,932 - INFO - Epoch 1 volume 49/649 patch 3/8 training started
2026-04-27 14:52:11,061 - INFO - Epoch 1 volume 49/649 patch 3/8 done: loss=1.600669 avg_loss=1.642259 global_patch_step=399
2026-04-27 14:52:11,061 - INFO - Epoch 1 volume 49/649 patch 4/8 training started
2026-04-27 14:52:11,189 - INFO - Epoch 1 volume 49/649 patch 4/8 done: loss=1.599305 avg_loss=1.642152 global_patch_step=400
2026-04-27 14:52:11,189 - INFO - Epoch 1 volume 49/649 patch 5/8 training started
2026-04-27 14:52:11,314 - INFO - Epoch 1 volume 49/649 patch 5/8 done: loss=1.597082 avg_loss=1.642039 global_patch_step=401
2026-04-27 14:52:11,314 - INFO - Epoch 1 volume 49/649 patch 6/8 training started
2026-04-27 14:52:11,440 - INFO - Epoch 1 volume 49/649 patch 6/8 done: loss=1.597677 avg_loss=1.641929 global_patch_step=402
2026-04-27 14:52:11,440 - INFO - Epoch 1 volume 49/649 patch 7/8 training started
2026-04-27 14:52:11,568 - INFO - Epoch 1 volume 49/649 patch 7/8 done: loss=1.596230 avg_loss=1.641816 global_patch_step=403
2026-04-27 14:52:11,568 - INFO - Epoch 1 volume 49/649 patch 8/8 training started
2026-04-27 14:52:11,695 - INFO - Epoch 1 volume 49/649 patch 8/8 done: loss=1.596449 avg_loss=1.641703 global_patch_step=404
2026-04-27 14:52:11,696 - INFO - Epoch 1 volume 50/649 loading
2026-04-27 14:52:11,887 - INFO - Resampling (337, 393, 223) to [276, 322, 279]...
2026-04-27 14:52:11,963 - INFO - Resampling (337, 393, 223) to [276, 322, 279]...
2026-04-27 14:52:12,145 - INFO - Resampling (337, 393, 223) to [276, 322, 279]...
2026-04-27 14:52:12,228 - INFO - Resampling (337, 393, 223) to [276, 322, 279]...
2026-04-27 14:52:12,391 - INFO - Epoch 1 volume 50/649 loaded: patches=8 image_shape=(8, 1, 128, 128, 128) label_shape=(8, 128, 128, 128)
2026-04-27 14:52:12,391 - INFO - Epoch 1 volume 50/649 patch 1/8 training started
2026-04-27 14:52:12,520 - INFO - Epoch 1 volume 50/649 patch 1/8 done: loss=1.599730 avg_loss=1.641600 global_patch_step=405
2026-04-27 14:52:12,520 - INFO - Epoch 1 volume 50/649 patch 2/8 training started
2026-04-27 14:52:12,650 - INFO - Epoch 1 volume 50/649 patch 2/8 done: loss=1.598829 avg_loss=1.641494 global_patch_step=406
2026-04-27 14:52:12,650 - INFO - Epoch 1 volume 50/649 patch 3/8 training started
2026-04-27 14:52:12,779 - INFO - Epoch 1 volume 50/649 patch 3/8 done: loss=1.598536 avg_loss=1.641389 global_patch_step=407
2026-04-27 14:52:12,779 - INFO - Epoch 1 volume 50/649 patch 4/8 training started
2026-04-27 14:52:12,907 - INFO - Epoch 1 volume 50/649 patch 4/8 done: loss=1.597428 avg_loss=1.641281 global_patch_step=408
2026-04-27 14:52:12,907 - INFO - Epoch 1 volume 50/649 patch 5/8 training started
2026-04-27 14:52:13,033 - INFO - Epoch 1 volume 50/649 patch 5/8 done: loss=1.596495 avg_loss=1.641171 global_patch_step=409
2026-04-27 14:52:13,033 - INFO - Epoch 1 volume 50/649 patch 6/8 training started
2026-04-27 14:52:13,159 - INFO - Epoch 1 volume 50/649 patch 6/8 done: loss=1.596610 avg_loss=1.641063 global_patch_step=410
2026-04-27 14:52:13,159 - INFO - Epoch 1 volume 50/649 patch 7/8 training started
2026-04-27 14:52:13,287 - INFO - Epoch 1 volume 50/649 patch 7/8 done: loss=1.595263 avg_loss=1.640951 global_patch_step=411
2026-04-27 14:52:13,287 - INFO - Epoch 1 volume 50/649 patch 8/8 training started
2026-04-27 14:52:13,413 - INFO - Epoch 1 volume 50/649 patch 8/8 done: loss=1.595476 avg_loss=1.640841 global_patch_step=412
2026-04-27 14:52:13,413 - INFO - Epoch 1 volume 51/649 loading
2026-04-27 14:52:13,614 - INFO - Resampling (339, 414, 226) to [278, 340, 282]...
2026-04-27 14:52:13,675 - INFO - Resampling (339, 414, 226) to [278, 340, 282]...
2026-04-27 14:52:13,913 - INFO - Resampling (339, 414, 226) to [278, 340, 282]...
2026-04-27 14:52:13,972 - INFO - Resampling (339, 414, 226) to [278, 340, 282]...
2026-04-27 14:52:14,144 - INFO - Epoch 1 volume 51/649 loaded: patches=8 image_shape=(8, 1, 128, 128, 128) label_shape=(8, 128, 128, 128)
2026-04-27 14:52:14,144 - INFO - Epoch 1 volume 51/649 patch 1/8 training started
2026-04-27 14:52:14,277 - INFO - Epoch 1 volume 51/649 patch 1/8 done: loss=1.597126 avg_loss=1.640735 global_patch_step=413
2026-04-27 14:52:14,277 - INFO - Epoch 1 volume 51/649 patch 2/8 training started
2026-04-27 14:52:14,405 - INFO - Epoch 1 volume 51/649 patch 2/8 done: loss=1.598019 avg_loss=1.640632 global_patch_step=414
2026-04-27 14:52:14,406 - INFO - Epoch 1 volume 51/649 patch 3/8 training started
2026-04-27 14:52:14,533 - INFO - Epoch 1 volume 51/649 patch 3/8 done: loss=1.597288 avg_loss=1.640527 global_patch_step=415
2026-04-27 14:52:14,533 - INFO - Epoch 1 volume 51/649 patch 4/8 training started
2026-04-27 14:52:14,662 - INFO - Epoch 1 volume 51/649 patch 4/8 done: loss=1.596891 avg_loss=1.640423 global_patch_step=416
2026-04-27 14:52:14,662 - INFO - Epoch 1 volume 51/649 patch 5/8 training started
2026-04-27 14:52:14,790 - INFO - Epoch 1 volume 51/649 patch 5/8 done: loss=1.594187 avg_loss=1.640312 global_patch_step=417
2026-04-27 14:52:14,790 - INFO - Epoch 1 volume 51/649 patch 6/8 training started
2026-04-27 14:52:14,918 - INFO - Epoch 1 volume 51/649 patch 6/8 done: loss=1.594329 avg_loss=1.640202 global_patch_step=418
2026-04-27 14:52:14,918 - INFO - Epoch 1 volume 51/649 patch 7/8 training started
2026-04-27 14:52:15,045 - INFO - Epoch 1 volume 51/649 patch 7/8 done: loss=1.593168 avg_loss=1.640089 global_patch_step=419
2026-04-27 14:52:15,045 - INFO - Epoch 1 volume 51/649 patch 8/8 training started
2026-04-27 14:52:15,172 - INFO - Epoch 1 volume 51/649 patch 8/8 done: loss=1.594000 avg_loss=1.639980 global_patch_step=420
2026-04-27 14:52:15,173 - INFO - Epoch 1 volume 52/649 loading
2026-04-27 14:52:15,292 - INFO - Resampling (309, 393, 200) to [278, 353, 250]...
2026-04-27 14:52:15,340 - INFO - Resampling (309, 393, 200) to [278, 353, 250]...
2026-04-27 14:52:15,503 - INFO - Resampling (309, 393, 200) to [278, 353, 250]...
2026-04-27 14:52:15,555 - INFO - Resampling (309, 393, 200) to [278, 353, 250]...
2026-04-27 14:52:15,686 - INFO - Epoch 1 volume 52/649 loaded: patches=4 image_shape=(4, 1, 128, 128, 128) label_shape=(4, 128, 128, 128)
2026-04-27 14:52:15,686 - INFO - Epoch 1 volume 52/649 patch 1/4 training started
2026-04-27 14:52:15,811 - INFO - Epoch 1 volume 52/649 patch 1/4 done: loss=1.596814 avg_loss=1.639877 global_patch_step=421
2026-04-27 14:52:15,811 - INFO - Epoch 1 volume 52/649 patch 2/4 training started
2026-04-27 14:52:15,937 - INFO - Epoch 1 volume 52/649 patch 2/4 done: loss=1.596018 avg_loss=1.639773 global_patch_step=422
2026-04-27 14:52:15,937 - INFO - Epoch 1 volume 52/649 patch 3/4 training started
2026-04-27 14:52:16,064 - INFO - Epoch 1 volume 52/649 patch 3/4 done: loss=1.591851 avg_loss=1.639660 global_patch_step=423
2026-04-27 14:52:16,064 - INFO - Epoch 1 volume 52/649 patch 4/4 training started
2026-04-27 14:52:16,191 - INFO - Epoch 1 volume 52/649 patch 4/4 done: loss=1.594509 avg_loss=1.639553 global_patch_step=424
2026-04-27 14:52:16,191 - INFO - Epoch 1 volume 53/649 loading
2026-04-27 14:52:16,472 - INFO - Resampling (349, 412, 347) to [309, 365, 434]...
2026-04-27 14:52:16,672 - INFO - Resampling (349, 412, 347) to [309, 365, 434]...
2026-04-27 14:52:17,175 - INFO - Resampling (349, 412, 347) to [309, 365, 434]...
2026-04-27 14:52:17,353 - INFO - Resampling (349, 412, 347) to [309, 365, 434]...
2026-04-27 14:52:17,942 - INFO - Epoch 1 volume 53/649 loaded: patches=12 image_shape=(12, 1, 128, 128, 128) label_shape=(12, 128, 128, 128)
2026-04-27 14:52:17,942 - INFO - Epoch 1 volume 53/649 patch 1/12 training started
2026-04-27 14:52:18,066 - INFO - Epoch 1 volume 53/649 patch 1/12 done: loss=1.593555 avg_loss=1.639445 global_patch_step=425
2026-04-27 14:52:18,066 - INFO - Epoch 1 volume 53/649 patch 2/12 training started
2026-04-27 14:52:18,192 - INFO - Epoch 1 volume 53/649 patch 2/12 done: loss=1.594542 avg_loss=1.639340 global_patch_step=426
2026-04-27 14:52:18,192 - INFO - Epoch 1 volume 53/649 patch 3/12 training started
2026-04-27 14:52:18,319 - INFO - Epoch 1 volume 53/649 patch 3/12 done: loss=1.594494 avg_loss=1.639235 global_patch_step=427
2026-04-27 14:52:18,319 - INFO - Epoch 1 volume 53/649 patch 4/12 training started
2026-04-27 14:52:18,443 - INFO - Epoch 1 volume 53/649 patch 4/12 done: loss=1.594969 avg_loss=1.639131 global_patch_step=428
2026-04-27 14:52:18,444 - INFO - Epoch 1 volume 53/649 patch 5/12 training started
2026-04-27 14:52:18,569 - INFO - Epoch 1 volume 53/649 patch 5/12 done: loss=1.595347 avg_loss=1.639029 global_patch_step=429
2026-04-27 14:52:18,569 - INFO - Epoch 1 volume 53/649 patch 6/12 training started
2026-04-27 14:52:18,698 - INFO - Epoch 1 volume 53/649 patch 6/12 done: loss=1.596825 avg_loss=1.638931 global_patch_step=430
2026-04-27 14:52:18,698 - INFO - Epoch 1 volume 53/649 patch 7/12 training started
2026-04-27 14:52:18,833 - INFO - Epoch 1 volume 53/649 patch 7/12 done: loss=1.595832 avg_loss=1.638831 global_patch_step=431
2026-04-27 14:52:18,834 - INFO - Epoch 1 volume 53/649 patch 8/12 training started
2026-04-27 14:52:18,958 - INFO - Epoch 1 volume 53/649 patch 8/12 done: loss=1.595337 avg_loss=1.638730 global_patch_step=432
2026-04-27 14:52:18,958 - INFO - Epoch 1 volume 53/649 patch 9/12 training started
2026-04-27 14:52:19,085 - INFO - Epoch 1 volume 53/649 patch 9/12 done: loss=1.592536 avg_loss=1.638624 global_patch_step=433
2026-04-27 14:52:19,085 - INFO - Epoch 1 volume 53/649 patch 10/12 training started
2026-04-27 14:52:19,214 - INFO - Epoch 1 volume 53/649 patch 10/12 done: loss=1.592620 avg_loss=1.638518 global_patch_step=434
2026-04-27 14:52:19,214 - INFO - Epoch 1 volume 53/649 patch 11/12 training started
2026-04-27 14:52:19,345 - INFO - Epoch 1 volume 53/649 patch 11/12 done: loss=1.589626 avg_loss=1.638405 global_patch_step=435
2026-04-27 14:52:19,346 - INFO - Epoch 1 volume 53/649 patch 12/12 training started
2026-04-27 14:52:19,473 - INFO - Epoch 1 volume 53/649 patch 12/12 done: loss=1.598228 avg_loss=1.638313 global_patch_step=436
2026-04-27 14:52:19,474 - INFO - Epoch 1 volume 54/649 loading
2026-04-27 14:52:19,647 - INFO - Resampling (333, 407, 227) to [273, 334, 284]...
2026-04-27 14:52:19,741 - INFO - Resampling (333, 407, 227) to [273, 334, 284]...
2026-04-27 14:52:19,960 - INFO - Resampling (333, 407, 227) to [273, 334, 284]...
2026-04-27 14:52:20,044 - INFO - Resampling (333, 407, 227) to [273, 334, 284]...
2026-04-27 14:52:20,220 - INFO - Epoch 1 volume 54/649 loaded: patches=8 image_shape=(8, 1, 128, 128, 128) label_shape=(8, 128, 128, 128)
2026-04-27 14:52:20,220 - INFO - Epoch 1 volume 54/649 patch 1/8 training started
2026-04-27 14:52:20,350 - INFO - Epoch 1 volume 54/649 patch 1/8 done: loss=1.593569 avg_loss=1.638211 global_patch_step=437
2026-04-27 14:52:20,350 - INFO - Epoch 1 volume 54/649 patch 2/8 training started
2026-04-27 14:52:20,478 - INFO - Epoch 1 volume 54/649 patch 2/8 done: loss=1.597082 avg_loss=1.638117 global_patch_step=438
2026-04-27 14:52:20,478 - INFO - Epoch 1 volume 54/649 patch 3/8 training started
2026-04-27 14:52:20,608 - INFO - Epoch 1 volume 54/649 patch 3/8 done: loss=1.593424 avg_loss=1.638015 global_patch_step=439
2026-04-27 14:52:20,608 - INFO - Epoch 1 volume 54/649 patch 4/8 training started
2026-04-27 14:52:20,737 - INFO - Epoch 1 volume 54/649 patch 4/8 done: loss=1.592615 avg_loss=1.637912 global_patch_step=440
2026-04-27 14:52:20,737 - INFO - Epoch 1 volume 54/649 patch 5/8 training started
2026-04-27 14:52:20,861 - INFO - Epoch 1 volume 54/649 patch 5/8 done: loss=1.592171 avg_loss=1.637808 global_patch_step=441
2026-04-27 14:52:20,861 - INFO - Epoch 1 volume 54/649 patch 6/8 training started
2026-04-27 14:52:20,985 - INFO - Epoch 1 volume 54/649 patch 6/8 done: loss=1.592374 avg_loss=1.637705 global_patch_step=442
2026-04-27 14:52:20,986 - INFO - Epoch 1 volume 54/649 patch 7/8 training started
2026-04-27 14:52:21,111 - INFO - Epoch 1 volume 54/649 patch 7/8 done: loss=1.590198 avg_loss=1.637598 global_patch_step=443
2026-04-27 14:52:21,111 - INFO - Epoch 1 volume 54/649 patch 8/8 training started
2026-04-27 14:52:21,239 - INFO - Epoch 1 volume 54/649 patch 8/8 done: loss=1.589678 avg_loss=1.637490 global_patch_step=444
2026-04-27 14:52:21,239 - INFO - Epoch 1 volume 55/649 loading
2026-04-27 14:52:21,535 - INFO - Resampling (349, 412, 281) to [308, 364, 351]...
2026-04-27 14:52:21,621 - INFO - Resampling (349, 412, 281) to [308, 364, 351]...
2026-04-27 14:52:22,104 - INFO - Resampling (349, 412, 281) to [308, 364, 351]...
2026-04-27 14:52:22,197 - INFO - Resampling (349, 412, 281) to [308, 364, 351]...
2026-04-27 14:52:22,767 - INFO - Epoch 1 volume 55/649 loaded: patches=8 image_shape=(8, 1, 128, 128, 128) label_shape=(8, 128, 128, 128)
2026-04-27 14:52:22,767 - INFO - Epoch 1 volume 55/649 patch 1/8 training started
2026-04-27 14:52:22,893 - INFO - Epoch 1 volume 55/649 patch 1/8 done: loss=1.590551 avg_loss=1.637385 global_patch_step=445
2026-04-27 14:52:22,893 - INFO - Epoch 1 volume 55/649 patch 2/8 training started
2026-04-27 14:52:23,015 - INFO - Epoch 1 volume 55/649 patch 2/8 done: loss=1.591978 avg_loss=1.637283 global_patch_step=446
2026-04-27 14:52:23,015 - INFO - Epoch 1 volume 55/649 patch 3/8 training started
2026-04-27 14:52:23,142 - INFO - Epoch 1 volume 55/649 patch 3/8 done: loss=1.591459 avg_loss=1.637180 global_patch_step=447
2026-04-27 14:52:23,142 - INFO - Epoch 1 volume 55/649 patch 4/8 training started
2026-04-27 14:52:23,268 - INFO - Epoch 1 volume 55/649 patch 4/8 done: loss=1.593052 avg_loss=1.637082 global_patch_step=448
2026-04-27 14:52:23,268 - INFO - Epoch 1 volume 55/649 patch 5/8 training started
2026-04-27 14:52:23,393 - INFO - Epoch 1 volume 55/649 patch 5/8 done: loss=1.591323 avg_loss=1.636980 global_patch_step=449
2026-04-27 14:52:23,393 - INFO - Epoch 1 volume 55/649 patch 6/8 training started
2026-04-27 14:52:23,521 - INFO - Epoch 1 volume 55/649 patch 6/8 done: loss=1.593769 avg_loss=1.636884 global_patch_step=450
2026-04-27 14:52:23,521 - INFO - Epoch 1 volume 55/649 patch 7/8 training started
2026-04-27 14:52:23,648 - INFO - Epoch 1 volume 55/649 patch 7/8 done: loss=1.589875 avg_loss=1.636780 global_patch_step=451
2026-04-27 14:52:23,648 - INFO - Epoch 1 volume 55/649 patch 8/8 training started
2026-04-27 14:52:23,772 - INFO - Epoch 1 volume 55/649 patch 8/8 done: loss=1.590330 avg_loss=1.636677 global_patch_step=452
2026-04-27 14:52:23,772 - INFO - Epoch 1 volume 56/649 loading
2026-04-27 14:52:23,900 - INFO - Resampling (290, 334, 215) to [276, 318, 269]...
2026-04-27 14:52:23,951 - INFO - Resampling (290, 334, 215) to [276, 318, 269]...
2026-04-27 14:52:24,130 - INFO - Resampling (290, 334, 215) to [276, 318, 269]...
2026-04-27 14:52:24,180 - INFO - Resampling (290, 334, 215) to [276, 318, 269]...
2026-04-27 14:52:24,345 - INFO - Epoch 1 volume 56/649 loaded: patches=8 image_shape=(8, 1, 128, 128, 128) label_shape=(8, 128, 128, 128)
2026-04-27 14:52:24,345 - INFO - Epoch 1 volume 56/649 patch 1/8 training started
2026-04-27 14:52:24,470 - INFO - Epoch 1 volume 56/649 patch 1/8 done: loss=1.594069 avg_loss=1.636583 global_patch_step=453
2026-04-27 14:52:24,470 - INFO - Epoch 1 volume 56/649 patch 2/8 training started
2026-04-27 14:52:24,594 - INFO - Epoch 1 volume 56/649 patch 2/8 done: loss=1.593280 avg_loss=1.636488 global_patch_step=454
2026-04-27 14:52:24,594 - INFO - Epoch 1 volume 56/649 patch 3/8 training started
2026-04-27 14:52:24,721 - INFO - Epoch 1 volume 56/649 patch 3/8 done: loss=1.590319 avg_loss=1.636386 global_patch_step=455
2026-04-27 14:52:24,721 - INFO - Epoch 1 volume 56/649 patch 4/8 training started
2026-04-27 14:52:24,847 - INFO - Epoch 1 volume 56/649 patch 4/8 done: loss=1.589973 avg_loss=1.636284 global_patch_step=456
2026-04-27 14:52:24,848 - INFO - Epoch 1 volume 56/649 patch 5/8 training started
2026-04-27 14:52:24,974 - INFO - Epoch 1 volume 56/649 patch 5/8 done: loss=1.589846 avg_loss=1.636183 global_patch_step=457
2026-04-27 14:52:24,974 - INFO - Epoch 1 volume 56/649 patch 6/8 training started
2026-04-27 14:52:25,097 - INFO - Epoch 1 volume 56/649 patch 6/8 done: loss=1.589574 avg_loss=1.636081 global_patch_step=458
2026-04-27 14:52:25,097 - INFO - Epoch 1 volume 56/649 patch 7/8 training started
2026-04-27 14:52:25,225 - INFO - Epoch 1 volume 56/649 patch 7/8 done: loss=1.589054 avg_loss=1.635979 global_patch_step=459
2026-04-27 14:52:25,225 - INFO - Epoch 1 volume 56/649 patch 8/8 training started
2026-04-27 14:52:25,352 - INFO - Epoch 1 volume 56/649 patch 8/8 done: loss=1.588978 avg_loss=1.635876 global_patch_step=460
2026-04-27 14:52:25,352 - INFO - Epoch 1 volume 57/649 loading
2026-04-27 14:52:25,529 - INFO - Resampling (337, 391, 267) to [299, 347, 334]...
2026-04-27 14:52:25,644 - INFO - Resampling (337, 391, 267) to [299, 347, 334]...
2026-04-27 14:52:25,874 - INFO - Resampling (337, 391, 267) to [299, 347, 334]...
2026-04-27 14:52:25,985 - INFO - Resampling (337, 391, 267) to [299, 347, 334]...
2026-04-27 14:52:26,355 - INFO - Epoch 1 volume 57/649 loaded: patches=8 image_shape=(8, 1, 128, 128, 128) label_shape=(8, 128, 128, 128)
2026-04-27 14:52:26,355 - INFO - Epoch 1 volume 57/649 patch 1/8 training started
2026-04-27 14:52:26,483 - INFO - Epoch 1 volume 57/649 patch 1/8 done: loss=1.590300 avg_loss=1.635777 global_patch_step=461
2026-04-27 14:52:26,483 - INFO - Epoch 1 volume 57/649 patch 2/8 training started
2026-04-27 14:52:26,610 - INFO - Epoch 1 volume 57/649 patch 2/8 done: loss=1.590933 avg_loss=1.635680 global_patch_step=462
2026-04-27 14:52:26,610 - INFO - Epoch 1 volume 57/649 patch 3/8 training started
2026-04-27 14:52:26,734 - INFO - Epoch 1 volume 57/649 patch 3/8 done: loss=1.591248 avg_loss=1.635584 global_patch_step=463
2026-04-27 14:52:26,735 - INFO - Epoch 1 volume 57/649 patch 4/8 training started
2026-04-27 14:52:26,858 - INFO - Epoch 1 volume 57/649 patch 4/8 done: loss=1.591156 avg_loss=1.635489 global_patch_step=464
2026-04-27 14:52:26,858 - INFO - Epoch 1 volume 57/649 patch 5/8 training started
2026-04-27 14:52:26,983 - INFO - Epoch 1 volume 57/649 patch 5/8 done: loss=1.588656 avg_loss=1.635388 global_patch_step=465
2026-04-27 14:52:26,984 - INFO - Epoch 1 volume 57/649 patch 6/8 training started
2026-04-27 14:52:27,109 - INFO - Epoch 1 volume 57/649 patch 6/8 done: loss=1.588604 avg_loss=1.635288 global_patch_step=466
2026-04-27 14:52:27,109 - INFO - Epoch 1 volume 57/649 patch 7/8 training started
2026-04-27 14:52:27,236 - INFO - Epoch 1 volume 57/649 patch 7/8 done: loss=1.586927 avg_loss=1.635184 global_patch_step=467
2026-04-27 14:52:27,236 - INFO - Epoch 1 volume 57/649 patch 8/8 training started
2026-04-27 14:52:27,359 - INFO - Epoch 1 volume 57/649 patch 8/8 done: loss=1.587322 avg_loss=1.635082 global_patch_step=468
2026-04-27 14:52:27,359 - INFO - Epoch 1 volume 58/649 loading
2026-04-27 14:52:27,508 - INFO - Resampling (350, 316, 226) to [287, 259, 282]...
2026-04-27 14:52:27,555 - INFO - Resampling (350, 316, 226) to [287, 259, 282]...
2026-04-27 14:52:27,705 - INFO - Resampling (350, 316, 226) to [287, 259, 282]...
2026-04-27 14:52:27,745 - INFO - Resampling (350, 316, 226) to [287, 259, 282]...
2026-04-27 14:52:27,880 - INFO - Epoch 1 volume 58/649 loaded: patches=8 image_shape=(8, 1, 128, 128, 128) label_shape=(8, 128, 128, 128)
2026-04-27 14:52:27,880 - INFO - Epoch 1 volume 58/649 patch 1/8 training started
2026-04-27 14:52:28,006 - INFO - Epoch 1 volume 58/649 patch 1/8 done: loss=1.591814 avg_loss=1.634990 global_patch_step=469
2026-04-27 14:52:28,006 - INFO - Epoch 1 volume 58/649 patch 2/8 training started
2026-04-27 14:52:28,132 - INFO - Epoch 1 volume 58/649 patch 2/8 done: loss=1.591523 avg_loss=1.634897 global_patch_step=470
2026-04-27 14:52:28,132 - INFO - Epoch 1 volume 58/649 patch 3/8 training started
2026-04-27 14:52:28,257 - INFO - Epoch 1 volume 58/649 patch 3/8 done: loss=1.589844 avg_loss=1.634801 global_patch_step=471
2026-04-27 14:52:28,257 - INFO - Epoch 1 volume 58/649 patch 4/8 training started
2026-04-27 14:52:28,384 - INFO - Epoch 1 volume 58/649 patch 4/8 done: loss=1.588361 avg_loss=1.634703 global_patch_step=472
2026-04-27 14:52:28,384 - INFO - Epoch 1 volume 58/649 patch 5/8 training started
2026-04-27 14:52:28,508 - INFO - Epoch 1 volume 58/649 patch 5/8 done: loss=1.588716 avg_loss=1.634606 global_patch_step=473
2026-04-27 14:52:28,509 - INFO - Epoch 1 volume 58/649 patch 6/8 training started
2026-04-27 14:52:28,634 - INFO - Epoch 1 volume 58/649 patch 6/8 done: loss=1.588523 avg_loss=1.634509 global_patch_step=474
2026-04-27 14:52:28,634 - INFO - Epoch 1 volume 58/649 patch 7/8 training started
2026-04-27 14:52:28,758 - INFO - Epoch 1 volume 58/649 patch 7/8 done: loss=1.587624 avg_loss=1.634410 global_patch_step=475
2026-04-27 14:52:28,758 - INFO - Epoch 1 volume 58/649 patch 8/8 training started
2026-04-27 14:52:28,884 - INFO - Epoch 1 volume 58/649 patch 8/8 done: loss=1.588348 avg_loss=1.634313 global_patch_step=476
2026-04-27 14:52:28,884 - INFO - Epoch 1 volume 59/649 loading
2026-04-27 14:52:29,144 - INFO - Resampling (360, 422, 283) to [276, 323, 354]...
2026-04-27 14:52:29,212 - INFO - Resampling (360, 422, 283) to [276, 323, 354]...
2026-04-27 14:52:29,441 - INFO - Resampling (360, 422, 283) to [276, 323, 354]...
2026-04-27 14:52:29,502 - INFO - Resampling (360, 422, 283) to [276, 323, 354]...
2026-04-27 14:52:29,690 - INFO - Epoch 1 volume 59/649 loaded: patches=8 image_shape=(8, 1, 128, 128, 128) label_shape=(8, 128, 128, 128)
2026-04-27 14:52:29,690 - INFO - Epoch 1 volume 59/649 patch 1/8 training started
2026-04-27 14:52:29,912 - INFO - Epoch 1 volume 59/649 patch 1/8 done: loss=1.587966 avg_loss=1.634216 global_patch_step=477
2026-04-27 14:52:29,912 - INFO - Epoch 1 volume 59/649 patch 2/8 training started
2026-04-27 14:52:30,035 - INFO - Epoch 1 volume 59/649 patch 2/8 done: loss=1.588018 avg_loss=1.634119 global_patch_step=478
2026-04-27 14:52:30,036 - INFO - Epoch 1 volume 59/649 patch 3/8 training started
2026-04-27 14:52:30,158 - INFO - Epoch 1 volume 59/649 patch 3/8 done: loss=1.588246 avg_loss=1.634023 global_patch_step=479
2026-04-27 14:52:30,158 - INFO - Epoch 1 volume 59/649 patch 4/8 training started
2026-04-27 14:52:30,285 - INFO - Epoch 1 volume 59/649 patch 4/8 done: loss=1.589329 avg_loss=1.633930 global_patch_step=480
2026-04-27 14:52:30,285 - INFO - Epoch 1 volume 59/649 patch 5/8 training started
2026-04-27 14:52:30,411 - INFO - Epoch 1 volume 59/649 patch 5/8 done: loss=1.588010 avg_loss=1.633835 global_patch_step=481
2026-04-27 14:52:30,411 - INFO - Epoch 1 volume 59/649 patch 6/8 training started
2026-04-27 14:52:30,536 - INFO - Epoch 1 volume 59/649 patch 6/8 done: loss=1.588998 avg_loss=1.633742 global_patch_step=482
2026-04-27 14:52:30,536 - INFO - Epoch 1 volume 59/649 patch 7/8 training started
2026-04-27 14:52:30,661 - INFO - Epoch 1 volume 59/649 patch 7/8 done: loss=1.585079 avg_loss=1.633641 global_patch_step=483
2026-04-27 14:52:30,661 - INFO - Epoch 1 volume 59/649 patch 8/8 training started
2026-04-27 14:52:30,786 - INFO - Epoch 1 volume 59/649 patch 8/8 done: loss=1.586097 avg_loss=1.633543 global_patch_step=484
2026-04-27 14:52:30,786 - INFO - Epoch 1 volume 60/649 loading
2026-04-27 14:52:31,074 - INFO - Resampling (350, 419, 222) to [287, 344, 278]...
2026-04-27 14:52:31,136 - INFO - Resampling (350, 419, 222) to [287, 344, 278]...
2026-04-27 14:52:31,376 - INFO - Resampling (350, 419, 222) to [287, 344, 278]...
2026-04-27 14:52:31,436 - INFO - Resampling (350, 419, 222) to [287, 344, 278]...
2026-04-27 14:52:31,611 - INFO - Epoch 1 volume 60/649 loaded: patches=8 image_shape=(8, 1, 128, 128, 128) label_shape=(8, 128, 128, 128)
2026-04-27 14:52:31,611 - INFO - Epoch 1 volume 60/649 patch 1/8 training started
2026-04-27 14:52:31,738 - INFO - Epoch 1 volume 60/649 patch 1/8 done: loss=1.588118 avg_loss=1.633449 global_patch_step=485
2026-04-27 14:52:31,738 - INFO - Epoch 1 volume 60/649 patch 2/8 training started
2026-04-27 14:52:31,866 - INFO - Epoch 1 volume 60/649 patch 2/8 done: loss=1.589150 avg_loss=1.633358 global_patch_step=486
2026-04-27 14:52:31,866 - INFO - Epoch 1 volume 60/649 patch 3/8 training started
2026-04-27 14:52:31,993 - INFO - Epoch 1 volume 60/649 patch 3/8 done: loss=1.587976 avg_loss=1.633265 global_patch_step=487
2026-04-27 14:52:31,993 - INFO - Epoch 1 volume 60/649 patch 4/8 training started
2026-04-27 14:52:32,120 - INFO - Epoch 1 volume 60/649 patch 4/8 done: loss=1.586036 avg_loss=1.633168 global_patch_step=488
2026-04-27 14:52:32,120 - INFO - Epoch 1 volume 60/649 patch 5/8 training started
2026-04-27 14:52:32,245 - INFO - Epoch 1 volume 60/649 patch 5/8 done: loss=1.585178 avg_loss=1.633070 global_patch_step=489
2026-04-27 14:52:32,245 - INFO - Epoch 1 volume 60/649 patch 6/8 training started
2026-04-27 14:52:32,373 - INFO - Epoch 1 volume 60/649 patch 6/8 done: loss=1.585641 avg_loss=1.632973 global_patch_step=490
2026-04-27 14:52:32,373 - INFO - Epoch 1 volume 60/649 patch 7/8 training started
2026-04-27 14:52:32,500 - INFO - Epoch 1 volume 60/649 patch 7/8 done: loss=1.584225 avg_loss=1.632874 global_patch_step=491
2026-04-27 14:52:32,500 - INFO - Epoch 1 volume 60/649 patch 8/8 training started
2026-04-27 14:52:32,629 - INFO - Epoch 1 volume 60/649 patch 8/8 done: loss=1.584579 avg_loss=1.632776 global_patch_step=492
2026-04-27 14:52:32,629 - INFO - Epoch 1 volume 61/649 loading
2026-04-27 14:52:32,895 - INFO - Resampling (332, 421, 233) to [272, 345, 291]...
2026-04-27 14:52:33,109 - INFO - Resampling (332, 421, 233) to [272, 345, 291]...
2026-04-27 14:52:33,323 - INFO - Resampling (332, 421, 233) to [272, 345, 291]...
2026-04-27 14:52:33,410 - INFO - Resampling (332, 421, 233) to [272, 345, 291]...
2026-04-27 14:52:33,680 - INFO - Epoch 1 volume 61/649 loaded: patches=8 image_shape=(8, 1, 128, 128, 128) label_shape=(8, 128, 128, 128)
2026-04-27 14:52:33,681 - INFO - Epoch 1 volume 61/649 patch 1/8 training started
2026-04-27 14:52:33,803 - INFO - Epoch 1 volume 61/649 patch 1/8 done: loss=1.588022 avg_loss=1.632685 global_patch_step=493
2026-04-27 14:52:33,803 - INFO - Epoch 1 volume 61/649 patch 2/8 training started
2026-04-27 14:52:33,928 - INFO - Epoch 1 volume 61/649 patch 2/8 done: loss=1.587647 avg_loss=1.632594 global_patch_step=494
2026-04-27 14:52:33,928 - INFO - Epoch 1 volume 61/649 patch 3/8 training started
2026-04-27 14:52:34,056 - INFO - Epoch 1 volume 61/649 patch 3/8 done: loss=1.586906 avg_loss=1.632501 global_patch_step=495
2026-04-27 14:52:34,056 - INFO - Epoch 1 volume 61/649 patch 4/8 training started
2026-04-27 14:52:34,184 - INFO - Epoch 1 volume 61/649 patch 4/8 done: loss=1.586656 avg_loss=1.632409 global_patch_step=496
2026-04-27 14:52:34,185 - INFO - Epoch 1 volume 61/649 patch 5/8 training started
2026-04-27 14:52:34,310 - INFO - Epoch 1 volume 61/649 patch 5/8 done: loss=1.585080 avg_loss=1.632314 global_patch_step=497
2026-04-27 14:52:34,310 - INFO - Epoch 1 volume 61/649 patch 6/8 training started
2026-04-27 14:52:34,438 - INFO - Epoch 1 volume 61/649 patch 6/8 done: loss=1.584128 avg_loss=1.632217 global_patch_step=498
2026-04-27 14:52:34,438 - INFO - Epoch 1 volume 61/649 patch 7/8 training started
2026-04-27 14:52:34,564 - INFO - Epoch 1 volume 61/649 patch 7/8 done: loss=1.582643 avg_loss=1.632118 global_patch_step=499
2026-04-27 14:52:34,564 - INFO - Epoch 1 volume 61/649 patch 8/8 training started
2026-04-27 14:52:34,691 - INFO - Epoch 1 volume 61/649 patch 8/8 done: loss=1.583140 avg_loss=1.632020 global_patch_step=500
2026-04-27 14:52:34,691 - INFO - Epoch 1 volume 62/649 loading
2026-04-27 14:52:34,995 - INFO - Resampling (340, 405, 321) to [294, 350, 401]...
2026-04-27 14:52:35,209 - INFO - Resampling (340, 405, 321) to [294, 350, 401]...
2026-04-27 14:52:35,523 - INFO - Resampling (340, 405, 321) to [294, 350, 401]...
2026-04-27 14:52:35,643 - INFO - Resampling (340, 405, 321) to [294, 350, 401]...
2026-04-27 14:52:36,179 - INFO - Epoch 1 volume 62/649 loaded: patches=12 image_shape=(12, 1, 128, 128, 128) label_shape=(12, 128, 128, 128)
2026-04-27 14:52:36,179 - INFO - Epoch 1 volume 62/649 patch 1/12 training started
2026-04-27 14:52:36,292 - INFO - Epoch 1 volume 62/649 patch 1/12 done: loss=1.583210 avg_loss=1.631922 global_patch_step=501
2026-04-27 14:52:36,292 - INFO - Epoch 1 volume 62/649 patch 2/12 training started
2026-04-27 14:52:36,418 - INFO - Epoch 1 volume 62/649 patch 2/12 done: loss=1.584813 avg_loss=1.631829 global_patch_step=502
2026-04-27 14:52:36,418 - INFO - Epoch 1 volume 62/649 patch 3/12 training started
2026-04-27 14:52:36,543 - INFO - Epoch 1 volume 62/649 patch 3/12 done: loss=1.583734 avg_loss=1.631733 global_patch_step=503
2026-04-27 14:52:36,543 - INFO - Epoch 1 volume 62/649 patch 4/12 training started
2026-04-27 14:52:36,669 - INFO - Epoch 1 volume 62/649 patch 4/12 done: loss=1.584994 avg_loss=1.631640 global_patch_step=504
2026-04-27 14:52:36,669 - INFO - Epoch 1 volume 62/649 patch 5/12 training started
2026-04-27 14:52:36,795 - INFO - Epoch 1 volume 62/649 patch 5/12 done: loss=1.585108 avg_loss=1.631548 global_patch_step=505
2026-04-27 14:52:36,795 - INFO - Epoch 1 volume 62/649 patch 6/12 training started
2026-04-27 14:52:36,920 - INFO - Epoch 1 volume 62/649 patch 6/12 done: loss=1.581667 avg_loss=1.631449 global_patch_step=506
2026-04-27 14:52:36,920 - INFO - Epoch 1 volume 62/649 patch 7/12 training started
2026-04-27 14:52:37,047 - INFO - Epoch 1 volume 62/649 patch 7/12 done: loss=1.584690 avg_loss=1.631357 global_patch_step=507
2026-04-27 14:52:37,047 - INFO - Epoch 1 volume 62/649 patch 8/12 training started
2026-04-27 14:52:37,174 - INFO - Epoch 1 volume 62/649 patch 8/12 done: loss=1.583521 avg_loss=1.631263 global_patch_step=508
2026-04-27 14:52:37,175 - INFO - Epoch 1 volume 62/649 patch 9/12 training started
2026-04-27 14:52:37,299 - INFO - Epoch 1 volume 62/649 patch 9/12 done: loss=1.582056 avg_loss=1.631166 global_patch_step=509
2026-04-27 14:52:37,300 - INFO - Epoch 1 volume 62/649 patch 10/12 training started
2026-04-27 14:52:37,425 - INFO - Epoch 1 volume 62/649 patch 10/12 done: loss=1.582479 avg_loss=1.631071 global_patch_step=510
2026-04-27 14:52:37,426 - INFO - Epoch 1 volume 62/649 patch 11/12 training started
2026-04-27 14:52:37,551 - INFO - Epoch 1 volume 62/649 patch 11/12 done: loss=1.581095 avg_loss=1.630973 global_patch_step=511
2026-04-27 14:52:37,552 - INFO - Epoch 1 volume 62/649 patch 12/12 training started
2026-04-27 14:52:37,679 - INFO - Epoch 1 volume 62/649 patch 12/12 done: loss=1.581473 avg_loss=1.630876 global_patch_step=512
2026-04-27 14:52:37,679 - INFO - Epoch 1 volume 63/649 loading
2026-04-27 14:52:37,820 - INFO - Resampling (349, 385, 232) to [311, 343, 290]...
2026-04-27 14:52:37,878 - INFO - Resampling (349, 385, 232) to [311, 343, 290]...
2026-04-27 14:52:38,081 - INFO - Resampling (349, 385, 232) to [311, 343, 290]...
2026-04-27 14:52:38,136 - INFO - Resampling (349, 385, 232) to [311, 343, 290]...
2026-04-27 14:52:38,329 - INFO - Epoch 1 volume 63/649 loaded: patches=8 image_shape=(8, 1, 128, 128, 128) label_shape=(8, 128, 128, 128)
2026-04-27 14:52:38,329 - INFO - Epoch 1 volume 63/649 patch 1/8 training started
2026-04-27 14:52:38,457 - INFO - Epoch 1 volume 63/649 patch 1/8 done: loss=1.584698 avg_loss=1.630786 global_patch_step=513
2026-04-27 14:52:38,457 - INFO - Epoch 1 volume 63/649 patch 2/8 training started
2026-04-27 14:52:38,583 - INFO - Epoch 1 volume 63/649 patch 2/8 done: loss=1.585899 avg_loss=1.630699 global_patch_step=514
2026-04-27 14:52:38,583 - INFO - Epoch 1 volume 63/649 patch 3/8 training started
2026-04-27 14:52:38,711 - INFO - Epoch 1 volume 63/649 patch 3/8 done: loss=1.584382 avg_loss=1.630609 global_patch_step=515
2026-04-27 14:52:38,711 - INFO - Epoch 1 volume 63/649 patch 4/8 training started
2026-04-27 14:52:38,836 - INFO - Epoch 1 volume 63/649 patch 4/8 done: loss=1.582330 avg_loss=1.630516 global_patch_step=516
2026-04-27 14:52:38,836 - INFO - Epoch 1 volume 63/649 patch 5/8 training started
2026-04-27 14:52:38,961 - INFO - Epoch 1 volume 63/649 patch 5/8 done: loss=1.582117 avg_loss=1.630422 global_patch_step=517
2026-04-27 14:52:38,961 - INFO - Epoch 1 volume 63/649 patch 6/8 training started
2026-04-27 14:52:39,086 - INFO - Epoch 1 volume 63/649 patch 6/8 done: loss=1.580847 avg_loss=1.630326 global_patch_step=518
2026-04-27 14:52:39,086 - INFO - Epoch 1 volume 63/649 patch 7/8 training started
2026-04-27 14:52:39,214 - INFO - Epoch 1 volume 63/649 patch 7/8 done: loss=1.580040 avg_loss=1.630229 global_patch_step=519
2026-04-27 14:52:39,214 - INFO - Epoch 1 volume 63/649 patch 8/8 training started
2026-04-27 14:52:39,340 - INFO - Epoch 1 volume 63/649 patch 8/8 done: loss=1.583189 avg_loss=1.630139 global_patch_step=520
2026-04-27 14:52:39,340 - INFO - Epoch 1 volume 64/649 loading
2026-04-27 14:52:39,613 - INFO - Resampling (314, 386, 223) to [280, 344, 279]...
2026-04-27 14:52:39,672 - INFO - Resampling (314, 386, 223) to [280, 344, 279]...
2026-04-27 14:52:39,882 - INFO - Resampling (314, 386, 223) to [280, 344, 279]...
2026-04-27 14:52:39,943 - INFO - Resampling (314, 386, 223) to [280, 344, 279]...
2026-04-27 14:52:40,107 - INFO - Epoch 1 volume 64/649 loaded: patches=8 image_shape=(8, 1, 128, 128, 128) label_shape=(8, 128, 128, 128)
2026-04-27 14:52:40,107 - INFO - Epoch 1 volume 64/649 patch 1/8 training started
2026-04-27 14:52:40,233 - INFO - Epoch 1 volume 64/649 patch 1/8 done: loss=1.584034 avg_loss=1.630050 global_patch_step=521
2026-04-27 14:52:40,233 - INFO - Epoch 1 volume 64/649 patch 2/8 training started
2026-04-27 14:52:40,362 - INFO - Epoch 1 volume 64/649 patch 2/8 done: loss=1.584587 avg_loss=1.629963 global_patch_step=522
2026-04-27 14:52:40,362 - INFO - Epoch 1 volume 64/649 patch 3/8 training started
2026-04-27 14:52:40,491 - INFO - Epoch 1 volume 64/649 patch 3/8 done: loss=1.583232 avg_loss=1.629874 global_patch_step=523
2026-04-27 14:52:40,492 - INFO - Epoch 1 volume 64/649 patch 4/8 training started
2026-04-27 14:52:40,618 - INFO - Epoch 1 volume 64/649 patch 4/8 done: loss=1.582317 avg_loss=1.629783 global_patch_step=524
2026-04-27 14:52:40,618 - INFO - Epoch 1 volume 64/649 patch 5/8 training started
2026-04-27 14:52:40,743 - INFO - Epoch 1 volume 64/649 patch 5/8 done: loss=1.580415 avg_loss=1.629689 global_patch_step=525
2026-04-27 14:52:40,743 - INFO - Epoch 1 volume 64/649 patch 6/8 training started
2026-04-27 14:52:40,868 - INFO - Epoch 1 volume 64/649 patch 6/8 done: loss=1.580639 avg_loss=1.629596 global_patch_step=526
2026-04-27 14:52:40,868 - INFO - Epoch 1 volume 64/649 patch 7/8 training started
2026-04-27 14:52:40,993 - INFO - Epoch 1 volume 64/649 patch 7/8 done: loss=1.579208 avg_loss=1.629500 global_patch_step=527
2026-04-27 14:52:40,993 - INFO - Epoch 1 volume 64/649 patch 8/8 training started
2026-04-27 14:52:41,117 - INFO - Epoch 1 volume 64/649 patch 8/8 done: loss=1.579861 avg_loss=1.629406 global_patch_step=528
2026-04-27 14:52:41,117 - INFO - Epoch 1 volume 65/649 loading
2026-04-27 14:52:41,386 - INFO - Resampling (347, 417, 341) to [301, 362, 426]...
2026-04-27 14:52:41,581 - INFO - Resampling (347, 417, 341) to [301, 362, 426]...
2026-04-27 14:52:42,155 - INFO - Resampling (347, 417, 341) to [301, 362, 426]...
2026-04-27 14:52:42,303 - INFO - Resampling (347, 417, 341) to [301, 362, 426]...
2026-04-27 14:52:42,954 - INFO - Epoch 1 volume 65/649 loaded: patches=12 image_shape=(12, 1, 128, 128, 128) label_shape=(12, 128, 128, 128)
2026-04-27 14:52:42,954 - INFO - Epoch 1 volume 65/649 patch 1/12 training started
2026-04-27 14:52:43,091 - INFO - Epoch 1 volume 65/649 patch 1/12 done: loss=1.579457 avg_loss=1.629312 global_patch_step=529
2026-04-27 14:52:43,091 - INFO - Epoch 1 volume 65/649 patch 2/12 training started
2026-04-27 14:52:43,218 - INFO - Epoch 1 volume 65/649 patch 2/12 done: loss=1.580839 avg_loss=1.629220 global_patch_step=530
2026-04-27 14:52:43,219 - INFO - Epoch 1 volume 65/649 patch 3/12 training started
2026-04-27 14:52:43,343 - INFO - Epoch 1 volume 65/649 patch 3/12 done: loss=1.580778 avg_loss=1.629129 global_patch_step=531
2026-04-27 14:52:43,343 - INFO - Epoch 1 volume 65/649 patch 4/12 training started
2026-04-27 14:52:43,470 - INFO - Epoch 1 volume 65/649 patch 4/12 done: loss=1.582192 avg_loss=1.629041 global_patch_step=532
2026-04-27 14:52:43,470 - INFO - Epoch 1 volume 65/649 patch 5/12 training started
2026-04-27 14:52:43,595 - INFO - Epoch 1 volume 65/649 patch 5/12 done: loss=1.581186 avg_loss=1.628951 global_patch_step=533
2026-04-27 14:52:43,596 - INFO - Epoch 1 volume 65/649 patch 6/12 training started
2026-04-27 14:52:43,721 - INFO - Epoch 1 volume 65/649 patch 6/12 done: loss=1.582946 avg_loss=1.628865 global_patch_step=534
2026-04-27 14:52:43,721 - INFO - Epoch 1 volume 65/649 patch 7/12 training started
2026-04-27 14:52:43,846 - INFO - Epoch 1 volume 65/649 patch 7/12 done: loss=1.581786 avg_loss=1.628777 global_patch_step=535
2026-04-27 14:52:43,847 - INFO - Epoch 1 volume 65/649 patch 8/12 training started
2026-04-27 14:52:43,973 - INFO - Epoch 1 volume 65/649 patch 8/12 done: loss=1.578189 avg_loss=1.628683 global_patch_step=536
2026-04-27 14:52:43,973 - INFO - Epoch 1 volume 65/649 patch 9/12 training started
2026-04-27 14:52:44,098 - INFO - Epoch 1 volume 65/649 patch 9/12 done: loss=1.579449 avg_loss=1.628591 global_patch_step=537
2026-04-27 14:52:44,098 - INFO - Epoch 1 volume 65/649 patch 10/12 training started
2026-04-27 14:52:44,225 - INFO - Epoch 1 volume 65/649 patch 10/12 done: loss=1.579471 avg_loss=1.628500 global_patch_step=538
2026-04-27 14:52:44,225 - INFO - Epoch 1 volume 65/649 patch 11/12 training started
2026-04-27 14:52:44,353 - INFO - Epoch 1 volume 65/649 patch 11/12 done: loss=1.577640 avg_loss=1.628405 global_patch_step=539
2026-04-27 14:52:44,353 - INFO - Epoch 1 volume 65/649 patch 12/12 training started
2026-04-27 14:52:44,481 - INFO - Epoch 1 volume 65/649 patch 12/12 done: loss=1.581676 avg_loss=1.628319 global_patch_step=540
2026-04-27 14:52:44,481 - INFO - Epoch 1 volume 66/649 loading
2026-04-27 14:52:44,710 - INFO - Resampling (331, 407, 220) to [272, 334, 275]...
2026-04-27 14:52:44,768 - INFO - Resampling (331, 407, 220) to [272, 334, 275]...
2026-04-27 14:52:44,990 - INFO - Resampling (331, 407, 220) to [272, 334, 275]...
2026-04-27 14:52:45,049 - INFO - Resampling (331, 407, 220) to [272, 334, 275]...
2026-04-27 14:52:45,217 - INFO - Epoch 1 volume 66/649 loaded: patches=8 image_shape=(8, 1, 128, 128, 128) label_shape=(8, 128, 128, 128)
2026-04-27 14:52:45,218 - INFO - Epoch 1 volume 66/649 patch 1/8 training started
2026-04-27 14:52:45,344 - INFO - Epoch 1 volume 66/649 patch 1/8 done: loss=1.582650 avg_loss=1.628234 global_patch_step=541
2026-04-27 14:52:45,344 - INFO - Epoch 1 volume 66/649 patch 2/8 training started
2026-04-27 14:52:45,475 - INFO - Epoch 1 volume 66/649 patch 2/8 done: loss=1.581345 avg_loss=1.628148 global_patch_step=542
2026-04-27 14:52:45,475 - INFO - Epoch 1 volume 66/649 patch 3/8 training started
2026-04-27 14:52:45,602 - INFO - Epoch 1 volume 66/649 patch 3/8 done: loss=1.580985 avg_loss=1.628061 global_patch_step=543
2026-04-27 14:52:45,602 - INFO - Epoch 1 volume 66/649 patch 4/8 training started
2026-04-27 14:52:45,728 - INFO - Epoch 1 volume 66/649 patch 4/8 done: loss=1.579936 avg_loss=1.627973 global_patch_step=544
2026-04-27 14:52:45,729 - INFO - Epoch 1 volume 66/649 patch 5/8 training started
2026-04-27 14:52:45,853 - INFO - Epoch 1 volume 66/649 patch 5/8 done: loss=1.578749 avg_loss=1.627882 global_patch_step=545
2026-04-27 14:52:45,853 - INFO - Epoch 1 volume 66/649 patch 6/8 training started
2026-04-27 14:52:45,981 - INFO - Epoch 1 volume 66/649 patch 6/8 done: loss=1.578705 avg_loss=1.627792 global_patch_step=546
2026-04-27 14:52:45,981 - INFO - Epoch 1 volume 66/649 patch 7/8 training started
2026-04-27 14:52:46,108 - INFO - Epoch 1 volume 66/649 patch 7/8 done: loss=1.577332 avg_loss=1.627700 global_patch_step=547
2026-04-27 14:52:46,108 - INFO - Epoch 1 volume 66/649 patch 8/8 training started
2026-04-27 14:52:46,232 - INFO - Epoch 1 volume 66/649 patch 8/8 done: loss=1.577339 avg_loss=1.627608 global_patch_step=548
2026-04-27 14:52:46,232 - INFO - Epoch 1 volume 67/649 loading
2026-04-27 14:52:46,528 - INFO - Resampling (325, 381, 288) to [284, 333, 360]...
2026-04-27 14:52:46,608 - INFO - Resampling (325, 381, 288) to [284, 333, 360]...
2026-04-27 14:52:46,854 - INFO - Resampling (325, 381, 288) to [284, 333, 360]...
2026-04-27 14:52:46,926 - INFO - Resampling (325, 381, 288) to [284, 333, 360]...
2026-04-27 14:52:47,194 - INFO - Epoch 1 volume 67/649 loaded: patches=8 image_shape=(8, 1, 128, 128, 128) label_shape=(8, 128, 128, 128)
2026-04-27 14:52:47,194 - INFO - Epoch 1 volume 67/649 patch 1/8 training started
2026-04-27 14:52:47,318 - INFO - Epoch 1 volume 67/649 patch 1/8 done: loss=1.578731 avg_loss=1.627519 global_patch_step=549
2026-04-27 14:52:47,318 - INFO - Epoch 1 volume 67/649 patch 2/8 training started
2026-04-27 14:52:47,445 - INFO - Epoch 1 volume 67/649 patch 2/8 done: loss=1.579111 avg_loss=1.627431 global_patch_step=550
2026-04-27 14:52:47,445 - INFO - Epoch 1 volume 67/649 patch 3/8 training started
2026-04-27 14:52:47,570 - INFO - Epoch 1 volume 67/649 patch 3/8 done: loss=1.579163 avg_loss=1.627343 global_patch_step=551
2026-04-27 14:52:47,570 - INFO - Epoch 1 volume 67/649 patch 4/8 training started
2026-04-27 14:52:47,697 - INFO - Epoch 1 volume 67/649 patch 4/8 done: loss=1.580674 avg_loss=1.627259 global_patch_step=552
2026-04-27 14:52:47,697 - INFO - Epoch 1 volume 67/649 patch 5/8 training started
2026-04-27 14:52:47,824 - INFO - Epoch 1 volume 67/649 patch 5/8 done: loss=1.573802 avg_loss=1.627162 global_patch_step=553
2026-04-27 14:52:47,824 - INFO - Epoch 1 volume 67/649 patch 6/8 training started
2026-04-27 14:52:47,948 - INFO - Epoch 1 volume 67/649 patch 6/8 done: loss=1.580700 avg_loss=1.627078 global_patch_step=554
2026-04-27 14:52:47,948 - INFO - Epoch 1 volume 67/649 patch 7/8 training started
2026-04-27 14:52:48,075 - INFO - Epoch 1 volume 67/649 patch 7/8 done: loss=1.577447 avg_loss=1.626989 global_patch_step=555
2026-04-27 14:52:48,075 - INFO - Epoch 1 volume 67/649 patch 8/8 training started
2026-04-27 14:52:48,201 - INFO - Epoch 1 volume 67/649 patch 8/8 done: loss=1.577218 avg_loss=1.626899 global_patch_step=556
2026-04-27 14:52:48,201 - INFO - Epoch 1 volume 68/649 loading
2026-04-27 14:52:48,375 - INFO - Resampling (305, 419, 288) to [285, 391, 360]...
2026-04-27 14:52:48,454 - INFO - Resampling (305, 419, 288) to [285, 391, 360]...
2026-04-27 14:52:48,730 - INFO - Resampling (305, 419, 288) to [285, 391, 360]...
2026-04-27 14:52:48,838 - INFO - Resampling (305, 419, 288) to [285, 391, 360]...
2026-04-27 14:52:49,219 - INFO - Epoch 1 volume 68/649 loaded: patches=12 image_shape=(12, 1, 128, 128, 128) label_shape=(12, 128, 128, 128)
2026-04-27 14:52:49,219 - INFO - Epoch 1 volume 68/649 patch 1/12 training started
2026-04-27 14:52:49,345 - INFO - Epoch 1 volume 68/649 patch 1/12 done: loss=1.577307 avg_loss=1.626810 global_patch_step=557
2026-04-27 14:52:49,345 - INFO - Epoch 1 volume 68/649 patch 2/12 training started
2026-04-27 14:52:49,474 - INFO - Epoch 1 volume 68/649 patch 2/12 done: loss=1.577582 avg_loss=1.626722 global_patch_step=558
2026-04-27 14:52:49,474 - INFO - Epoch 1 volume 68/649 patch 3/12 training started
2026-04-27 14:52:49,600 - INFO - Epoch 1 volume 68/649 patch 3/12 done: loss=1.578591 avg_loss=1.626636 global_patch_step=559
2026-04-27 14:52:49,600 - INFO - Epoch 1 volume 68/649 patch 4/12 training started
2026-04-27 14:52:49,727 - INFO - Epoch 1 volume 68/649 patch 4/12 done: loss=1.579238 avg_loss=1.626551 global_patch_step=560
2026-04-27 14:52:49,727 - INFO - Epoch 1 volume 68/649 patch 5/12 training started
2026-04-27 14:52:49,853 - INFO - Epoch 1 volume 68/649 patch 5/12 done: loss=1.583456 avg_loss=1.626474 global_patch_step=561
2026-04-27 14:52:49,853 - INFO - Epoch 1 volume 68/649 patch 6/12 training started
2026-04-27 14:52:49,977 - INFO - Epoch 1 volume 68/649 patch 6/12 done: loss=1.575581 avg_loss=1.626384 global_patch_step=562
2026-04-27 14:52:49,977 - INFO - Epoch 1 volume 68/649 patch 7/12 training started
2026-04-27 14:52:50,101 - INFO - Epoch 1 volume 68/649 patch 7/12 done: loss=1.578240 avg_loss=1.626298 global_patch_step=563
2026-04-27 14:52:50,101 - INFO - Epoch 1 volume 68/649 patch 8/12 training started
2026-04-27 14:52:50,227 - INFO - Epoch 1 volume 68/649 patch 8/12 done: loss=1.578951 avg_loss=1.626214 global_patch_step=564
2026-04-27 14:52:50,227 - INFO - Epoch 1 volume 68/649 patch 9/12 training started
2026-04-27 14:52:50,352 - INFO - Epoch 1 volume 68/649 patch 9/12 done: loss=1.577130 avg_loss=1.626128 global_patch_step=565
2026-04-27 14:52:50,352 - INFO - Epoch 1 volume 68/649 patch 10/12 training started
2026-04-27 14:52:50,478 - INFO - Epoch 1 volume 68/649 patch 10/12 done: loss=1.575585 avg_loss=1.626038 global_patch_step=566
2026-04-27 14:52:50,478 - INFO - Epoch 1 volume 68/649 patch 11/12 training started
2026-04-27 14:52:50,606 - INFO - Epoch 1 volume 68/649 patch 11/12 done: loss=1.575576 avg_loss=1.625949 global_patch_step=567
2026-04-27 14:52:50,606 - INFO - Epoch 1 volume 68/649 patch 12/12 training started
2026-04-27 14:52:50,730 - INFO - Epoch 1 volume 68/649 patch 12/12 done: loss=1.574933 avg_loss=1.625859 global_patch_step=568
2026-04-27 14:52:50,731 - INFO - Epoch 1 volume 69/649 loading
2026-04-27 14:52:50,876 - INFO - Resampling (331, 389, 236) to [297, 349, 295]...
2026-04-27 14:52:51,093 - INFO - Resampling (331, 389, 236) to [297, 349, 295]...
2026-04-27 14:52:51,287 - INFO - Resampling (331, 389, 236) to [297, 349, 295]...
2026-04-27 14:52:51,376 - INFO - Resampling (331, 389, 236) to [297, 349, 295]...
2026-04-27 14:52:51,569 - INFO - Epoch 1 volume 69/649 loaded: patches=8 image_shape=(8, 1, 128, 128, 128) label_shape=(8, 128, 128, 128)
2026-04-27 14:52:51,570 - INFO - Epoch 1 volume 69/649 patch 1/8 training started
2026-04-27 14:52:51,701 - INFO - Epoch 1 volume 69/649 patch 1/8 done: loss=1.576994 avg_loss=1.625774 global_patch_step=569
2026-04-27 14:52:51,701 - INFO - Epoch 1 volume 69/649 patch 2/8 training started
2026-04-27 14:52:51,831 - INFO - Epoch 1 volume 69/649 patch 2/8 done: loss=1.578859 avg_loss=1.625691 global_patch_step=570
2026-04-27 14:52:51,831 - INFO - Epoch 1 volume 69/649 patch 3/8 training started
2026-04-27 14:52:51,958 - INFO - Epoch 1 volume 69/649 patch 3/8 done: loss=1.576638 avg_loss=1.625605 global_patch_step=571
2026-04-27 14:52:51,959 - INFO - Epoch 1 volume 69/649 patch 4/8 training started
2026-04-27 14:52:52,084 - INFO - Epoch 1 volume 69/649 patch 4/8 done: loss=1.576693 avg_loss=1.625520 global_patch_step=572
2026-04-27 14:52:52,084 - INFO - Epoch 1 volume 69/649 patch 5/8 training started
2026-04-27 14:52:52,211 - INFO - Epoch 1 volume 69/649 patch 5/8 done: loss=1.576099 avg_loss=1.625434 global_patch_step=573
2026-04-27 14:52:52,211 - INFO - Epoch 1 volume 69/649 patch 6/8 training started
2026-04-27 14:52:52,336 - INFO - Epoch 1 volume 69/649 patch 6/8 done: loss=1.575286 avg_loss=1.625346 global_patch_step=574
2026-04-27 14:52:52,336 - INFO - Epoch 1 volume 69/649 patch 7/8 training started
2026-04-27 14:52:52,462 - INFO - Epoch 1 volume 69/649 patch 7/8 done: loss=1.573443 avg_loss=1.625256 global_patch_step=575
2026-04-27 14:52:52,462 - INFO - Epoch 1 volume 69/649 patch 8/8 training started
2026-04-27 14:52:52,587 - INFO - Epoch 1 volume 69/649 patch 8/8 done: loss=1.577458 avg_loss=1.625173 global_patch_step=576
2026-04-27 14:52:52,587 - INFO - Epoch 1 volume 70/649 loading
2026-04-27 14:52:52,740 - INFO - Resampling (328, 417, 206) to [269, 342, 258]...
2026-04-27 14:52:52,799 - INFO - Resampling (328, 417, 206) to [269, 342, 258]...
2026-04-27 14:52:52,982 - INFO - Resampling (328, 417, 206) to [269, 342, 258]...
2026-04-27 14:52:53,033 - INFO - Resampling (328, 417, 206) to [269, 342, 258]...
2026-04-27 14:52:53,177 - INFO - Epoch 1 volume 70/649 loaded: patches=8 image_shape=(8, 1, 128, 128, 128) label_shape=(8, 128, 128, 128)
2026-04-27 14:52:53,177 - INFO - Epoch 1 volume 70/649 patch 1/8 training started
2026-04-27 14:52:53,301 - INFO - Epoch 1 volume 70/649 patch 1/8 done: loss=1.577243 avg_loss=1.625090 global_patch_step=577
2026-04-27 14:52:53,301 - INFO - Epoch 1 volume 70/649 patch 2/8 training started
2026-04-27 14:52:53,425 - INFO - Epoch 1 volume 70/649 patch 2/8 done: loss=1.576951 avg_loss=1.625007 global_patch_step=578
2026-04-27 14:52:53,425 - INFO - Epoch 1 volume 70/649 patch 3/8 training started
2026-04-27 14:52:53,553 - INFO - Epoch 1 volume 70/649 patch 3/8 done: loss=1.576097 avg_loss=1.624922 global_patch_step=579
2026-04-27 14:52:53,553 - INFO - Epoch 1 volume 70/649 patch 4/8 training started
2026-04-27 14:52:53,682 - INFO - Epoch 1 volume 70/649 patch 4/8 done: loss=1.575507 avg_loss=1.624837 global_patch_step=580
2026-04-27 14:52:53,683 - INFO - Epoch 1 volume 70/649 patch 5/8 training started
2026-04-27 14:52:53,809 - INFO - Epoch 1 volume 70/649 patch 5/8 done: loss=1.576523 avg_loss=1.624754 global_patch_step=581
2026-04-27 14:52:53,809 - INFO - Epoch 1 volume 70/649 patch 6/8 training started
2026-04-27 14:52:53,934 - INFO - Epoch 1 volume 70/649 patch 6/8 done: loss=1.574637 avg_loss=1.624668 global_patch_step=582
2026-04-27 14:52:53,934 - INFO - Epoch 1 volume 70/649 patch 7/8 training started
2026-04-27 14:52:54,057 - INFO - Epoch 1 volume 70/649 patch 7/8 done: loss=1.573385 avg_loss=1.624580 global_patch_step=583
2026-04-27 14:52:54,058 - INFO - Epoch 1 volume 70/649 patch 8/8 training started
2026-04-27 14:52:54,184 - INFO - Epoch 1 volume 70/649 patch 8/8 done: loss=1.573504 avg_loss=1.624492 global_patch_step=584
2026-04-27 14:52:54,184 - INFO - Epoch 1 volume 71/649 loading
2026-04-27 14:52:54,412 - INFO - Resampling (364, 386, 282) to [316, 335, 352]...
2026-04-27 14:52:54,613 - INFO - Resampling (364, 386, 282) to [316, 335, 352]...
2026-04-27 14:52:54,893 - INFO - Resampling (364, 386, 282) to [316, 335, 352]...
2026-04-27 14:52:54,973 - INFO - Resampling (364, 386, 282) to [316, 335, 352]...
2026-04-27 14:52:55,286 - INFO - Epoch 1 volume 71/649 loaded: patches=8 image_shape=(8, 1, 128, 128, 128) label_shape=(8, 128, 128, 128)
2026-04-27 14:52:55,286 - INFO - Epoch 1 volume 71/649 patch 1/8 training started
2026-04-27 14:52:55,416 - INFO - Epoch 1 volume 71/649 patch 1/8 done: loss=1.574307 avg_loss=1.624407 global_patch_step=585
2026-04-27 14:52:55,416 - INFO - Epoch 1 volume 71/649 patch 2/8 training started
2026-04-27 14:52:55,544 - INFO - Epoch 1 volume 71/649 patch 2/8 done: loss=1.576297 avg_loss=1.624324 global_patch_step=586
2026-04-27 14:52:55,544 - INFO - Epoch 1 volume 71/649 patch 3/8 training started
2026-04-27 14:52:55,672 - INFO - Epoch 1 volume 71/649 patch 3/8 done: loss=1.574843 avg_loss=1.624240 global_patch_step=587
2026-04-27 14:52:55,672 - INFO - Epoch 1 volume 71/649 patch 4/8 training started
2026-04-27 14:52:55,795 - INFO - Epoch 1 volume 71/649 patch 4/8 done: loss=1.576630 avg_loss=1.624159 global_patch_step=588
2026-04-27 14:52:55,795 - INFO - Epoch 1 volume 71/649 patch 5/8 training started
2026-04-27 14:52:55,919 - INFO - Epoch 1 volume 71/649 patch 5/8 done: loss=1.573946 avg_loss=1.624074 global_patch_step=589
2026-04-27 14:52:55,919 - INFO - Epoch 1 volume 71/649 patch 6/8 training started
2026-04-27 14:52:56,047 - INFO - Epoch 1 volume 71/649 patch 6/8 done: loss=1.575386 avg_loss=1.623991 global_patch_step=590
2026-04-27 14:52:56,048 - INFO - Epoch 1 volume 71/649 patch 7/8 training started
2026-04-27 14:52:56,175 - INFO - Epoch 1 volume 71/649 patch 7/8 done: loss=1.571940 avg_loss=1.623903 global_patch_step=591
2026-04-27 14:52:56,175 - INFO - Epoch 1 volume 71/649 patch 8/8 training started
2026-04-27 14:52:56,298 - INFO - Epoch 1 volume 71/649 patch 8/8 done: loss=1.574343 avg_loss=1.623820 global_patch_step=592
2026-04-27 14:52:56,298 - INFO - Epoch 1 volume 72/649 loading
2026-04-27 14:52:56,552 - INFO - Resampling (334, 422, 211) to [274, 346, 264]...
2026-04-27 14:52:56,614 - INFO - Resampling (334, 422, 211) to [274, 346, 264]...
2026-04-27 14:52:56,836 - INFO - Resampling (334, 422, 211) to [274, 346, 264]...
2026-04-27 14:52:56,895 - INFO - Resampling (334, 422, 211) to [274, 346, 264]...
2026-04-27 14:52:57,051 - INFO - Epoch 1 volume 72/649 loaded: patches=8 image_shape=(8, 1, 128, 128, 128) label_shape=(8, 128, 128, 128)
2026-04-27 14:52:57,051 - INFO - Epoch 1 volume 72/649 patch 1/8 training started
2026-04-27 14:52:57,178 - INFO - Epoch 1 volume 72/649 patch 1/8 done: loss=1.575347 avg_loss=1.623738 global_patch_step=593
2026-04-27 14:52:57,178 - INFO - Epoch 1 volume 72/649 patch 2/8 training started
2026-04-27 14:52:57,309 - INFO - Epoch 1 volume 72/649 patch 2/8 done: loss=1.574555 avg_loss=1.623655 global_patch_step=594
2026-04-27 14:52:57,309 - INFO - Epoch 1 volume 72/649 patch 3/8 training started
2026-04-27 14:52:57,438 - INFO - Epoch 1 volume 72/649 patch 3/8 done: loss=1.574295 avg_loss=1.623572 global_patch_step=595
2026-04-27 14:52:57,438 - INFO - Epoch 1 volume 72/649 patch 4/8 training started
2026-04-27 14:52:57,567 - INFO - Epoch 1 volume 72/649 patch 4/8 done: loss=1.573794 avg_loss=1.623489 global_patch_step=596
2026-04-27 14:52:57,567 - INFO - Epoch 1 volume 72/649 patch 5/8 training started
2026-04-27 14:52:57,697 - INFO - Epoch 1 volume 72/649 patch 5/8 done: loss=1.572969 avg_loss=1.623404 global_patch_step=597
2026-04-27 14:52:57,697 - INFO - Epoch 1 volume 72/649 patch 6/8 training started
2026-04-27 14:52:57,823 - INFO - Epoch 1 volume 72/649 patch 6/8 done: loss=1.572668 avg_loss=1.623319 global_patch_step=598
2026-04-27 14:52:57,823 - INFO - Epoch 1 volume 72/649 patch 7/8 training started
2026-04-27 14:52:57,950 - INFO - Epoch 1 volume 72/649 patch 7/8 done: loss=1.571402 avg_loss=1.623232 global_patch_step=599
2026-04-27 14:52:57,950 - INFO - Epoch 1 volume 72/649 patch 8/8 training started
2026-04-27 14:52:58,078 - INFO - Epoch 1 volume 72/649 patch 8/8 done: loss=1.571150 avg_loss=1.623146 global_patch_step=600
2026-04-27 14:52:58,078 - INFO - Epoch 1 volume 73/649 loading
2026-04-27 14:52:58,376 - INFO - Resampling (382, 466, 342) to [313, 382, 428]...
2026-04-27 14:52:58,578 - INFO - Resampling (382, 466, 342) to [313, 382, 428]...
2026-04-27 14:52:59,219 - INFO - Resampling (382, 466, 342) to [313, 382, 428]...
2026-04-27 14:52:59,321 - INFO - Resampling (382, 466, 342) to [313, 382, 428]...
2026-04-27 14:53:00,411 - INFO - Epoch 1 volume 73/649 loaded: patches=12 image_shape=(12, 1, 128, 128, 128) label_shape=(12, 128, 128, 128)
2026-04-27 14:53:00,411 - INFO - Epoch 1 volume 73/649 patch 1/12 training started
2026-04-27 14:53:00,548 - INFO - Epoch 1 volume 73/649 patch 1/12 done: loss=1.575392 avg_loss=1.623066 global_patch_step=601
2026-04-27 14:53:00,548 - INFO - Epoch 1 volume 73/649 patch 2/12 training started
2026-04-27 14:53:00,686 - INFO - Epoch 1 volume 73/649 patch 2/12 done: loss=1.571859 avg_loss=1.622981 global_patch_step=602
2026-04-27 14:53:00,686 - INFO - Epoch 1 volume 73/649 patch 3/12 training started
2026-04-27 14:53:00,813 - INFO - Epoch 1 volume 73/649 patch 3/12 done: loss=1.573829 avg_loss=1.622900 global_patch_step=603
2026-04-27 14:53:00,813 - INFO - Epoch 1 volume 73/649 patch 4/12 training started
2026-04-27 14:53:00,940 - INFO - Epoch 1 volume 73/649 patch 4/12 done: loss=1.573907 avg_loss=1.622818 global_patch_step=604
2026-04-27 14:53:00,940 - INFO - Epoch 1 volume 73/649 patch 5/12 training started
2026-04-27 14:53:01,067 - INFO - Epoch 1 volume 73/649 patch 5/12 done: loss=1.571717 avg_loss=1.622734 global_patch_step=605
2026-04-27 14:53:01,067 - INFO - Epoch 1 volume 73/649 patch 6/12 training started
2026-04-27 14:53:01,195 - INFO - Epoch 1 volume 73/649 patch 6/12 done: loss=1.573539 avg_loss=1.622653 global_patch_step=606
2026-04-27 14:53:01,195 - INFO - Epoch 1 volume 73/649 patch 7/12 training started
2026-04-27 14:53:01,320 - INFO - Epoch 1 volume 73/649 patch 7/12 done: loss=1.573006 avg_loss=1.622571 global_patch_step=607
2026-04-27 14:53:01,320 - INFO - Epoch 1 volume 73/649 patch 8/12 training started
2026-04-27 14:53:01,444 - INFO - Epoch 1 volume 73/649 patch 8/12 done: loss=1.573517 avg_loss=1.622490 global_patch_step=608
2026-04-27 14:53:01,444 - INFO - Epoch 1 volume 73/649 patch 9/12 training started
2026-04-27 14:53:01,569 - INFO - Epoch 1 volume 73/649 patch 9/12 done: loss=1.575431 avg_loss=1.622413 global_patch_step=609
2026-04-27 14:53:01,569 - INFO - Epoch 1 volume 73/649 patch 10/12 training started
2026-04-27 14:53:01,696 - INFO - Epoch 1 volume 73/649 patch 10/12 done: loss=1.572857 avg_loss=1.622332 global_patch_step=610
2026-04-27 14:53:01,696 - INFO - Epoch 1 volume 73/649 patch 11/12 training started
2026-04-27 14:53:01,824 - INFO - Epoch 1 volume 73/649 patch 11/12 done: loss=1.569937 avg_loss=1.622246 global_patch_step=611
2026-04-27 14:53:01,825 - INFO - Epoch 1 volume 73/649 patch 12/12 training started
2026-04-27 14:53:01,949 - INFO - Epoch 1 volume 73/649 patch 12/12 done: loss=1.574416 avg_loss=1.622168 global_patch_step=612
2026-04-27 14:53:01,949 - INFO - Epoch 1 volume 74/649 loading
2026-04-27 14:53:02,188 - INFO - Resampling (339, 393, 234) to [278, 322, 292]...
2026-04-27 14:53:02,275 - INFO - Resampling (339, 393, 234) to [278, 322, 292]...
2026-04-27 14:53:02,501 - INFO - Resampling (339, 393, 234) to [278, 322, 292]...
2026-04-27 14:53:02,602 - INFO - Resampling (339, 393, 234) to [278, 322, 292]...
2026-04-27 14:53:02,771 - INFO - Epoch 1 volume 74/649 loaded: patches=8 image_shape=(8, 1, 128, 128, 128) label_shape=(8, 128, 128, 128)
2026-04-27 14:53:02,771 - INFO - Epoch 1 volume 74/649 patch 1/8 training started
2026-04-27 14:53:02,896 - INFO - Epoch 1 volume 74/649 patch 1/8 done: loss=1.572731 avg_loss=1.622087 global_patch_step=613
2026-04-27 14:53:02,896 - INFO - Epoch 1 volume 74/649 patch 2/8 training started
2026-04-27 14:53:03,023 - INFO - Epoch 1 volume 74/649 patch 2/8 done: loss=1.573744 avg_loss=1.622009 global_patch_step=614
2026-04-27 14:53:03,024 - INFO - Epoch 1 volume 74/649 patch 3/8 training started
2026-04-27 14:53:03,151 - INFO - Epoch 1 volume 74/649 patch 3/8 done: loss=1.572071 avg_loss=1.621927 global_patch_step=615
2026-04-27 14:53:03,151 - INFO - Epoch 1 volume 74/649 patch 4/8 training started
2026-04-27 14:53:03,275 - INFO - Epoch 1 volume 74/649 patch 4/8 done: loss=1.571886 avg_loss=1.621846 global_patch_step=616
2026-04-27 14:53:03,275 - INFO - Epoch 1 volume 74/649 patch 5/8 training started
2026-04-27 14:53:03,402 - INFO - Epoch 1 volume 74/649 patch 5/8 done: loss=1.570960 avg_loss=1.621764 global_patch_step=617
2026-04-27 14:53:03,402 - INFO - Epoch 1 volume 74/649 patch 6/8 training started
2026-04-27 14:53:03,528 - INFO - Epoch 1 volume 74/649 patch 6/8 done: loss=1.571157 avg_loss=1.621682 global_patch_step=618
2026-04-27 14:53:03,528 - INFO - Epoch 1 volume 74/649 patch 7/8 training started
2026-04-27 14:53:03,653 - INFO - Epoch 1 volume 74/649 patch 7/8 done: loss=1.568977 avg_loss=1.621597 global_patch_step=619
2026-04-27 14:53:03,653 - INFO - Epoch 1 volume 74/649 patch 8/8 training started
2026-04-27 14:53:03,787 - INFO - Epoch 1 volume 74/649 patch 8/8 done: loss=1.569753 avg_loss=1.621513 global_patch_step=620
2026-04-27 14:53:03,787 - INFO - Epoch 1 volume 75/649 loading
2026-04-27 14:53:03,929 - INFO - Resampling (316, 363, 236) to [281, 323, 295]...
2026-04-27 14:53:03,983 - INFO - Resampling (316, 363, 236) to [281, 323, 295]...
2026-04-27 14:53:04,154 - INFO - Resampling (316, 363, 236) to [281, 323, 295]...
2026-04-27 14:53:04,210 - INFO - Resampling (316, 363, 236) to [281, 323, 295]...
2026-04-27 14:53:04,375 - INFO - Epoch 1 volume 75/649 loaded: patches=8 image_shape=(8, 1, 128, 128, 128) label_shape=(8, 128, 128, 128)
2026-04-27 14:53:04,375 - INFO - Epoch 1 volume 75/649 patch 1/8 training started
2026-04-27 14:53:04,501 - INFO - Epoch 1 volume 75/649 patch 1/8 done: loss=1.571421 avg_loss=1.621432 global_patch_step=621
2026-04-27 14:53:04,501 - INFO - Epoch 1 volume 75/649 patch 2/8 training started
2026-04-27 14:53:04,628 - INFO - Epoch 1 volume 75/649 patch 2/8 done: loss=1.572871 avg_loss=1.621354 global_patch_step=622
2026-04-27 14:53:04,628 - INFO - Epoch 1 volume 75/649 patch 3/8 training started
2026-04-27 14:53:04,754 - INFO - Epoch 1 volume 75/649 patch 3/8 done: loss=1.571197 avg_loss=1.621274 global_patch_step=623
2026-04-27 14:53:04,754 - INFO - Epoch 1 volume 75/649 patch 4/8 training started
2026-04-27 14:53:04,880 - INFO - Epoch 1 volume 75/649 patch 4/8 done: loss=1.570833 avg_loss=1.621193 global_patch_step=624
2026-04-27 14:53:04,880 - INFO - Epoch 1 volume 75/649 patch 5/8 training started
2026-04-27 14:53:05,005 - INFO - Epoch 1 volume 75/649 patch 5/8 done: loss=1.570205 avg_loss=1.621111 global_patch_step=625
2026-04-27 14:53:05,005 - INFO - Epoch 1 volume 75/649 patch 6/8 training started
2026-04-27 14:53:05,131 - INFO - Epoch 1 volume 75/649 patch 6/8 done: loss=1.569949 avg_loss=1.621030 global_patch_step=626
2026-04-27 14:53:05,131 - INFO - Epoch 1 volume 75/649 patch 7/8 training started
2026-04-27 14:53:05,256 - INFO - Epoch 1 volume 75/649 patch 7/8 done: loss=1.567880 avg_loss=1.620945 global_patch_step=627
2026-04-27 14:53:05,256 - INFO - Epoch 1 volume 75/649 patch 8/8 training started
2026-04-27 14:53:05,383 - INFO - Epoch 1 volume 75/649 patch 8/8 done: loss=1.569172 avg_loss=1.620862 global_patch_step=628
2026-04-27 14:53:05,383 - INFO - Epoch 1 volume 76/649 loading
2026-04-27 14:53:05,707 - INFO - Resampling (356, 478, 299) to [292, 392, 374]...
2026-04-27 14:53:05,792 - INFO - Resampling (356, 478, 299) to [292, 392, 374]...
2026-04-27 14:53:06,232 - INFO - Resampling (356, 478, 299) to [292, 392, 374]...
2026-04-27 14:53:06,313 - INFO - Resampling (356, 478, 299) to [292, 392, 374]...
2026-04-27 14:53:06,869 - INFO - Epoch 1 volume 76/649 loaded: patches=12 image_shape=(12, 1, 128, 128, 128) label_shape=(12, 128, 128, 128)
2026-04-27 14:53:06,869 - INFO - Epoch 1 volume 76/649 patch 1/12 training started
2026-04-27 14:53:06,994 - INFO - Epoch 1 volume 76/649 patch 1/12 done: loss=1.568453 avg_loss=1.620779 global_patch_step=629
2026-04-27 14:53:06,994 - INFO - Epoch 1 volume 76/649 patch 2/12 training started
2026-04-27 14:53:07,121 - INFO - Epoch 1 volume 76/649 patch 2/12 done: loss=1.569745 avg_loss=1.620698 global_patch_step=630
2026-04-27 14:53:07,121 - INFO - Epoch 1 volume 76/649 patch 3/12 training started
2026-04-27 14:53:07,246 - INFO - Epoch 1 volume 76/649 patch 3/12 done: loss=1.569054 avg_loss=1.620616 global_patch_step=631
2026-04-27 14:53:07,246 - INFO - Epoch 1 volume 76/649 patch 4/12 training started
2026-04-27 14:53:07,372 - INFO - Epoch 1 volume 76/649 patch 4/12 done: loss=1.570498 avg_loss=1.620537 global_patch_step=632
2026-04-27 14:53:07,372 - INFO - Epoch 1 volume 76/649 patch 5/12 training started
2026-04-27 14:53:07,498 - INFO - Epoch 1 volume 76/649 patch 5/12 done: loss=1.570319 avg_loss=1.620458 global_patch_step=633
2026-04-27 14:53:07,498 - INFO - Epoch 1 volume 76/649 patch 6/12 training started
2026-04-27 14:53:07,628 - INFO - Epoch 1 volume 76/649 patch 6/12 done: loss=1.569166 avg_loss=1.620377 global_patch_step=634
2026-04-27 14:53:07,628 - INFO - Epoch 1 volume 76/649 patch 7/12 training started
2026-04-27 14:53:07,754 - INFO - Epoch 1 volume 76/649 patch 7/12 done: loss=1.569306 avg_loss=1.620296 global_patch_step=635
2026-04-27 14:53:07,754 - INFO - Epoch 1 volume 76/649 patch 8/12 training started
2026-04-27 14:53:07,879 - INFO - Epoch 1 volume 76/649 patch 8/12 done: loss=1.569695 avg_loss=1.620217 global_patch_step=636
2026-04-27 14:53:07,879 - INFO - Epoch 1 volume 76/649 patch 9/12 training started
2026-04-27 14:53:08,006 - INFO - Epoch 1 volume 76/649 patch 9/12 done: loss=1.568062 avg_loss=1.620135 global_patch_step=637
2026-04-27 14:53:08,006 - INFO - Epoch 1 volume 76/649 patch 10/12 training started
2026-04-27 14:53:08,132 - INFO - Epoch 1 volume 76/649 patch 10/12 done: loss=1.568466 avg_loss=1.620054 global_patch_step=638
2026-04-27 14:53:08,132 - INFO - Epoch 1 volume 76/649 patch 11/12 training started
2026-04-27 14:53:08,259 - INFO - Epoch 1 volume 76/649 patch 11/12 done: loss=1.566993 avg_loss=1.619971 global_patch_step=639
2026-04-27 14:53:08,259 - INFO - Epoch 1 volume 76/649 patch 12/12 training started
2026-04-27 14:53:08,384 - INFO - Epoch 1 volume 76/649 patch 12/12 done: loss=1.566571 avg_loss=1.619887 global_patch_step=640
2026-04-27 14:53:08,384 - INFO - Epoch 1 volume 77/649 loading
2026-04-27 14:53:08,627 - INFO - Resampling (304, 408, 299) to [273, 367, 374]...
2026-04-27 14:53:08,711 - INFO - Resampling (304, 408, 299) to [273, 367, 374]...
2026-04-27 14:53:09,038 - INFO - Resampling (304, 408, 299) to [273, 367, 374]...
2026-04-27 14:53:09,122 - INFO - Resampling (304, 408, 299) to [273, 367, 374]...
2026-04-27 14:53:09,369 - INFO - Epoch 1 volume 77/649 loaded: patches=8 image_shape=(8, 1, 128, 128, 128) label_shape=(8, 128, 128, 128)
2026-04-27 14:53:09,369 - INFO - Epoch 1 volume 77/649 patch 1/8 training started
2026-04-27 14:53:09,497 - INFO - Epoch 1 volume 77/649 patch 1/8 done: loss=1.568122 avg_loss=1.619807 global_patch_step=641
2026-04-27 14:53:09,497 - INFO - Epoch 1 volume 77/649 patch 2/8 training started
2026-04-27 14:53:09,625 - INFO - Epoch 1 volume 77/649 patch 2/8 done: loss=1.567872 avg_loss=1.619726 global_patch_step=642
2026-04-27 14:53:09,625 - INFO - Epoch 1 volume 77/649 patch 3/8 training started
2026-04-27 14:53:09,751 - INFO - Epoch 1 volume 77/649 patch 3/8 done: loss=1.568395 avg_loss=1.619646 global_patch_step=643
2026-04-27 14:53:09,751 - INFO - Epoch 1 volume 77/649 patch 4/8 training started
2026-04-27 14:53:09,879 - INFO - Epoch 1 volume 77/649 patch 4/8 done: loss=1.569102 avg_loss=1.619567 global_patch_step=644
2026-04-27 14:53:09,879 - INFO - Epoch 1 volume 77/649 patch 5/8 training started
2026-04-27 14:53:10,002 - INFO - Epoch 1 volume 77/649 patch 5/8 done: loss=1.568528 avg_loss=1.619488 global_patch_step=645
2026-04-27 14:53:10,003 - INFO - Epoch 1 volume 77/649 patch 6/8 training started
2026-04-27 14:53:10,130 - INFO - Epoch 1 volume 77/649 patch 6/8 done: loss=1.568177 avg_loss=1.619409 global_patch_step=646
2026-04-27 14:53:10,130 - INFO - Epoch 1 volume 77/649 patch 7/8 training started
2026-04-27 14:53:10,255 - INFO - Epoch 1 volume 77/649 patch 7/8 done: loss=1.567220 avg_loss=1.619328 global_patch_step=647
2026-04-27 14:53:10,255 - INFO - Epoch 1 volume 77/649 patch 8/8 training started
2026-04-27 14:53:10,381 - INFO - Epoch 1 volume 77/649 patch 8/8 done: loss=1.566942 avg_loss=1.619247 global_patch_step=648
2026-04-27 14:53:10,381 - INFO - Epoch 1 volume 78/649 loading
2026-04-27 14:53:10,586 - INFO - Resampling (289, 381, 225) to [268, 353, 281]...
2026-04-27 14:53:10,814 - INFO - Resampling (289, 381, 225) to [268, 353, 281]...
2026-04-27 14:53:10,992 - INFO - Resampling (289, 381, 225) to [268, 353, 281]...
2026-04-27 14:53:11,082 - INFO - Resampling (289, 381, 225) to [268, 353, 281]...
2026-04-27 14:53:11,252 - INFO - Epoch 1 volume 78/649 loaded: patches=8 image_shape=(8, 1, 128, 128, 128) label_shape=(8, 128, 128, 128)
2026-04-27 14:53:11,252 - INFO - Epoch 1 volume 78/649 patch 1/8 training started
2026-04-27 14:53:11,382 - INFO - Epoch 1 volume 78/649 patch 1/8 done: loss=1.568802 avg_loss=1.619170 global_patch_step=649
2026-04-27 14:53:11,382 - INFO - Epoch 1 volume 78/649 patch 2/8 training started
2026-04-27 14:53:11,509 - INFO - Epoch 1 volume 78/649 patch 2/8 done: loss=1.568463 avg_loss=1.619092 global_patch_step=650
2026-04-27 14:53:11,509 - INFO - Epoch 1 volume 78/649 patch 3/8 training started
2026-04-27 14:53:11,630 - INFO - Epoch 1 volume 78/649 patch 3/8 done: loss=1.567175 avg_loss=1.619012 global_patch_step=651
2026-04-27 14:53:11,630 - INFO - Epoch 1 volume 78/649 patch 4/8 training started
2026-04-27 14:53:11,740 - INFO - Epoch 1 volume 78/649 patch 4/8 done: loss=1.567238 avg_loss=1.618932 global_patch_step=652
2026-04-27 14:53:11,740 - INFO - Epoch 1 volume 78/649 patch 5/8 training started
2026-04-27 14:53:11,867 - INFO - Epoch 1 volume 78/649 patch 5/8 done: loss=1.566418 avg_loss=1.618852 global_patch_step=653
2026-04-27 14:53:11,867 - INFO - Epoch 1 volume 78/649 patch 6/8 training started
2026-04-27 14:53:11,992 - INFO - Epoch 1 volume 78/649 patch 6/8 done: loss=1.566092 avg_loss=1.618771 global_patch_step=654
2026-04-27 14:53:11,993 - INFO - Epoch 1 volume 78/649 patch 7/8 training started
2026-04-27 14:53:12,119 - INFO - Epoch 1 volume 78/649 patch 7/8 done: loss=1.564531 avg_loss=1.618689 global_patch_step=655
2026-04-27 14:53:12,119 - INFO - Epoch 1 volume 78/649 patch 8/8 training started
2026-04-27 14:53:12,246 - INFO - Epoch 1 volume 78/649 patch 8/8 done: loss=1.564219 avg_loss=1.618606 global_patch_step=656
2026-04-27 14:53:12,246 - INFO - Epoch 1 volume 79/649 loading
2026-04-27 14:53:12,403 - INFO - Resampling (317, 377, 224) to [272, 324, 280]...
2026-04-27 14:53:12,462 - INFO - Resampling (317, 377, 224) to [272, 324, 280]...
2026-04-27 14:53:12,655 - INFO - Resampling (317, 377, 224) to [272, 324, 280]...
2026-04-27 14:53:12,708 - INFO - Resampling (317, 377, 224) to [272, 324, 280]...
2026-04-27 14:53:12,852 - INFO - Epoch 1 volume 79/649 loaded: patches=8 image_shape=(8, 1, 128, 128, 128) label_shape=(8, 128, 128, 128)
2026-04-27 14:53:12,852 - INFO - Epoch 1 volume 79/649 patch 1/8 training started
2026-04-27 14:53:12,980 - INFO - Epoch 1 volume 79/649 patch 1/8 done: loss=1.567012 avg_loss=1.618527 global_patch_step=657
2026-04-27 14:53:12,980 - INFO - Epoch 1 volume 79/649 patch 2/8 training started
2026-04-27 14:53:13,109 - INFO - Epoch 1 volume 79/649 patch 2/8 done: loss=1.566216 avg_loss=1.618447 global_patch_step=658
2026-04-27 14:53:13,109 - INFO - Epoch 1 volume 79/649 patch 3/8 training started
2026-04-27 14:53:13,237 - INFO - Epoch 1 volume 79/649 patch 3/8 done: loss=1.566032 avg_loss=1.618368 global_patch_step=659
2026-04-27 14:53:13,237 - INFO - Epoch 1 volume 79/649 patch 4/8 training started
2026-04-27 14:53:13,363 - INFO - Epoch 1 volume 79/649 patch 4/8 done: loss=1.566385 avg_loss=1.618289 global_patch_step=660
2026-04-27 14:53:13,363 - INFO - Epoch 1 volume 79/649 patch 5/8 training started
2026-04-27 14:53:13,488 - INFO - Epoch 1 volume 79/649 patch 5/8 done: loss=1.565324 avg_loss=1.618209 global_patch_step=661
2026-04-27 14:53:13,488 - INFO - Epoch 1 volume 79/649 patch 6/8 training started
2026-04-27 14:53:13,616 - INFO - Epoch 1 volume 79/649 patch 6/8 done: loss=1.565420 avg_loss=1.618129 global_patch_step=662
2026-04-27 14:53:13,616 - INFO - Epoch 1 volume 79/649 patch 7/8 training started
2026-04-27 14:53:13,743 - INFO - Epoch 1 volume 79/649 patch 7/8 done: loss=1.563852 avg_loss=1.618047 global_patch_step=663
2026-04-27 14:53:13,743 - INFO - Epoch 1 volume 79/649 patch 8/8 training started
2026-04-27 14:53:13,867 - INFO - Epoch 1 volume 79/649 patch 8/8 done: loss=1.563931 avg_loss=1.617966 global_patch_step=664
2026-04-27 14:53:13,867 - INFO - Epoch 1 volume 80/649 loading
2026-04-27 14:53:14,123 - INFO - Resampling (336, 411, 285) to [291, 356, 356]...
2026-04-27 14:53:14,204 - INFO - Resampling (336, 411, 285) to [291, 356, 356]...
2026-04-27 14:53:14,483 - INFO - Resampling (336, 411, 285) to [291, 356, 356]...
2026-04-27 14:53:14,565 - INFO - Resampling (336, 411, 285) to [291, 356, 356]...
2026-04-27 14:53:14,837 - INFO - Epoch 1 volume 80/649 loaded: patches=8 image_shape=(8, 1, 128, 128, 128) label_shape=(8, 128, 128, 128)
2026-04-27 14:53:14,838 - INFO - Epoch 1 volume 80/649 patch 1/8 training started
2026-04-27 14:53:14,965 - INFO - Epoch 1 volume 80/649 patch 1/8 done: loss=1.565323 avg_loss=1.617887 global_patch_step=665
2026-04-27 14:53:14,965 - INFO - Epoch 1 volume 80/649 patch 2/8 training started
2026-04-27 14:53:15,091 - INFO - Epoch 1 volume 80/649 patch 2/8 done: loss=1.565120 avg_loss=1.617808 global_patch_step=666
2026-04-27 14:53:15,091 - INFO - Epoch 1 volume 80/649 patch 3/8 training started
2026-04-27 14:53:15,220 - INFO - Epoch 1 volume 80/649 patch 3/8 done: loss=1.566462 avg_loss=1.617731 global_patch_step=667
2026-04-27 14:53:15,220 - INFO - Epoch 1 volume 80/649 patch 4/8 training started
2026-04-27 14:53:15,347 - INFO - Epoch 1 volume 80/649 patch 4/8 done: loss=1.565547 avg_loss=1.617652 global_patch_step=668
2026-04-27 14:53:15,347 - INFO - Epoch 1 volume 80/649 patch 5/8 training started
2026-04-27 14:53:15,472 - INFO - Epoch 1 volume 80/649 patch 5/8 done: loss=1.565598 avg_loss=1.617575 global_patch_step=669
2026-04-27 14:53:15,472 - INFO - Epoch 1 volume 80/649 patch 6/8 training started
2026-04-27 14:53:15,598 - INFO - Epoch 1 volume 80/649 patch 6/8 done: loss=1.565159 avg_loss=1.617496 global_patch_step=670
2026-04-27 14:53:15,598 - INFO - Epoch 1 volume 80/649 patch 7/8 training started
2026-04-27 14:53:15,724 - INFO - Epoch 1 volume 80/649 patch 7/8 done: loss=1.563571 avg_loss=1.617416 global_patch_step=671
2026-04-27 14:53:15,724 - INFO - Epoch 1 volume 80/649 patch 8/8 training started
2026-04-27 14:53:15,842 - INFO - Epoch 1 volume 80/649 patch 8/8 done: loss=1.562257 avg_loss=1.617334 global_patch_step=672
2026-04-27 14:53:15,842 - INFO - Epoch 1 volume 81/649 loading
2026-04-27 14:53:16,029 - INFO - Resampling (353, 417, 263) to [287, 339, 263]...
2026-04-27 14:53:16,110 - INFO - Resampling (353, 417, 263) to [287, 339, 263]...
2026-04-27 14:53:16,338 - INFO - Resampling (353, 417, 263) to [287, 339, 263]...
2026-04-27 14:53:16,417 - INFO - Resampling (353, 417, 263) to [287, 339, 263]...
2026-04-27 14:53:16,603 - INFO - Epoch 1 volume 81/649 loaded: patches=8 image_shape=(8, 1, 128, 128, 128) label_shape=(8, 128, 128, 128)
2026-04-27 14:53:16,603 - INFO - Epoch 1 volume 81/649 patch 1/8 training started
2026-04-27 14:53:16,732 - INFO - Epoch 1 volume 81/649 patch 1/8 done: loss=1.565313 avg_loss=1.617257 global_patch_step=673
2026-04-27 14:53:16,732 - INFO - Epoch 1 volume 81/649 patch 2/8 training started
2026-04-27 14:53:16,860 - INFO - Epoch 1 volume 81/649 patch 2/8 done: loss=1.565209 avg_loss=1.617179 global_patch_step=674
2026-04-27 14:53:16,860 - INFO - Epoch 1 volume 81/649 patch 3/8 training started
2026-04-27 14:53:16,986 - INFO - Epoch 1 volume 81/649 patch 3/8 done: loss=1.564347 avg_loss=1.617101 global_patch_step=675
2026-04-27 14:53:16,986 - INFO - Epoch 1 volume 81/649 patch 4/8 training started
2026-04-27 14:53:17,111 - INFO - Epoch 1 volume 81/649 patch 4/8 done: loss=1.564008 avg_loss=1.617023 global_patch_step=676
2026-04-27 14:53:17,111 - INFO - Epoch 1 volume 81/649 patch 5/8 training started
2026-04-27 14:53:17,232 - INFO - Epoch 1 volume 81/649 patch 5/8 done: loss=1.563354 avg_loss=1.616943 global_patch_step=677
2026-04-27 14:53:17,232 - INFO - Epoch 1 volume 81/649 patch 6/8 training started
2026-04-27 14:53:17,353 - INFO - Epoch 1 volume 81/649 patch 6/8 done: loss=1.563061 avg_loss=1.616864 global_patch_step=678
2026-04-27 14:53:17,353 - INFO - Epoch 1 volume 81/649 patch 7/8 training started
2026-04-27 14:53:17,471 - INFO - Epoch 1 volume 81/649 patch 7/8 done: loss=1.562115 avg_loss=1.616783 global_patch_step=679
2026-04-27 14:53:17,471 - INFO - Epoch 1 volume 81/649 patch 8/8 training started
2026-04-27 14:53:17,581 - INFO - Epoch 1 volume 81/649 patch 8/8 done: loss=1.562181 avg_loss=1.616703 global_patch_step=680
2026-04-27 14:53:17,581 - INFO - Epoch 1 volume 82/649 loading
2026-04-27 14:53:17,768 - INFO - Resampling (364, 409, 240) to [299, 336, 300]...
2026-04-27 14:53:17,834 - INFO - Resampling (364, 409, 240) to [299, 336, 300]...
2026-04-27 14:53:18,073 - INFO - Resampling (364, 409, 240) to [299, 336, 300]...
2026-04-27 14:53:18,137 - INFO - Resampling (364, 409, 240) to [299, 336, 300]...
2026-04-27 14:53:18,295 - INFO - Epoch 1 volume 82/649 loaded: patches=8 image_shape=(8, 1, 128, 128, 128) label_shape=(8, 128, 128, 128)
2026-04-27 14:53:18,295 - INFO - Epoch 1 volume 82/649 patch 1/8 training started
2026-04-27 14:53:18,401 - INFO - Epoch 1 volume 82/649 patch 1/8 done: loss=1.564042 avg_loss=1.616626 global_patch_step=681
2026-04-27 14:53:18,401 - INFO - Epoch 1 volume 82/649 patch 2/8 training started
2026-04-27 14:53:18,506 - INFO - Epoch 1 volume 82/649 patch 2/8 done: loss=1.564455 avg_loss=1.616549 global_patch_step=682
2026-04-27 14:53:18,507 - INFO - Epoch 1 volume 82/649 patch 3/8 training started
2026-04-27 14:53:18,616 - INFO - Epoch 1 volume 82/649 patch 3/8 done: loss=1.563228 avg_loss=1.616471 global_patch_step=683
2026-04-27 14:53:18,616 - INFO - Epoch 1 volume 82/649 patch 4/8 training started
2026-04-27 14:53:18,739 - INFO - Epoch 1 volume 82/649 patch 4/8 done: loss=1.562842 avg_loss=1.616393 global_patch_step=684
2026-04-27 14:53:18,739 - INFO - Epoch 1 volume 82/649 patch 5/8 training started
2026-04-27 14:53:18,852 - INFO - Epoch 1 volume 82/649 patch 5/8 done: loss=1.562381 avg_loss=1.616314 global_patch_step=685
2026-04-27 14:53:18,852 - INFO - Epoch 1 volume 82/649 patch 6/8 training started
2026-04-27 14:53:18,964 - INFO - Epoch 1 volume 82/649 patch 6/8 done: loss=1.562579 avg_loss=1.616235 global_patch_step=686
2026-04-27 14:53:18,964 - INFO - Epoch 1 volume 82/649 patch 7/8 training started
2026-04-27 14:53:19,073 - INFO - Epoch 1 volume 82/649 patch 7/8 done: loss=1.560716 avg_loss=1.616155 global_patch_step=687
2026-04-27 14:53:19,073 - INFO - Epoch 1 volume 82/649 patch 8/8 training started
2026-04-27 14:53:19,188 - INFO - Epoch 1 volume 82/649 patch 8/8 done: loss=1.561732 avg_loss=1.616076 global_patch_step=688
2026-04-27 14:53:19,188 - INFO - Epoch 1 volume 83/649 loading
2026-04-27 14:53:19,343 - INFO - Resampling (346, 437, 225) to [284, 358, 281]...
2026-04-27 14:53:19,564 - INFO - Resampling (346, 437, 225) to [284, 358, 281]...
2026-04-27 14:53:19,779 - INFO - Resampling (346, 437, 225) to [284, 358, 281]...
2026-04-27 14:53:19,858 - INFO - Resampling (346, 437, 225) to [284, 358, 281]...
2026-04-27 14:53:20,038 - INFO - Epoch 1 volume 83/649 loaded: patches=8 image_shape=(8, 1, 128, 128, 128) label_shape=(8, 128, 128, 128)
2026-04-27 14:53:20,038 - INFO - Epoch 1 volume 83/649 patch 1/8 training started
2026-04-27 14:53:20,148 - INFO - Epoch 1 volume 83/649 patch 1/8 done: loss=1.563221 avg_loss=1.615999 global_patch_step=689
2026-04-27 14:53:20,149 - INFO - Epoch 1 volume 83/649 patch 2/8 training started
2026-04-27 14:53:20,257 - INFO - Epoch 1 volume 83/649 patch 2/8 done: loss=1.563197 avg_loss=1.615922 global_patch_step=690
2026-04-27 14:53:20,257 - INFO - Epoch 1 volume 83/649 patch 3/8 training started
2026-04-27 14:53:20,363 - INFO - Epoch 1 volume 83/649 patch 3/8 done: loss=1.562611 avg_loss=1.615845 global_patch_step=691
2026-04-27 14:53:20,363 - INFO - Epoch 1 volume 83/649 patch 4/8 training started
2026-04-27 14:53:20,468 - INFO - Epoch 1 volume 83/649 patch 4/8 done: loss=1.562437 avg_loss=1.615768 global_patch_step=692
2026-04-27 14:53:20,468 - INFO - Epoch 1 volume 83/649 patch 5/8 training started
2026-04-27 14:53:20,573 - INFO - Epoch 1 volume 83/649 patch 5/8 done: loss=1.561695 avg_loss=1.615690 global_patch_step=693
2026-04-27 14:53:20,574 - INFO - Epoch 1 volume 83/649 patch 6/8 training started
2026-04-27 14:53:20,684 - INFO - Epoch 1 volume 83/649 patch 6/8 done: loss=1.561099 avg_loss=1.615611 global_patch_step=694
2026-04-27 14:53:20,684 - INFO - Epoch 1 volume 83/649 patch 7/8 training started
2026-04-27 14:53:20,789 - INFO - Epoch 1 volume 83/649 patch 7/8 done: loss=1.559664 avg_loss=1.615531 global_patch_step=695
2026-04-27 14:53:20,789 - INFO - Epoch 1 volume 83/649 patch 8/8 training started
2026-04-27 14:53:20,894 - INFO - Epoch 1 volume 83/649 patch 8/8 done: loss=1.560282 avg_loss=1.615451 global_patch_step=696
2026-04-27 14:53:20,894 - INFO - Epoch 1 volume 84/649 loading
2026-04-27 14:53:21,033 - INFO - Resampling (354, 404, 222) to [290, 331, 278]...
2026-04-27 14:53:21,083 - INFO - Resampling (354, 404, 222) to [290, 331, 278]...
2026-04-27 14:53:21,259 - INFO - Resampling (354, 404, 222) to [290, 331, 278]...
2026-04-27 14:53:21,304 - INFO - Resampling (354, 404, 222) to [290, 331, 278]...
2026-04-27 14:53:21,441 - INFO - Epoch 1 volume 84/649 loaded: patches=8 image_shape=(8, 1, 128, 128, 128) label_shape=(8, 128, 128, 128)
2026-04-27 14:53:21,442 - INFO - Epoch 1 volume 84/649 patch 1/8 training started
2026-04-27 14:53:21,547 - INFO - Epoch 1 volume 84/649 patch 1/8 done: loss=1.561400 avg_loss=1.615374 global_patch_step=697
2026-04-27 14:53:21,547 - INFO - Epoch 1 volume 84/649 patch 2/8 training started
2026-04-27 14:53:21,656 - INFO - Epoch 1 volume 84/649 patch 2/8 done: loss=1.544849 avg_loss=1.615273 global_patch_step=698
2026-04-27 14:53:21,656 - INFO - Epoch 1 volume 84/649 patch 3/8 training started
2026-04-27 14:53:21,764 - INFO - Epoch 1 volume 84/649 patch 3/8 done: loss=1.561438 avg_loss=1.615196 global_patch_step=699
2026-04-27 14:53:21,764 - INFO - Epoch 1 volume 84/649 patch 4/8 training started
2026-04-27 14:53:21,871 - INFO - Epoch 1 volume 84/649 patch 4/8 done: loss=1.547426 avg_loss=1.615099 global_patch_step=700
2026-04-27 14:53:21,871 - INFO - Epoch 1 volume 84/649 patch 5/8 training started
2026-04-27 14:53:21,977 - INFO - Epoch 1 volume 84/649 patch 5/8 done: loss=1.560158 avg_loss=1.615021 global_patch_step=701
2026-04-27 14:53:21,977 - INFO - Epoch 1 volume 84/649 patch 6/8 training started
2026-04-27 14:53:22,084 - INFO - Epoch 1 volume 84/649 patch 6/8 done: loss=1.559749 avg_loss=1.614942 global_patch_step=702
2026-04-27 14:53:22,084 - INFO - Epoch 1 volume 84/649 patch 7/8 training started
2026-04-27 14:53:22,193 - INFO - Epoch 1 volume 84/649 patch 7/8 done: loss=1.558927 avg_loss=1.614862 global_patch_step=703
2026-04-27 14:53:22,194 - INFO - Epoch 1 volume 84/649 patch 8/8 training started
2026-04-27 14:53:22,300 - INFO - Epoch 1 volume 84/649 patch 8/8 done: loss=1.559282 avg_loss=1.614783 global_patch_step=704
2026-04-27 14:53:22,301 - INFO - Epoch 1 volume 85/649 loading
2026-04-27 14:53:22,478 - INFO - Resampling (308, 402, 317) to [280, 366, 396]...
2026-04-27 14:53:22,550 - INFO - Resampling (308, 402, 317) to [280, 366, 396]...
2026-04-27 14:53:22,806 - INFO - Resampling (308, 402, 317) to [280, 366, 396]...
2026-04-27 14:53:22,877 - INFO - Resampling (308, 402, 317) to [280, 366, 396]...
2026-04-27 14:53:23,198 - INFO - Epoch 1 volume 85/649 loaded: patches=12 image_shape=(12, 1, 128, 128, 128) label_shape=(12, 128, 128, 128)
2026-04-27 14:53:23,198 - INFO - Epoch 1 volume 85/649 patch 1/12 training started
2026-04-27 14:53:23,304 - INFO - Epoch 1 volume 85/649 patch 1/12 done: loss=1.559395 avg_loss=1.614705 global_patch_step=705
2026-04-27 14:53:23,304 - INFO - Epoch 1 volume 85/649 patch 2/12 training started
2026-04-27 14:53:23,408 - INFO - Epoch 1 volume 85/649 patch 2/12 done: loss=1.559410 avg_loss=1.614626 global_patch_step=706
2026-04-27 14:53:23,408 - INFO - Epoch 1 volume 85/649 patch 3/12 training started
2026-04-27 14:53:23,513 - INFO - Epoch 1 volume 85/649 patch 3/12 done: loss=1.559699 avg_loss=1.614549 global_patch_step=707
2026-04-27 14:53:23,514 - INFO - Epoch 1 volume 85/649 patch 4/12 training started
2026-04-27 14:53:23,621 - INFO - Epoch 1 volume 85/649 patch 4/12 done: loss=1.560530 avg_loss=1.614472 global_patch_step=708
2026-04-27 14:53:23,621 - INFO - Epoch 1 volume 85/649 patch 5/12 training started
2026-04-27 14:53:23,729 - INFO - Epoch 1 volume 85/649 patch 5/12 done: loss=1.560643 avg_loss=1.614396 global_patch_step=709
2026-04-27 14:53:23,729 - INFO - Epoch 1 volume 85/649 patch 6/12 training started
2026-04-27 14:53:23,835 - INFO - Epoch 1 volume 85/649 patch 6/12 done: loss=1.560449 avg_loss=1.614320 global_patch_step=710
2026-04-27 14:53:23,835 - INFO - Epoch 1 volume 85/649 patch 7/12 training started
2026-04-27 14:53:23,941 - INFO - Epoch 1 volume 85/649 patch 7/12 done: loss=1.559454 avg_loss=1.614243 global_patch_step=711
2026-04-27 14:53:23,941 - INFO - Epoch 1 volume 85/649 patch 8/12 training started
2026-04-27 14:53:24,047 - INFO - Epoch 1 volume 85/649 patch 8/12 done: loss=1.559482 avg_loss=1.614166 global_patch_step=712
2026-04-27 14:53:24,047 - INFO - Epoch 1 volume 85/649 patch 9/12 training started
2026-04-27 14:53:24,162 - INFO - Epoch 1 volume 85/649 patch 9/12 done: loss=1.558517 avg_loss=1.614088 global_patch_step=713
2026-04-27 14:53:24,162 - INFO - Epoch 1 volume 85/649 patch 10/12 training started
2026-04-27 14:53:24,272 - INFO - Epoch 1 volume 85/649 patch 10/12 done: loss=1.558122 avg_loss=1.614010 global_patch_step=714
2026-04-27 14:53:24,272 - INFO - Epoch 1 volume 85/649 patch 11/12 training started
2026-04-27 14:53:24,385 - INFO - Epoch 1 volume 85/649 patch 11/12 done: loss=1.557455 avg_loss=1.613931 global_patch_step=715
2026-04-27 14:53:24,385 - INFO - Epoch 1 volume 85/649 patch 12/12 training started
2026-04-27 14:53:24,496 - INFO - Epoch 1 volume 85/649 patch 12/12 done: loss=1.557437 avg_loss=1.613852 global_patch_step=716
2026-04-27 14:53:24,496 - INFO - Epoch 1 volume 86/649 loading
2026-04-27 14:53:24,767 - INFO - Resampling (333, 384, 288) to [299, 345, 360]...
2026-04-27 14:53:24,833 - INFO - Resampling (333, 384, 288) to [299, 345, 360]...
2026-04-27 14:53:25,056 - INFO - Resampling (333, 384, 288) to [299, 345, 360]...
2026-04-27 14:53:25,119 - INFO - Resampling (333, 384, 288) to [299, 345, 360]...
2026-04-27 14:53:25,320 - INFO - Epoch 1 volume 86/649 loaded: patches=8 image_shape=(8, 1, 128, 128, 128) label_shape=(8, 128, 128, 128)
2026-04-27 14:53:25,320 - INFO - Epoch 1 volume 86/649 patch 1/8 training started
2026-04-27 14:53:25,426 - INFO - Epoch 1 volume 86/649 patch 1/8 done: loss=1.558530 avg_loss=1.613775 global_patch_step=717
2026-04-27 14:53:25,426 - INFO - Epoch 1 volume 86/649 patch 2/8 training started
2026-04-27 14:53:25,531 - INFO - Epoch 1 volume 86/649 patch 2/8 done: loss=1.558389 avg_loss=1.613698 global_patch_step=718
2026-04-27 14:53:25,531 - INFO - Epoch 1 volume 86/649 patch 3/8 training started
2026-04-27 14:53:25,639 - INFO - Epoch 1 volume 86/649 patch 3/8 done: loss=1.558493 avg_loss=1.613621 global_patch_step=719
2026-04-27 14:53:25,639 - INFO - Epoch 1 volume 86/649 patch 4/8 training started
2026-04-27 14:53:25,746 - INFO - Epoch 1 volume 86/649 patch 4/8 done: loss=1.559846 avg_loss=1.613546 global_patch_step=720
2026-04-27 14:53:25,746 - INFO - Epoch 1 volume 86/649 patch 5/8 training started
2026-04-27 14:53:25,851 - INFO - Epoch 1 volume 86/649 patch 5/8 done: loss=1.558439 avg_loss=1.613470 global_patch_step=721
2026-04-27 14:53:25,851 - INFO - Epoch 1 volume 86/649 patch 6/8 training started
2026-04-27 14:53:25,956 - INFO - Epoch 1 volume 86/649 patch 6/8 done: loss=1.559496 avg_loss=1.613395 global_patch_step=722
2026-04-27 14:53:25,956 - INFO - Epoch 1 volume 86/649 patch 7/8 training started
2026-04-27 14:53:26,061 - INFO - Epoch 1 volume 86/649 patch 7/8 done: loss=1.556790 avg_loss=1.613317 global_patch_step=723
2026-04-27 14:53:26,061 - INFO - Epoch 1 volume 86/649 patch 8/8 training started
2026-04-27 14:53:26,170 - INFO - Epoch 1 volume 86/649 patch 8/8 done: loss=1.557247 avg_loss=1.613239 global_patch_step=724
2026-04-27 14:53:26,170 - INFO - Epoch 1 volume 87/649 loading
2026-04-27 14:53:26,425 - INFO - Resampling (345, 431, 316) to [283, 354, 395]...
2026-04-27 14:53:26,647 - INFO - Resampling (345, 431, 316) to [283, 354, 395]...
2026-04-27 14:53:26,934 - INFO - Resampling (345, 431, 316) to [283, 354, 395]...
2026-04-27 14:53:27,043 - INFO - Resampling (345, 431, 316) to [283, 354, 395]...
2026-04-27 14:53:27,350 - INFO - Epoch 1 volume 87/649 loaded: patches=12 image_shape=(12, 1, 128, 128, 128) label_shape=(12, 128, 128, 128)
2026-04-27 14:53:27,350 - INFO - Epoch 1 volume 87/649 patch 1/12 training started
2026-04-27 14:53:27,455 - INFO - Epoch 1 volume 87/649 patch 1/12 done: loss=1.556949 avg_loss=1.613162 global_patch_step=725
2026-04-27 14:53:27,455 - INFO - Epoch 1 volume 87/649 patch 2/12 training started
2026-04-27 14:53:27,560 - INFO - Epoch 1 volume 87/649 patch 2/12 done: loss=1.556766 avg_loss=1.613084 global_patch_step=726
2026-04-27 14:53:27,560 - INFO - Epoch 1 volume 87/649 patch 3/12 training started
2026-04-27 14:53:27,668 - INFO - Epoch 1 volume 87/649 patch 3/12 done: loss=1.557503 avg_loss=1.613008 global_patch_step=727
2026-04-27 14:53:27,668 - INFO - Epoch 1 volume 87/649 patch 4/12 training started
2026-04-27 14:53:27,776 - INFO - Epoch 1 volume 87/649 patch 4/12 done: loss=1.556940 avg_loss=1.612930 global_patch_step=728
2026-04-27 14:53:27,776 - INFO - Epoch 1 volume 87/649 patch 5/12 training started
2026-04-27 14:53:27,882 - INFO - Epoch 1 volume 87/649 patch 5/12 done: loss=1.557494 avg_loss=1.612854 global_patch_step=729
2026-04-27 14:53:27,882 - INFO - Epoch 1 volume 87/649 patch 6/12 training started
2026-04-27 14:53:27,987 - INFO - Epoch 1 volume 87/649 patch 6/12 done: loss=1.557717 avg_loss=1.612779 global_patch_step=730
2026-04-27 14:53:27,987 - INFO - Epoch 1 volume 87/649 patch 7/12 training started
2026-04-27 14:53:28,093 - INFO - Epoch 1 volume 87/649 patch 7/12 done: loss=1.557691 avg_loss=1.612704 global_patch_step=731
2026-04-27 14:53:28,093 - INFO - Epoch 1 volume 87/649 patch 8/12 training started
2026-04-27 14:53:28,201 - INFO - Epoch 1 volume 87/649 patch 8/12 done: loss=1.557459 avg_loss=1.612628 global_patch_step=732
2026-04-27 14:53:28,201 - INFO - Epoch 1 volume 87/649 patch 9/12 training started
2026-04-27 14:53:28,307 - INFO - Epoch 1 volume 87/649 patch 9/12 done: loss=1.555713 avg_loss=1.612550 global_patch_step=733
2026-04-27 14:53:28,308 - INFO - Epoch 1 volume 87/649 patch 10/12 training started
2026-04-27 14:53:28,413 - INFO - Epoch 1 volume 87/649 patch 10/12 done: loss=1.555478 avg_loss=1.612473 global_patch_step=734
2026-04-27 14:53:28,413 - INFO - Epoch 1 volume 87/649 patch 11/12 training started
2026-04-27 14:53:28,518 - INFO - Epoch 1 volume 87/649 patch 11/12 done: loss=1.554809 avg_loss=1.612394 global_patch_step=735
2026-04-27 14:53:28,518 - INFO - Epoch 1 volume 87/649 patch 12/12 training started
2026-04-27 14:53:28,626 - INFO - Epoch 1 volume 87/649 patch 12/12 done: loss=1.555150 avg_loss=1.612316 global_patch_step=736
2026-04-27 14:53:28,626 - INFO - Epoch 1 volume 88/649 loading
2026-04-27 14:53:28,759 - INFO - Resampling (338, 391, 218) to [277, 321, 272]...
2026-04-27 14:53:28,828 - INFO - Resampling (338, 391, 218) to [277, 321, 272]...
2026-04-27 14:53:29,006 - INFO - Resampling (338, 391, 218) to [277, 321, 272]...
2026-04-27 14:53:29,077 - INFO - Resampling (338, 391, 218) to [277, 321, 272]...
2026-04-27 14:53:29,236 - INFO - Epoch 1 volume 88/649 loaded: patches=8 image_shape=(8, 1, 128, 128, 128) label_shape=(8, 128, 128, 128)
2026-04-27 14:53:29,236 - INFO - Epoch 1 volume 88/649 patch 1/8 training started
2026-04-27 14:53:29,350 - INFO - Epoch 1 volume 88/649 patch 1/8 done: loss=1.557332 avg_loss=1.612242 global_patch_step=737
2026-04-27 14:53:29,350 - INFO - Epoch 1 volume 88/649 patch 2/8 training started
2026-04-27 14:53:29,459 - INFO - Epoch 1 volume 88/649 patch 2/8 done: loss=1.555882 avg_loss=1.612165 global_patch_step=738
2026-04-27 14:53:29,460 - INFO - Epoch 1 volume 88/649 patch 3/8 training started
2026-04-27 14:53:29,571 - INFO - Epoch 1 volume 88/649 patch 3/8 done: loss=1.555887 avg_loss=1.612089 global_patch_step=739
2026-04-27 14:53:29,571 - INFO - Epoch 1 volume 88/649 patch 4/8 training started
2026-04-27 14:53:29,679 - INFO - Epoch 1 volume 88/649 patch 4/8 done: loss=1.556002 avg_loss=1.612014 global_patch_step=740
2026-04-27 14:53:29,679 - INFO - Epoch 1 volume 88/649 patch 5/8 training started
2026-04-27 14:53:29,787 - INFO - Epoch 1 volume 88/649 patch 5/8 done: loss=1.555577 avg_loss=1.611937 global_patch_step=741
2026-04-27 14:53:29,787 - INFO - Epoch 1 volume 88/649 patch 6/8 training started
2026-04-27 14:53:29,903 - INFO - Epoch 1 volume 88/649 patch 6/8 done: loss=1.555156 avg_loss=1.611861 global_patch_step=742
2026-04-27 14:53:29,903 - INFO - Epoch 1 volume 88/649 patch 7/8 training started
2026-04-27 14:53:30,022 - INFO - Epoch 1 volume 88/649 patch 7/8 done: loss=1.554056 avg_loss=1.611783 global_patch_step=743
2026-04-27 14:53:30,022 - INFO - Epoch 1 volume 88/649 patch 8/8 training started
2026-04-27 14:53:30,132 - INFO - Epoch 1 volume 88/649 patch 8/8 done: loss=1.555091 avg_loss=1.611707 global_patch_step=744
2026-04-27 14:53:30,132 - INFO - Epoch 1 volume 89/649 loading
2026-04-27 14:53:30,279 - INFO - Resampling (340, 394, 227) to [296, 343, 284]...
2026-04-27 14:53:30,332 - INFO - Resampling (340, 394, 227) to [296, 343, 284]...
2026-04-27 14:53:30,517 - INFO - Resampling (340, 394, 227) to [296, 343, 284]...
2026-04-27 14:53:30,570 - INFO - Resampling (340, 394, 227) to [296, 343, 284]...
2026-04-27 14:53:30,729 - INFO - Epoch 1 volume 89/649 loaded: patches=8 image_shape=(8, 1, 128, 128, 128) label_shape=(8, 128, 128, 128)
2026-04-27 14:53:30,730 - INFO - Epoch 1 volume 89/649 patch 1/8 training started
2026-04-27 14:53:30,838 - INFO - Epoch 1 volume 89/649 patch 1/8 done: loss=1.556013 avg_loss=1.611632 global_patch_step=745
2026-04-27 14:53:30,838 - INFO - Epoch 1 volume 89/649 patch 2/8 training started
2026-04-27 14:53:30,943 - INFO - Epoch 1 volume 89/649 patch 2/8 done: loss=1.556050 avg_loss=1.611558 global_patch_step=746
2026-04-27 14:53:30,943 - INFO - Epoch 1 volume 89/649 patch 3/8 training started
2026-04-27 14:53:31,049 - INFO - Epoch 1 volume 89/649 patch 3/8 done: loss=1.555705 avg_loss=1.611483 global_patch_step=747
2026-04-27 14:53:31,049 - INFO - Epoch 1 volume 89/649 patch 4/8 training started
2026-04-27 14:53:31,156 - INFO - Epoch 1 volume 89/649 patch 4/8 done: loss=1.555186 avg_loss=1.611408 global_patch_step=748
2026-04-27 14:53:31,157 - INFO - Epoch 1 volume 89/649 patch 5/8 training started
2026-04-27 14:53:31,262 - INFO - Epoch 1 volume 89/649 patch 5/8 done: loss=1.554729 avg_loss=1.611332 global_patch_step=749
2026-04-27 14:53:31,262 - INFO - Epoch 1 volume 89/649 patch 6/8 training started
2026-04-27 14:53:31,367 - INFO - Epoch 1 volume 89/649 patch 6/8 done: loss=1.553948 avg_loss=1.611255 global_patch_step=750
2026-04-27 14:53:31,367 - INFO - Epoch 1 volume 89/649 patch 7/8 training started
2026-04-27 14:53:31,472 - INFO - Epoch 1 volume 89/649 patch 7/8 done: loss=1.552768 avg_loss=1.611177 global_patch_step=751
2026-04-27 14:53:31,472 - INFO - Epoch 1 volume 89/649 patch 8/8 training started
2026-04-27 14:53:31,578 - INFO - Epoch 1 volume 89/649 patch 8/8 done: loss=1.553790 avg_loss=1.611101 global_patch_step=752
2026-04-27 14:53:31,578 - INFO - Epoch 1 volume 90/649 loading
2026-04-27 14:53:31,871 - INFO - Resampling (353, 447, 304) to [290, 367, 380]...
2026-04-27 14:53:32,076 - INFO - Resampling (353, 447, 304) to [290, 367, 380]...
2026-04-27 14:53:32,394 - INFO - Resampling (353, 447, 304) to [290, 367, 380]...
2026-04-27 14:53:32,479 - INFO - Resampling (353, 447, 304) to [290, 367, 380]...
2026-04-27 14:53:32,800 - INFO - Epoch 1 volume 90/649 loaded: patches=8 image_shape=(8, 1, 128, 128, 128) label_shape=(8, 128, 128, 128)
2026-04-27 14:53:32,800 - INFO - Epoch 1 volume 90/649 patch 1/8 training started
2026-04-27 14:53:32,917 - INFO - Epoch 1 volume 90/649 patch 1/8 done: loss=1.553580 avg_loss=1.611025 global_patch_step=753
2026-04-27 14:53:32,917 - INFO - Epoch 1 volume 90/649 patch 2/8 training started
2026-04-27 14:53:33,038 - INFO - Epoch 1 volume 90/649 patch 2/8 done: loss=1.553480 avg_loss=1.610948 global_patch_step=754
2026-04-27 14:53:33,038 - INFO - Epoch 1 volume 90/649 patch 3/8 training started
2026-04-27 14:53:33,147 - INFO - Epoch 1 volume 90/649 patch 3/8 done: loss=1.553612 avg_loss=1.610873 global_patch_step=755
2026-04-27 14:53:33,147 - INFO - Epoch 1 volume 90/649 patch 4/8 training started
2026-04-27 14:53:33,253 - INFO - Epoch 1 volume 90/649 patch 4/8 done: loss=1.555013 avg_loss=1.610799 global_patch_step=756
2026-04-27 14:53:33,253 - INFO - Epoch 1 volume 90/649 patch 5/8 training started
2026-04-27 14:53:33,358 - INFO - Epoch 1 volume 90/649 patch 5/8 done: loss=1.554373 avg_loss=1.610724 global_patch_step=757
2026-04-27 14:53:33,358 - INFO - Epoch 1 volume 90/649 patch 6/8 training started
2026-04-27 14:53:33,466 - INFO - Epoch 1 volume 90/649 patch 6/8 done: loss=1.554520 avg_loss=1.610650 global_patch_step=758
2026-04-27 14:53:33,466 - INFO - Epoch 1 volume 90/649 patch 7/8 training started
2026-04-27 14:53:33,572 - INFO - Epoch 1 volume 90/649 patch 7/8 done: loss=1.553504 avg_loss=1.610575 global_patch_step=759
2026-04-27 14:53:33,573 - INFO - Epoch 1 volume 90/649 patch 8/8 training started
2026-04-27 14:53:33,685 - INFO - Epoch 1 volume 90/649 patch 8/8 done: loss=1.553861 avg_loss=1.610500 global_patch_step=760
2026-04-27 14:53:33,685 - INFO - Epoch 1 volume 91/649 loading
2026-04-27 14:53:33,827 - INFO - Resampling (310, 386, 222) to [281, 350, 278]...
2026-04-27 14:53:33,890 - INFO - Resampling (310, 386, 222) to [281, 350, 278]...
2026-04-27 14:53:34,099 - INFO - Resampling (310, 386, 222) to [281, 350, 278]...
2026-04-27 14:53:34,159 - INFO - Resampling (310, 386, 222) to [281, 350, 278]...
2026-04-27 14:53:34,340 - INFO - Epoch 1 volume 91/649 loaded: patches=8 image_shape=(8, 1, 128, 128, 128) label_shape=(8, 128, 128, 128)
2026-04-27 14:53:34,340 - INFO - Epoch 1 volume 91/649 patch 1/8 training started
2026-04-27 14:53:34,451 - INFO - Epoch 1 volume 91/649 patch 1/8 done: loss=1.546641 avg_loss=1.610416 global_patch_step=761
2026-04-27 14:53:34,451 - INFO - Epoch 1 volume 91/649 patch 2/8 training started
2026-04-27 14:53:34,564 - INFO - Epoch 1 volume 91/649 patch 2/8 done: loss=1.554431 avg_loss=1.610343 global_patch_step=762
2026-04-27 14:53:34,564 - INFO - Epoch 1 volume 91/649 patch 3/8 training started
2026-04-27 14:53:34,673 - INFO - Epoch 1 volume 91/649 patch 3/8 done: loss=1.549965 avg_loss=1.610264 global_patch_step=763
2026-04-27 14:53:34,673 - INFO - Epoch 1 volume 91/649 patch 4/8 training started
2026-04-27 14:53:34,780 - INFO - Epoch 1 volume 91/649 patch 4/8 done: loss=1.553734 avg_loss=1.610190 global_patch_step=764
2026-04-27 14:53:34,781 - INFO - Epoch 1 volume 91/649 patch 5/8 training started
2026-04-27 14:53:34,886 - INFO - Epoch 1 volume 91/649 patch 5/8 done: loss=1.551978 avg_loss=1.610113 global_patch_step=765
2026-04-27 14:53:34,886 - INFO - Epoch 1 volume 91/649 patch 6/8 training started
2026-04-27 14:53:34,991 - INFO - Epoch 1 volume 91/649 patch 6/8 done: loss=1.551620 avg_loss=1.610037 global_patch_step=766
2026-04-27 14:53:34,991 - INFO - Epoch 1 volume 91/649 patch 7/8 training started
2026-04-27 14:53:35,095 - INFO - Epoch 1 volume 91/649 patch 7/8 done: loss=1.551026 avg_loss=1.609960 global_patch_step=767
2026-04-27 14:53:35,096 - INFO - Epoch 1 volume 91/649 patch 8/8 training started
2026-04-27 14:53:35,203 - INFO - Epoch 1 volume 91/649 patch 8/8 done: loss=1.551703 avg_loss=1.609884 global_patch_step=768
2026-04-27 14:53:35,203 - INFO - Epoch 1 volume 92/649 loading
2026-04-27 14:53:35,336 - INFO - Resampling (341, 401, 218) to [280, 329, 272]...
2026-04-27 14:53:35,413 - INFO - Resampling (341, 401, 218) to [280, 329, 272]...
2026-04-27 14:53:35,593 - INFO - Resampling (341, 401, 218) to [280, 329, 272]...
2026-04-27 14:53:35,660 - INFO - Resampling (341, 401, 218) to [280, 329, 272]...
2026-04-27 14:53:35,810 - INFO - Epoch 1 volume 92/649 loaded: patches=8 image_shape=(8, 1, 128, 128, 128) label_shape=(8, 128, 128, 128)
2026-04-27 14:53:35,810 - INFO - Epoch 1 volume 92/649 patch 1/8 training started
2026-04-27 14:53:35,916 - INFO - Epoch 1 volume 92/649 patch 1/8 done: loss=1.553109 avg_loss=1.609810 global_patch_step=769
2026-04-27 14:53:35,916 - INFO - Epoch 1 volume 92/649 patch 2/8 training started
2026-04-27 14:53:36,021 - INFO - Epoch 1 volume 92/649 patch 2/8 done: loss=1.552653 avg_loss=1.609736 global_patch_step=770
2026-04-27 14:53:36,021 - INFO - Epoch 1 volume 92/649 patch 3/8 training started
2026-04-27 14:53:36,130 - INFO - Epoch 1 volume 92/649 patch 3/8 done: loss=1.552603 avg_loss=1.609662 global_patch_step=771
2026-04-27 14:53:36,130 - INFO - Epoch 1 volume 92/649 patch 4/8 training started
2026-04-27 14:53:36,235 - INFO - Epoch 1 volume 92/649 patch 4/8 done: loss=1.552844 avg_loss=1.609589 global_patch_step=772
2026-04-27 14:53:36,235 - INFO - Epoch 1 volume 92/649 patch 5/8 training started
2026-04-27 14:53:36,341 - INFO - Epoch 1 volume 92/649 patch 5/8 done: loss=1.551395 avg_loss=1.609513 global_patch_step=773
2026-04-27 14:53:36,341 - INFO - Epoch 1 volume 92/649 patch 6/8 training started
2026-04-27 14:53:36,447 - INFO - Epoch 1 volume 92/649 patch 6/8 done: loss=1.550819 avg_loss=1.609437 global_patch_step=774
2026-04-27 14:53:36,447 - INFO - Epoch 1 volume 92/649 patch 7/8 training started
2026-04-27 14:53:36,553 - INFO - Epoch 1 volume 92/649 patch 7/8 done: loss=1.550136 avg_loss=1.609361 global_patch_step=775
2026-04-27 14:53:36,553 - INFO - Epoch 1 volume 92/649 patch 8/8 training started
2026-04-27 14:53:36,661 - INFO - Epoch 1 volume 92/649 patch 8/8 done: loss=1.551080 avg_loss=1.609286 global_patch_step=776
2026-04-27 14:53:36,661 - INFO - Epoch 1 volume 93/649 loading
2026-04-27 14:53:36,762 - INFO - Resampling (287, 333, 220) to [291, 338, 275]...
2026-04-27 14:53:36,837 - INFO - Resampling (287, 333, 220) to [291, 338, 275]...
2026-04-27 14:53:36,989 - INFO - Resampling (287, 333, 220) to [291, 338, 275]...
2026-04-27 14:53:37,069 - INFO - Resampling (287, 333, 220) to [291, 338, 275]...
2026-04-27 14:53:37,228 - INFO - Epoch 1 volume 93/649 loaded: patches=8 image_shape=(8, 1, 128, 128, 128) label_shape=(8, 128, 128, 128)
2026-04-27 14:53:37,228 - INFO - Epoch 1 volume 93/649 patch 1/8 training started
2026-04-27 14:53:37,334 - INFO - Epoch 1 volume 93/649 patch 1/8 done: loss=1.551620 avg_loss=1.609212 global_patch_step=777
2026-04-27 14:53:37,334 - INFO - Epoch 1 volume 93/649 patch 2/8 training started
2026-04-27 14:53:37,438 - INFO - Epoch 1 volume 93/649 patch 2/8 done: loss=1.552123 avg_loss=1.609138 global_patch_step=778
2026-04-27 14:53:37,439 - INFO - Epoch 1 volume 93/649 patch 3/8 training started
2026-04-27 14:53:37,546 - INFO - Epoch 1 volume 93/649 patch 3/8 done: loss=1.551258 avg_loss=1.609064 global_patch_step=779
2026-04-27 14:53:37,546 - INFO - Epoch 1 volume 93/649 patch 4/8 training started
2026-04-27 14:53:37,654 - INFO - Epoch 1 volume 93/649 patch 4/8 done: loss=1.551487 avg_loss=1.608990 global_patch_step=780
2026-04-27 14:53:37,654 - INFO - Epoch 1 volume 93/649 patch 5/8 training started
2026-04-27 14:53:37,771 - INFO - Epoch 1 volume 93/649 patch 5/8 done: loss=1.550005 avg_loss=1.608915 global_patch_step=781
2026-04-27 14:53:37,771 - INFO - Epoch 1 volume 93/649 patch 6/8 training started
2026-04-27 14:53:37,891 - INFO - Epoch 1 volume 93/649 patch 6/8 done: loss=1.549811 avg_loss=1.608839 global_patch_step=782
2026-04-27 14:53:37,892 - INFO - Epoch 1 volume 93/649 patch 7/8 training started
2026-04-27 14:53:38,013 - INFO - Epoch 1 volume 93/649 patch 7/8 done: loss=1.549048 avg_loss=1.608763 global_patch_step=783
2026-04-27 14:53:38,013 - INFO - Epoch 1 volume 93/649 patch 8/8 training started
2026-04-27 14:53:38,136 - INFO - Epoch 1 volume 93/649 patch 8/8 done: loss=1.549803 avg_loss=1.608687 global_patch_step=784
2026-04-27 14:53:38,136 - INFO - Epoch 1 volume 94/649 loading
2026-04-27 14:53:38,346 - INFO - Resampling (324, 390, 228) to [280, 337, 285]...
2026-04-27 14:53:38,396 - INFO - Resampling (324, 390, 228) to [280, 337, 285]...
2026-04-27 14:53:38,562 - INFO - Resampling (324, 390, 228) to [280, 337, 285]...
2026-04-27 14:53:38,615 - INFO - Resampling (324, 390, 228) to [280, 337, 285]...
2026-04-27 14:53:38,773 - INFO - Epoch 1 volume 94/649 loaded: patches=8 image_shape=(8, 1, 128, 128, 128) label_shape=(8, 128, 128, 128)
2026-04-27 14:53:38,773 - INFO - Epoch 1 volume 94/649 patch 1/8 training started
2026-04-27 14:53:38,896 - INFO - Epoch 1 volume 94/649 patch 1/8 done: loss=1.551595 avg_loss=1.608615 global_patch_step=785
2026-04-27 14:53:38,897 - INFO - Epoch 1 volume 94/649 patch 2/8 training started
2026-04-27 14:53:39,015 - INFO - Epoch 1 volume 94/649 patch 2/8 done: loss=1.551226 avg_loss=1.608542 global_patch_step=786
2026-04-27 14:53:39,015 - INFO - Epoch 1 volume 94/649 patch 3/8 training started
2026-04-27 14:53:39,138 - INFO - Epoch 1 volume 94/649 patch 3/8 done: loss=1.550505 avg_loss=1.608468 global_patch_step=787
2026-04-27 14:53:39,138 - INFO - Epoch 1 volume 94/649 patch 4/8 training started
2026-04-27 14:53:39,254 - INFO - Epoch 1 volume 94/649 patch 4/8 done: loss=1.550645 avg_loss=1.608395 global_patch_step=788
2026-04-27 14:53:39,254 - INFO - Epoch 1 volume 94/649 patch 5/8 training started
2026-04-27 14:53:39,366 - INFO - Epoch 1 volume 94/649 patch 5/8 done: loss=1.549720 avg_loss=1.608320 global_patch_step=789
2026-04-27 14:53:39,366 - INFO - Epoch 1 volume 94/649 patch 6/8 training started
2026-04-27 14:53:39,479 - INFO - Epoch 1 volume 94/649 patch 6/8 done: loss=1.549152 avg_loss=1.608245 global_patch_step=790
2026-04-27 14:53:39,479 - INFO - Epoch 1 volume 94/649 patch 7/8 training started
2026-04-27 14:53:39,601 - INFO - Epoch 1 volume 94/649 patch 7/8 done: loss=1.548325 avg_loss=1.608170 global_patch_step=791
2026-04-27 14:53:39,601 - INFO - Epoch 1 volume 94/649 patch 8/8 training started
2026-04-27 14:53:39,717 - INFO - Epoch 1 volume 94/649 patch 8/8 done: loss=1.549434 avg_loss=1.608095 global_patch_step=792
2026-04-27 14:53:39,718 - INFO - Epoch 1 volume 95/649 loading
2026-04-27 14:53:39,834 - INFO - Resampling (312, 376, 220) to [278, 335, 275]...
2026-04-27 14:53:39,887 - INFO - Resampling (312, 376, 220) to [278, 335, 275]...
2026-04-27 14:53:40,044 - INFO - Resampling (312, 376, 220) to [278, 335, 275]...
2026-04-27 14:53:40,091 - INFO - Resampling (312, 376, 220) to [278, 335, 275]...
2026-04-27 14:53:40,234 - INFO - Epoch 1 volume 95/649 loaded: patches=8 image_shape=(8, 1, 128, 128, 128) label_shape=(8, 128, 128, 128)
2026-04-27 14:53:40,234 - INFO - Epoch 1 volume 95/649 patch 1/8 training started
2026-04-27 14:53:40,346 - INFO - Epoch 1 volume 95/649 patch 1/8 done: loss=1.550224 avg_loss=1.608022 global_patch_step=793
2026-04-27 14:53:40,346 - INFO - Epoch 1 volume 95/649 patch 2/8 training started
2026-04-27 14:53:40,457 - INFO - Epoch 1 volume 95/649 patch 2/8 done: loss=1.551082 avg_loss=1.607951 global_patch_step=794
2026-04-27 14:53:40,457 - INFO - Epoch 1 volume 95/649 patch 3/8 training started
2026-04-27 14:53:40,567 - INFO - Epoch 1 volume 95/649 patch 3/8 done: loss=1.549325 avg_loss=1.607877 global_patch_step=795
2026-04-27 14:53:40,567 - INFO - Epoch 1 volume 95/649 patch 4/8 training started
2026-04-27 14:53:40,678 - INFO - Epoch 1 volume 95/649 patch 4/8 done: loss=1.549294 avg_loss=1.607803 global_patch_step=796
2026-04-27 14:53:40,678 - INFO - Epoch 1 volume 95/649 patch 5/8 training started
2026-04-27 14:53:40,785 - INFO - Epoch 1 volume 95/649 patch 5/8 done: loss=1.548764 avg_loss=1.607729 global_patch_step=797
2026-04-27 14:53:40,786 - INFO - Epoch 1 volume 95/649 patch 6/8 training started
2026-04-27 14:53:40,910 - INFO - Epoch 1 volume 95/649 patch 6/8 done: loss=1.548533 avg_loss=1.607655 global_patch_step=798
2026-04-27 14:53:40,910 - INFO - Epoch 1 volume 95/649 patch 7/8 training started
2026-04-27 14:53:41,032 - INFO - Epoch 1 volume 95/649 patch 7/8 done: loss=1.547455 avg_loss=1.607580 global_patch_step=799
2026-04-27 14:53:41,032 - INFO - Epoch 1 volume 95/649 patch 8/8 training started
2026-04-27 14:53:41,156 - INFO - Epoch 1 volume 95/649 patch 8/8 done: loss=1.548584 avg_loss=1.607506 global_patch_step=800
2026-04-27 14:53:41,156 - INFO - Epoch 1 volume 96/649 loading
2026-04-27 14:53:41,307 - INFO - Resampling (323, 374, 221) to [270, 313, 276]...
2026-04-27 14:53:41,384 - INFO - Resampling (323, 374, 221) to [270, 313, 276]...
2026-04-27 14:53:41,592 - INFO - Resampling (323, 374, 221) to [270, 313, 276]...
2026-04-27 14:53:41,679 - INFO - Resampling (323, 374, 221) to [270, 313, 276]...
2026-04-27 14:53:41,840 - INFO - Epoch 1 volume 96/649 loaded: patches=8 image_shape=(8, 1, 128, 128, 128) label_shape=(8, 128, 128, 128)
2026-04-27 14:53:41,841 - INFO - Epoch 1 volume 96/649 patch 1/8 training started
2026-04-27 14:53:41,955 - INFO - Epoch 1 volume 96/649 patch 1/8 done: loss=1.549564 avg_loss=1.607434 global_patch_step=801
2026-04-27 14:53:41,955 - INFO - Epoch 1 volume 96/649 patch 2/8 training started
2026-04-27 14:53:42,064 - INFO - Epoch 1 volume 96/649 patch 2/8 done: loss=1.549344 avg_loss=1.607361 global_patch_step=802
2026-04-27 14:53:42,064 - INFO - Epoch 1 volume 96/649 patch 3/8 training started
2026-04-27 14:53:42,173 - INFO - Epoch 1 volume 96/649 patch 3/8 done: loss=1.548302 avg_loss=1.607288 global_patch_step=803
2026-04-27 14:53:42,173 - INFO - Epoch 1 volume 96/649 patch 4/8 training started
2026-04-27 14:53:42,283 - INFO - Epoch 1 volume 96/649 patch 4/8 done: loss=1.547899 avg_loss=1.607214 global_patch_step=804
2026-04-27 14:53:42,283 - INFO - Epoch 1 volume 96/649 patch 5/8 training started
2026-04-27 14:53:42,392 - INFO - Epoch 1 volume 96/649 patch 5/8 done: loss=1.548232 avg_loss=1.607141 global_patch_step=805
2026-04-27 14:53:42,392 - INFO - Epoch 1 volume 96/649 patch 6/8 training started
2026-04-27 14:53:42,499 - INFO - Epoch 1 volume 96/649 patch 6/8 done: loss=1.547430 avg_loss=1.607066 global_patch_step=806
2026-04-27 14:53:42,499 - INFO - Epoch 1 volume 96/649 patch 7/8 training started
2026-04-27 14:53:42,608 - INFO - Epoch 1 volume 96/649 patch 7/8 done: loss=1.546381 avg_loss=1.606991 global_patch_step=807
2026-04-27 14:53:42,608 - INFO - Epoch 1 volume 96/649 patch 8/8 training started
2026-04-27 14:53:42,717 - INFO - Epoch 1 volume 96/649 patch 8/8 done: loss=1.547722 avg_loss=1.606918 global_patch_step=808
2026-04-27 14:53:42,717 - INFO - Epoch 1 volume 97/649 loading
2026-04-27 14:53:42,893 - INFO - Resampling (353, 397, 228) to [305, 343, 285]...
2026-04-27 14:53:42,965 - INFO - Resampling (353, 397, 228) to [305, 343, 285]...
2026-04-27 14:53:43,206 - INFO - Resampling (353, 397, 228) to [305, 343, 285]...
2026-04-27 14:53:43,272 - INFO - Resampling (353, 397, 228) to [305, 343, 285]...
2026-04-27 14:53:43,458 - INFO - Epoch 1 volume 97/649 loaded: patches=8 image_shape=(8, 1, 128, 128, 128) label_shape=(8, 128, 128, 128)
2026-04-27 14:53:43,458 - INFO - Epoch 1 volume 97/649 patch 1/8 training started
2026-04-27 14:53:43,577 - INFO - Epoch 1 volume 97/649 patch 1/8 done: loss=1.548672 avg_loss=1.606846 global_patch_step=809
2026-04-27 14:53:43,578 - INFO - Epoch 1 volume 97/649 patch 2/8 training started
2026-04-27 14:53:43,698 - INFO - Epoch 1 volume 97/649 patch 2/8 done: loss=1.548225 avg_loss=1.606774 global_patch_step=810
2026-04-27 14:53:43,698 - INFO - Epoch 1 volume 97/649 patch 3/8 training started
2026-04-27 14:53:43,816 - INFO - Epoch 1 volume 97/649 patch 3/8 done: loss=1.548311 avg_loss=1.606701 global_patch_step=811
2026-04-27 14:53:43,816 - INFO - Epoch 1 volume 97/649 patch 4/8 training started
2026-04-27 14:53:43,936 - INFO - Epoch 1 volume 97/649 patch 4/8 done: loss=1.548412 avg_loss=1.606630 global_patch_step=812
2026-04-27 14:53:43,936 - INFO - Epoch 1 volume 97/649 patch 5/8 training started
2026-04-27 14:53:44,044 - INFO - Epoch 1 volume 97/649 patch 5/8 done: loss=1.546712 avg_loss=1.606556 global_patch_step=813
2026-04-27 14:53:44,045 - INFO - Epoch 1 volume 97/649 patch 6/8 training started
2026-04-27 14:53:44,164 - INFO - Epoch 1 volume 97/649 patch 6/8 done: loss=1.546458 avg_loss=1.606482 global_patch_step=814
2026-04-27 14:53:44,164 - INFO - Epoch 1 volume 97/649 patch 7/8 training started
2026-04-27 14:53:44,285 - INFO - Epoch 1 volume 97/649 patch 7/8 done: loss=1.545666 avg_loss=1.606408 global_patch_step=815
2026-04-27 14:53:44,285 - INFO - Epoch 1 volume 97/649 patch 8/8 training started
2026-04-27 14:53:44,397 - INFO - Epoch 1 volume 97/649 patch 8/8 done: loss=1.546720 avg_loss=1.606334 global_patch_step=816
2026-04-27 14:53:44,398 - INFO - Epoch 1 volume 98/649 loading
2026-04-27 14:53:44,699 - INFO - Resampling (343, 429, 234) to [285, 357, 292]...
2026-04-27 14:53:44,799 - INFO - Resampling (343, 429, 234) to [285, 357, 292]...
2026-04-27 14:53:45,069 - INFO - Resampling (343, 429, 234) to [285, 357, 292]...
2026-04-27 14:53:45,168 - INFO - Resampling (343, 429, 234) to [285, 357, 292]...
2026-04-27 14:53:45,360 - INFO - Epoch 1 volume 98/649 loaded: patches=8 image_shape=(8, 1, 128, 128, 128) label_shape=(8, 128, 128, 128)
2026-04-27 14:53:45,360 - INFO - Epoch 1 volume 98/649 patch 1/8 training started
2026-04-27 14:53:45,481 - INFO - Epoch 1 volume 98/649 patch 1/8 done: loss=1.547568 avg_loss=1.606262 global_patch_step=817
2026-04-27 14:53:45,481 - INFO - Epoch 1 volume 98/649 patch 2/8 training started
2026-04-27 14:53:45,611 - INFO - Epoch 1 volume 98/649 patch 2/8 done: loss=1.547394 avg_loss=1.606190 global_patch_step=818
2026-04-27 14:53:45,611 - INFO - Epoch 1 volume 98/649 patch 3/8 training started
2026-04-27 14:53:45,738 - INFO - Epoch 1 volume 98/649 patch 3/8 done: loss=1.547241 avg_loss=1.606118 global_patch_step=819
2026-04-27 14:53:45,739 - INFO - Epoch 1 volume 98/649 patch 4/8 training started
2026-04-27 14:53:45,864 - INFO - Epoch 1 volume 98/649 patch 4/8 done: loss=1.547500 avg_loss=1.606047 global_patch_step=820
2026-04-27 14:53:45,865 - INFO - Epoch 1 volume 98/649 patch 5/8 training started
2026-04-27 14:53:45,989 - INFO - Epoch 1 volume 98/649 patch 5/8 done: loss=1.545904 avg_loss=1.605974 global_patch_step=821
2026-04-27 14:53:45,989 - INFO - Epoch 1 volume 98/649 patch 6/8 training started
2026-04-27 14:53:46,117 - INFO - Epoch 1 volume 98/649 patch 6/8 done: loss=1.545571 avg_loss=1.605900 global_patch_step=822
2026-04-27 14:53:46,117 - INFO - Epoch 1 volume 98/649 patch 7/8 training started
2026-04-27 14:53:46,244 - INFO - Epoch 1 volume 98/649 patch 7/8 done: loss=1.544790 avg_loss=1.605826 global_patch_step=823
2026-04-27 14:53:46,244 - INFO - Epoch 1 volume 98/649 patch 8/8 training started
2026-04-27 14:53:46,368 - INFO - Epoch 1 volume 98/649 patch 8/8 done: loss=1.545863 avg_loss=1.605753 global_patch_step=824
2026-04-27 14:53:46,368 - INFO - Epoch 1 volume 99/649 loading
2026-04-27 14:53:46,628 - INFO - Resampling (390, 425, 284) to [328, 357, 355]...
2026-04-27 14:53:46,835 - INFO - Resampling (390, 425, 284) to [328, 357, 355]...
2026-04-27 14:53:47,198 - INFO - Resampling (390, 425, 284) to [328, 357, 355]...
2026-04-27 14:53:47,296 - INFO - Resampling (390, 425, 284) to [328, 357, 355]...
2026-04-27 14:53:47,633 - INFO - Epoch 1 volume 99/649 loaded: patches=8 image_shape=(8, 1, 128, 128, 128) label_shape=(8, 128, 128, 128)
2026-04-27 14:53:47,633 - INFO - Epoch 1 volume 99/649 patch 1/8 training started
2026-04-27 14:53:47,757 - INFO - Epoch 1 volume 99/649 patch 1/8 done: loss=1.545651 avg_loss=1.605680 global_patch_step=825
2026-04-27 14:53:47,757 - INFO - Epoch 1 volume 99/649 patch 2/8 training started
2026-04-27 14:53:47,883 - INFO - Epoch 1 volume 99/649 patch 2/8 done: loss=1.546114 avg_loss=1.605608 global_patch_step=826
2026-04-27 14:53:47,883 - INFO - Epoch 1 volume 99/649 patch 3/8 training started
2026-04-27 14:53:48,008 - INFO - Epoch 1 volume 99/649 patch 3/8 done: loss=1.545801 avg_loss=1.605536 global_patch_step=827
2026-04-27 14:53:48,008 - INFO - Epoch 1 volume 99/649 patch 4/8 training started
2026-04-27 14:53:48,132 - INFO - Epoch 1 volume 99/649 patch 4/8 done: loss=1.546973 avg_loss=1.605465 global_patch_step=828
2026-04-27 14:53:48,132 - INFO - Epoch 1 volume 99/649 patch 5/8 training started
2026-04-27 14:53:48,258 - INFO - Epoch 1 volume 99/649 patch 5/8 done: loss=1.545259 avg_loss=1.605393 global_patch_step=829
2026-04-27 14:53:48,258 - INFO - Epoch 1 volume 99/649 patch 6/8 training started
2026-04-27 14:53:48,386 - INFO - Epoch 1 volume 99/649 patch 6/8 done: loss=1.546101 avg_loss=1.605321 global_patch_step=830
2026-04-27 14:53:48,387 - INFO - Epoch 1 volume 99/649 patch 7/8 training started
2026-04-27 14:53:48,514 - INFO - Epoch 1 volume 99/649 patch 7/8 done: loss=1.544541 avg_loss=1.605248 global_patch_step=831
2026-04-27 14:53:48,514 - INFO - Epoch 1 volume 99/649 patch 8/8 training started
2026-04-27 14:53:48,638 - INFO - Epoch 1 volume 99/649 patch 8/8 done: loss=1.544985 avg_loss=1.605176 global_patch_step=832
2026-04-27 14:53:48,638 - INFO - Epoch 1 volume 100/649 loading
2026-04-27 14:53:48,793 - INFO - Resampling (287, 361, 215) to [295, 371, 269]...
2026-04-27 14:53:49,030 - INFO - Resampling (287, 361, 215) to [295, 371, 269]...
2026-04-27 14:53:49,211 - INFO - Resampling (287, 361, 215) to [295, 371, 269]...
2026-04-27 14:53:49,302 - INFO - Resampling (287, 361, 215) to [295, 371, 269]...
2026-04-27 14:53:49,494 - INFO - Epoch 1 volume 100/649 loaded: patches=8 image_shape=(8, 1, 128, 128, 128) label_shape=(8, 128, 128, 128)
2026-04-27 14:53:49,495 - INFO - Epoch 1 volume 100/649 patch 1/8 training started
2026-04-27 14:53:49,621 - INFO - Epoch 1 volume 100/649 patch 1/8 done: loss=1.545983 avg_loss=1.605105 global_patch_step=833
2026-04-27 14:53:49,621 - INFO - Epoch 1 volume 100/649 patch 2/8 training started
2026-04-27 14:53:49,745 - INFO - Epoch 1 volume 100/649 patch 2/8 done: loss=1.545828 avg_loss=1.605033 global_patch_step=834
2026-04-27 14:53:49,745 - INFO - Epoch 1 volume 100/649 patch 3/8 training started
2026-04-27 14:53:49,874 - INFO - Epoch 1 volume 100/649 patch 3/8 done: loss=1.543966 avg_loss=1.604960 global_patch_step=835
2026-04-27 14:53:49,874 - INFO - Epoch 1 volume 100/649 patch 4/8 training started
2026-04-27 14:53:50,002 - INFO - Epoch 1 volume 100/649 patch 4/8 done: loss=1.545118 avg_loss=1.604889 global_patch_step=836
2026-04-27 14:53:50,002 - INFO - Epoch 1 volume 100/649 patch 5/8 training started
2026-04-27 14:53:50,130 - INFO - Epoch 1 volume 100/649 patch 5/8 done: loss=1.543695 avg_loss=1.604816 global_patch_step=837
2026-04-27 14:53:50,130 - INFO - Epoch 1 volume 100/649 patch 6/8 training started
2026-04-27 14:53:50,254 - INFO - Epoch 1 volume 100/649 patch 6/8 done: loss=1.543408 avg_loss=1.604742 global_patch_step=838
2026-04-27 14:53:50,254 - INFO - Epoch 1 volume 100/649 patch 7/8 training started
2026-04-27 14:53:50,381 - INFO - Epoch 1 volume 100/649 patch 7/8 done: loss=1.543013 avg_loss=1.604669 global_patch_step=839
2026-04-27 14:53:50,382 - INFO - Epoch 1 volume 100/649 patch 8/8 training started
2026-04-27 14:53:50,510 - INFO - Epoch 1 volume 100/649 patch 8/8 done: loss=1.543462 avg_loss=1.604596 global_patch_step=840
2026-04-27 14:53:50,510 - INFO - Epoch 1 volume 101/649 loading
2026-04-27 14:53:50,782 - INFO - Resampling (348, 410, 226) to [285, 336, 282]...
2026-04-27 14:53:50,847 - INFO - Resampling (348, 410, 226) to [285, 336, 282]...
2026-04-27 14:53:51,073 - INFO - Resampling (348, 410, 226) to [285, 336, 282]...
2026-04-27 14:53:51,137 - INFO - Resampling (348, 410, 226) to [285, 336, 282]...
2026-04-27 14:53:51,296 - INFO - Epoch 1 volume 101/649 loaded: patches=8 image_shape=(8, 1, 128, 128, 128) label_shape=(8, 128, 128, 128)
2026-04-27 14:53:51,296 - INFO - Epoch 1 volume 101/649 patch 1/8 training started
2026-04-27 14:53:51,425 - INFO - Epoch 1 volume 101/649 patch 1/8 done: loss=1.544594 avg_loss=1.604525 global_patch_step=841
2026-04-27 14:53:51,426 - INFO - Epoch 1 volume 101/649 patch 2/8 training started
2026-04-27 14:53:51,555 - INFO - Epoch 1 volume 101/649 patch 2/8 done: loss=1.545102 avg_loss=1.604454 global_patch_step=842
2026-04-27 14:53:51,556 - INFO - Epoch 1 volume 101/649 patch 3/8 training started
2026-04-27 14:53:51,688 - INFO - Epoch 1 volume 101/649 patch 3/8 done: loss=1.544456 avg_loss=1.604383 global_patch_step=843
2026-04-27 14:53:51,688 - INFO - Epoch 1 volume 101/649 patch 4/8 training started
2026-04-27 14:53:51,814 - INFO - Epoch 1 volume 101/649 patch 4/8 done: loss=1.544352 avg_loss=1.604312 global_patch_step=844
2026-04-27 14:53:51,814 - INFO - Epoch 1 volume 101/649 patch 5/8 training started
2026-04-27 14:53:51,944 - INFO - Epoch 1 volume 101/649 patch 5/8 done: loss=1.543315 avg_loss=1.604240 global_patch_step=845
2026-04-27 14:53:51,944 - INFO - Epoch 1 volume 101/649 patch 6/8 training started
2026-04-27 14:53:52,070 - INFO - Epoch 1 volume 101/649 patch 6/8 done: loss=1.542999 avg_loss=1.604167 global_patch_step=846
2026-04-27 14:53:52,070 - INFO - Epoch 1 volume 101/649 patch 7/8 training started
2026-04-27 14:53:52,200 - INFO - Epoch 1 volume 101/649 patch 7/8 done: loss=1.542209 avg_loss=1.604094 global_patch_step=847
2026-04-27 14:53:52,200 - INFO - Epoch 1 volume 101/649 patch 8/8 training started
2026-04-27 14:53:52,328 - INFO - Epoch 1 volume 101/649 patch 8/8 done: loss=1.543277 avg_loss=1.604022 global_patch_step=848
2026-04-27 14:53:52,328 - INFO - Epoch 1 volume 102/649 loading
2026-04-27 14:53:52,626 - INFO - Resampling (335, 434, 238) to [275, 356, 298]...
2026-04-27 14:53:52,693 - INFO - Resampling (335, 434, 238) to [275, 356, 298]...
2026-04-27 14:53:52,950 - INFO - Resampling (335, 434, 238) to [275, 356, 298]...
2026-04-27 14:53:53,016 - INFO - Resampling (335, 434, 238) to [275, 356, 298]...
2026-04-27 14:53:53,202 - INFO - Epoch 1 volume 102/649 loaded: patches=8 image_shape=(8, 1, 128, 128, 128) label_shape=(8, 128, 128, 128)
2026-04-27 14:53:53,203 - INFO - Epoch 1 volume 102/649 patch 1/8 training started
2026-04-27 14:53:53,330 - INFO - Epoch 1 volume 102/649 patch 1/8 done: loss=1.543967 avg_loss=1.603952 global_patch_step=849
2026-04-27 14:53:53,330 - INFO - Epoch 1 volume 102/649 patch 2/8 training started
2026-04-27 14:53:53,462 - INFO - Epoch 1 volume 102/649 patch 2/8 done: loss=1.543795 avg_loss=1.603881 global_patch_step=850
2026-04-27 14:53:53,462 - INFO - Epoch 1 volume 102/649 patch 3/8 training started
2026-04-27 14:53:53,592 - INFO - Epoch 1 volume 102/649 patch 3/8 done: loss=1.543870 avg_loss=1.603810 global_patch_step=851
2026-04-27 14:53:53,592 - INFO - Epoch 1 volume 102/649 patch 4/8 training started
2026-04-27 14:53:53,720 - INFO - Epoch 1 volume 102/649 patch 4/8 done: loss=1.543601 avg_loss=1.603740 global_patch_step=852
2026-04-27 14:53:53,720 - INFO - Epoch 1 volume 102/649 patch 5/8 training started
2026-04-27 14:53:53,848 - INFO - Epoch 1 volume 102/649 patch 5/8 done: loss=1.542742 avg_loss=1.603668 global_patch_step=853
2026-04-27 14:53:53,848 - INFO - Epoch 1 volume 102/649 patch 6/8 training started
2026-04-27 14:53:53,978 - INFO - Epoch 1 volume 102/649 patch 6/8 done: loss=1.542159 avg_loss=1.603596 global_patch_step=854
2026-04-27 14:53:53,978 - INFO - Epoch 1 volume 102/649 patch 7/8 training started
2026-04-27 14:53:54,108 - INFO - Epoch 1 volume 102/649 patch 7/8 done: loss=1.541361 avg_loss=1.603523 global_patch_step=855
2026-04-27 14:53:54,108 - INFO - Epoch 1 volume 102/649 patch 8/8 training started
2026-04-27 14:53:54,236 - INFO - Epoch 1 volume 102/649 patch 8/8 done: loss=1.542298 avg_loss=1.603452 global_patch_step=856
2026-04-27 14:53:54,237 - INFO - Epoch 1 volume 103/649 loading
2026-04-27 14:53:54,630 - INFO - Resampling (365, 453, 356) to [299, 372, 445]...
2026-04-27 14:53:54,837 - INFO - Resampling (365, 453, 356) to [299, 372, 445]...
2026-04-27 14:53:55,330 - INFO - Resampling (365, 453, 356) to [299, 372, 445]...
2026-04-27 14:53:55,448 - INFO - Resampling (365, 453, 356) to [299, 372, 445]...
2026-04-27 14:53:55,876 - INFO - Epoch 1 volume 103/649 loaded: patches=12 image_shape=(12, 1, 128, 128, 128) label_shape=(12, 128, 128, 128)
2026-04-27 14:53:55,876 - INFO - Epoch 1 volume 103/649 patch 1/12 training started
2026-04-27 14:53:56,003 - INFO - Epoch 1 volume 103/649 patch 1/12 done: loss=1.542081 avg_loss=1.603380 global_patch_step=857
2026-04-27 14:53:56,003 - INFO - Epoch 1 volume 103/649 patch 2/12 training started
2026-04-27 14:53:56,133 - INFO - Epoch 1 volume 103/649 patch 2/12 done: loss=1.541876 avg_loss=1.603308 global_patch_step=858
2026-04-27 14:53:56,133 - INFO - Epoch 1 volume 103/649 patch 3/12 training started
2026-04-27 14:53:56,262 - INFO - Epoch 1 volume 103/649 patch 3/12 done: loss=1.541828 avg_loss=1.603237 global_patch_step=859
2026-04-27 14:53:56,262 - INFO - Epoch 1 volume 103/649 patch 4/12 training started
2026-04-27 14:53:56,389 - INFO - Epoch 1 volume 103/649 patch 4/12 done: loss=1.542864 avg_loss=1.603167 global_patch_step=860
2026-04-27 14:53:56,389 - INFO - Epoch 1 volume 103/649 patch 5/12 training started
2026-04-27 14:53:56,519 - INFO - Epoch 1 volume 103/649 patch 5/12 done: loss=1.542156 avg_loss=1.603096 global_patch_step=861
2026-04-27 14:53:56,519 - INFO - Epoch 1 volume 103/649 patch 6/12 training started
2026-04-27 14:53:56,646 - INFO - Epoch 1 volume 103/649 patch 6/12 done: loss=1.542315 avg_loss=1.603025 global_patch_step=862
2026-04-27 14:53:56,646 - INFO - Epoch 1 volume 103/649 patch 7/12 training started
2026-04-27 14:53:56,777 - INFO - Epoch 1 volume 103/649 patch 7/12 done: loss=1.542278 avg_loss=1.602955 global_patch_step=863
2026-04-27 14:53:56,777 - INFO - Epoch 1 volume 103/649 patch 8/12 training started
2026-04-27 14:53:56,902 - INFO - Epoch 1 volume 103/649 patch 8/12 done: loss=1.542835 avg_loss=1.602885 global_patch_step=864
2026-04-27 14:53:56,903 - INFO - Epoch 1 volume 103/649 patch 9/12 training started
2026-04-27 14:53:57,030 - INFO - Epoch 1 volume 103/649 patch 9/12 done: loss=1.541097 avg_loss=1.602814 global_patch_step=865
2026-04-27 14:53:57,030 - INFO - Epoch 1 volume 103/649 patch 10/12 training started
2026-04-27 14:53:57,158 - INFO - Epoch 1 volume 103/649 patch 10/12 done: loss=1.540901 avg_loss=1.602742 global_patch_step=866
2026-04-27 14:53:57,158 - INFO - Epoch 1 volume 103/649 patch 11/12 training started
2026-04-27 14:53:57,286 - INFO - Epoch 1 volume 103/649 patch 11/12 done: loss=1.539876 avg_loss=1.602670 global_patch_step=867
2026-04-27 14:53:57,286 - INFO - Epoch 1 volume 103/649 patch 12/12 training started
2026-04-27 14:53:57,397 - INFO - Epoch 1 volume 103/649 patch 12/12 done: loss=1.543109 avg_loss=1.602601 global_patch_step=868
2026-04-27 14:53:57,398 - INFO - Epoch 1 volume 104/649 loading
2026-04-27 14:53:57,582 - INFO - Resampling (349, 370, 258) to [314, 332, 322]...
2026-04-27 14:53:57,780 - INFO - Resampling (349, 370, 258) to [314, 332, 322]...
2026-04-27 14:53:58,051 - INFO - Resampling (349, 370, 258) to [314, 332, 322]...
2026-04-27 14:53:58,127 - INFO - Resampling (349, 370, 258) to [314, 332, 322]...
2026-04-27 14:53:58,328 - INFO - Epoch 1 volume 104/649 loaded: patches=8 image_shape=(8, 1, 128, 128, 128) label_shape=(8, 128, 128, 128)
2026-04-27 14:53:58,328 - INFO - Epoch 1 volume 104/649 patch 1/8 training started
2026-04-27 14:53:58,458 - INFO - Epoch 1 volume 104/649 patch 1/8 done: loss=1.541404 avg_loss=1.602531 global_patch_step=869
2026-04-27 14:53:58,458 - INFO - Epoch 1 volume 104/649 patch 2/8 training started
2026-04-27 14:53:58,588 - INFO - Epoch 1 volume 104/649 patch 2/8 done: loss=1.541725 avg_loss=1.602461 global_patch_step=870
2026-04-27 14:53:58,588 - INFO - Epoch 1 volume 104/649 patch 3/8 training started
2026-04-27 14:53:58,718 - INFO - Epoch 1 volume 104/649 patch 3/8 done: loss=1.540762 avg_loss=1.602390 global_patch_step=871
2026-04-27 14:53:58,719 - INFO - Epoch 1 volume 104/649 patch 4/8 training started
2026-04-27 14:53:58,847 - INFO - Epoch 1 volume 104/649 patch 4/8 done: loss=1.540819 avg_loss=1.602319 global_patch_step=872
2026-04-27 14:53:58,847 - INFO - Epoch 1 volume 104/649 patch 5/8 training started
2026-04-27 14:53:58,975 - INFO - Epoch 1 volume 104/649 patch 5/8 done: loss=1.541132 avg_loss=1.602249 global_patch_step=873
2026-04-27 14:53:58,975 - INFO - Epoch 1 volume 104/649 patch 6/8 training started
2026-04-27 14:53:59,105 - INFO - Epoch 1 volume 104/649 patch 6/8 done: loss=1.540678 avg_loss=1.602179 global_patch_step=874
2026-04-27 14:53:59,105 - INFO - Epoch 1 volume 104/649 patch 7/8 training started
2026-04-27 14:53:59,233 - INFO - Epoch 1 volume 104/649 patch 7/8 done: loss=1.539291 avg_loss=1.602107 global_patch_step=875
2026-04-27 14:53:59,233 - INFO - Epoch 1 volume 104/649 patch 8/8 training started
2026-04-27 14:53:59,360 - INFO - Epoch 1 volume 104/649 patch 8/8 done: loss=1.542914 avg_loss=1.602040 global_patch_step=876
2026-04-27 14:53:59,360 - INFO - Epoch 1 volume 105/649 loading
2026-04-27 14:53:59,650 - INFO - Resampling (340, 399, 214) to [279, 327, 268]...
2026-04-27 14:53:59,704 - INFO - Resampling (340, 399, 214) to [279, 327, 268]...
2026-04-27 14:53:59,918 - INFO - Resampling (340, 399, 214) to [279, 327, 268]...
2026-04-27 14:53:59,979 - INFO - Resampling (340, 399, 214) to [279, 327, 268]...
2026-04-27 14:54:00,146 - INFO - Epoch 1 volume 105/649 loaded: patches=8 image_shape=(8, 1, 128, 128, 128) label_shape=(8, 128, 128, 128)
2026-04-27 14:54:00,146 - INFO - Epoch 1 volume 105/649 patch 1/8 training started
2026-04-27 14:54:00,278 - INFO - Epoch 1 volume 105/649 patch 1/8 done: loss=1.540448 avg_loss=1.601969 global_patch_step=877
2026-04-27 14:54:00,278 - INFO - Epoch 1 volume 105/649 patch 2/8 training started
2026-04-27 14:54:00,412 - INFO - Epoch 1 volume 105/649 patch 2/8 done: loss=1.541887 avg_loss=1.601901 global_patch_step=878
2026-04-27 14:54:00,412 - INFO - Epoch 1 volume 105/649 patch 3/8 training started
2026-04-27 14:54:00,542 - INFO - Epoch 1 volume 105/649 patch 3/8 done: loss=1.539614 avg_loss=1.601830 global_patch_step=879
2026-04-27 14:54:00,542 - INFO - Epoch 1 volume 105/649 patch 4/8 training started
2026-04-27 14:54:00,668 - INFO - Epoch 1 volume 105/649 patch 4/8 done: loss=1.539927 avg_loss=1.601760 global_patch_step=880
2026-04-27 14:54:00,669 - INFO - Epoch 1 volume 105/649 patch 5/8 training started
2026-04-27 14:54:00,795 - INFO - Epoch 1 volume 105/649 patch 5/8 done: loss=1.539472 avg_loss=1.601689 global_patch_step=881
2026-04-27 14:54:00,795 - INFO - Epoch 1 volume 105/649 patch 6/8 training started
2026-04-27 14:54:00,924 - INFO - Epoch 1 volume 105/649 patch 6/8 done: loss=1.539094 avg_loss=1.601618 global_patch_step=882
2026-04-27 14:54:00,924 - INFO - Epoch 1 volume 105/649 patch 7/8 training started
2026-04-27 14:54:01,054 - INFO - Epoch 1 volume 105/649 patch 7/8 done: loss=1.538387 avg_loss=1.601546 global_patch_step=883
2026-04-27 14:54:01,054 - INFO - Epoch 1 volume 105/649 patch 8/8 training started
2026-04-27 14:54:01,184 - INFO - Epoch 1 volume 105/649 patch 8/8 done: loss=1.539504 avg_loss=1.601476 global_patch_step=884
2026-04-27 14:54:01,184 - INFO - Epoch 1 volume 106/649 loading
2026-04-27 14:54:01,353 - INFO - Resampling (339, 385, 210) to [278, 316, 262]...
2026-04-27 14:54:01,568 - INFO - Resampling (339, 385, 210) to [278, 316, 262]...
2026-04-27 14:54:01,773 - INFO - Resampling (339, 385, 210) to [278, 316, 262]...
2026-04-27 14:54:01,853 - INFO - Resampling (339, 385, 210) to [278, 316, 262]...
2026-04-27 14:54:02,018 - INFO - Epoch 1 volume 106/649 loaded: patches=8 image_shape=(8, 1, 128, 128, 128) label_shape=(8, 128, 128, 128)
2026-04-27 14:54:02,019 - INFO - Epoch 1 volume 106/649 patch 1/8 training started
2026-04-27 14:54:02,150 - INFO - Epoch 1 volume 106/649 patch 1/8 done: loss=1.539966 avg_loss=1.601407 global_patch_step=885
2026-04-27 14:54:02,150 - INFO - Epoch 1 volume 106/649 patch 2/8 training started
2026-04-27 14:54:02,276 - INFO - Epoch 1 volume 106/649 patch 2/8 done: loss=1.539321 avg_loss=1.601337 global_patch_step=886
2026-04-27 14:54:02,276 - INFO - Epoch 1 volume 106/649 patch 3/8 training started
2026-04-27 14:54:02,406 - INFO - Epoch 1 volume 106/649 patch 3/8 done: loss=1.538561 avg_loss=1.601266 global_patch_step=887
2026-04-27 14:54:02,406 - INFO - Epoch 1 volume 106/649 patch 4/8 training started
2026-04-27 14:54:02,534 - INFO - Epoch 1 volume 106/649 patch 4/8 done: loss=1.538295 avg_loss=1.601195 global_patch_step=888
2026-04-27 14:54:02,535 - INFO - Epoch 1 volume 106/649 patch 5/8 training started
2026-04-27 14:54:02,662 - INFO - Epoch 1 volume 106/649 patch 5/8 done: loss=1.538133 avg_loss=1.601124 global_patch_step=889
2026-04-27 14:54:02,662 - INFO - Epoch 1 volume 106/649 patch 6/8 training started
2026-04-27 14:54:02,788 - INFO - Epoch 1 volume 106/649 patch 6/8 done: loss=1.537733 avg_loss=1.601053 global_patch_step=890
2026-04-27 14:54:02,788 - INFO - Epoch 1 volume 106/649 patch 7/8 training started
2026-04-27 14:54:02,902 - INFO - Epoch 1 volume 106/649 patch 7/8 done: loss=1.537222 avg_loss=1.600981 global_patch_step=891
2026-04-27 14:54:02,902 - INFO - Epoch 1 volume 106/649 patch 8/8 training started
2026-04-27 14:54:03,017 - INFO - Epoch 1 volume 106/649 patch 8/8 done: loss=1.538125 avg_loss=1.600911 global_patch_step=892
2026-04-27 14:54:03,017 - INFO - Epoch 1 volume 107/649 loading
2026-04-27 14:54:03,149 - INFO - Resampling (314, 373, 197) to [258, 306, 246]...
2026-04-27 14:54:03,219 - INFO - Resampling (314, 373, 197) to [258, 306, 246]...
2026-04-27 14:54:03,401 - INFO - Resampling (314, 373, 197) to [258, 306, 246]...
2026-04-27 14:54:03,474 - INFO - Resampling (314, 373, 197) to [258, 306, 246]...
2026-04-27 14:54:03,608 - INFO - Epoch 1 volume 107/649 loaded: patches=4 image_shape=(4, 1, 128, 128, 128) label_shape=(4, 128, 128, 128)
2026-04-27 14:54:03,608 - INFO - Epoch 1 volume 107/649 patch 1/4 training started
2026-04-27 14:54:03,736 - INFO - Epoch 1 volume 107/649 patch 1/4 done: loss=1.539500 avg_loss=1.600842 global_patch_step=893
2026-04-27 14:54:03,736 - INFO - Epoch 1 volume 107/649 patch 2/4 training started
2026-04-27 14:54:03,868 - INFO - Epoch 1 volume 107/649 patch 2/4 done: loss=1.538759 avg_loss=1.600772 global_patch_step=894
2026-04-27 14:54:03,868 - INFO - Epoch 1 volume 107/649 patch 3/4 training started
2026-04-27 14:54:04,002 - INFO - Epoch 1 volume 107/649 patch 3/4 done: loss=1.538162 avg_loss=1.600702 global_patch_step=895
2026-04-27 14:54:04,002 - INFO - Epoch 1 volume 107/649 patch 4/4 training started
2026-04-27 14:54:04,133 - INFO - Epoch 1 volume 107/649 patch 4/4 done: loss=1.538344 avg_loss=1.600633 global_patch_step=896
2026-04-27 14:54:04,133 - INFO - Epoch 1 volume 108/649 loading
2026-04-27 14:54:04,321 - INFO - Resampling (349, 447, 259) to [286, 367, 324]...
2026-04-27 14:54:04,535 - INFO - Resampling (349, 447, 259) to [286, 367, 324]...
2026-04-27 14:54:04,787 - INFO - Resampling (349, 447, 259) to [286, 367, 324]...
2026-04-27 14:54:04,901 - INFO - Resampling (349, 447, 259) to [286, 367, 324]...
2026-04-27 14:54:05,101 - INFO - Epoch 1 volume 108/649 loaded: patches=8 image_shape=(8, 1, 128, 128, 128) label_shape=(8, 128, 128, 128)
2026-04-27 14:54:05,101 - INFO - Epoch 1 volume 108/649 patch 1/8 training started
2026-04-27 14:54:05,231 - INFO - Epoch 1 volume 108/649 patch 1/8 done: loss=1.538549 avg_loss=1.600564 global_patch_step=897
2026-04-27 14:54:05,231 - INFO - Epoch 1 volume 108/649 patch 2/8 training started
2026-04-27 14:54:05,358 - INFO - Epoch 1 volume 108/649 patch 2/8 done: loss=1.538533 avg_loss=1.600495 global_patch_step=898
2026-04-27 14:54:05,358 - INFO - Epoch 1 volume 108/649 patch 3/8 training started
2026-04-27 14:54:05,490 - INFO - Epoch 1 volume 108/649 patch 3/8 done: loss=1.538844 avg_loss=1.600426 global_patch_step=899
2026-04-27 14:54:05,490 - INFO - Epoch 1 volume 108/649 patch 4/8 training started
2026-04-27 14:54:05,616 - INFO - Epoch 1 volume 108/649 patch 4/8 done: loss=1.538479 avg_loss=1.600357 global_patch_step=900
2026-04-27 14:54:05,616 - INFO - Epoch 1 volume 108/649 patch 5/8 training started
2026-04-27 14:54:05,743 - INFO - Epoch 1 volume 108/649 patch 5/8 done: loss=1.537324 avg_loss=1.600287 global_patch_step=901
2026-04-27 14:54:05,743 - INFO - Epoch 1 volume 108/649 patch 6/8 training started
2026-04-27 14:54:05,872 - INFO - Epoch 1 volume 108/649 patch 6/8 done: loss=1.536819 avg_loss=1.600217 global_patch_step=902
2026-04-27 14:54:05,872 - INFO - Epoch 1 volume 108/649 patch 7/8 training started
2026-04-27 14:54:06,004 - INFO - Epoch 1 volume 108/649 patch 7/8 done: loss=1.536378 avg_loss=1.600146 global_patch_step=903
2026-04-27 14:54:06,004 - INFO - Epoch 1 volume 108/649 patch 8/8 training started
2026-04-27 14:54:06,137 - INFO - Epoch 1 volume 108/649 patch 8/8 done: loss=1.538794 avg_loss=1.600078 global_patch_step=904
2026-04-27 14:54:06,137 - INFO - Epoch 1 volume 109/649 loading
2026-04-27 14:54:06,367 - INFO - Resampling (323, 423, 314) to [289, 378, 392]...
2026-04-27 14:54:06,573 - INFO - Resampling (323, 423, 314) to [289, 378, 392]...
2026-04-27 14:54:06,937 - INFO - Resampling (323, 423, 314) to [289, 378, 392]...
2026-04-27 14:54:07,078 - INFO - Resampling (323, 423, 314) to [289, 378, 392]...
2026-04-27 14:54:07,443 - INFO - Epoch 1 volume 109/649 loaded: patches=12 image_shape=(12, 1, 128, 128, 128) label_shape=(12, 128, 128, 128)
2026-04-27 14:54:07,444 - INFO - Epoch 1 volume 109/649 patch 1/12 training started
2026-04-27 14:54:07,568 - INFO - Epoch 1 volume 109/649 patch 1/12 done: loss=1.536700 avg_loss=1.600008 global_patch_step=905
2026-04-27 14:54:07,568 - INFO - Epoch 1 volume 109/649 patch 2/12 training started
2026-04-27 14:54:07,700 - INFO - Epoch 1 volume 109/649 patch 2/12 done: loss=1.536575 avg_loss=1.599938 global_patch_step=906
2026-04-27 14:54:07,700 - INFO - Epoch 1 volume 109/649 patch 3/12 training started
2026-04-27 14:54:07,824 - INFO - Epoch 1 volume 109/649 patch 3/12 done: loss=1.537093 avg_loss=1.599869 global_patch_step=907
2026-04-27 14:54:07,825 - INFO - Epoch 1 volume 109/649 patch 4/12 training started
2026-04-27 14:54:07,951 - INFO - Epoch 1 volume 109/649 patch 4/12 done: loss=1.537748 avg_loss=1.599801 global_patch_step=908
2026-04-27 14:54:07,951 - INFO - Epoch 1 volume 109/649 patch 5/12 training started
2026-04-27 14:54:08,082 - INFO - Epoch 1 volume 109/649 patch 5/12 done: loss=1.537457 avg_loss=1.599732 global_patch_step=909
2026-04-27 14:54:08,082 - INFO - Epoch 1 volume 109/649 patch 6/12 training started
2026-04-27 14:54:08,212 - INFO - Epoch 1 volume 109/649 patch 6/12 done: loss=1.536900 avg_loss=1.599663 global_patch_step=910
2026-04-27 14:54:08,212 - INFO - Epoch 1 volume 109/649 patch 7/12 training started
2026-04-27 14:54:08,340 - INFO - Epoch 1 volume 109/649 patch 7/12 done: loss=1.536236 avg_loss=1.599593 global_patch_step=911
2026-04-27 14:54:08,340 - INFO - Epoch 1 volume 109/649 patch 8/12 training started
2026-04-27 14:54:08,468 - INFO - Epoch 1 volume 109/649 patch 8/12 done: loss=1.536458 avg_loss=1.599524 global_patch_step=912
2026-04-27 14:54:08,468 - INFO - Epoch 1 volume 109/649 patch 9/12 training started
2026-04-27 14:54:08,596 - INFO - Epoch 1 volume 109/649 patch 9/12 done: loss=1.535386 avg_loss=1.599454 global_patch_step=913
2026-04-27 14:54:08,596 - INFO - Epoch 1 volume 109/649 patch 10/12 training started
2026-04-27 14:54:08,727 - INFO - Epoch 1 volume 109/649 patch 10/12 done: loss=1.535158 avg_loss=1.599383 global_patch_step=914
2026-04-27 14:54:08,728 - INFO - Epoch 1 volume 109/649 patch 11/12 training started
2026-04-27 14:54:08,858 - INFO - Epoch 1 volume 109/649 patch 11/12 done: loss=1.534857 avg_loss=1.599313 global_patch_step=915
2026-04-27 14:54:08,858 - INFO - Epoch 1 volume 109/649 patch 12/12 training started
2026-04-27 14:54:08,988 - INFO - Epoch 1 volume 109/649 patch 12/12 done: loss=1.535251 avg_loss=1.599243 global_patch_step=916
2026-04-27 14:54:08,988 - INFO - Epoch 1 volume 110/649 loading
2026-04-27 14:54:09,155 - INFO - Resampling (356, 387, 273) to [292, 317, 341]...
2026-04-27 14:54:09,258 - INFO - Resampling (356, 387, 273) to [292, 317, 341]...
2026-04-27 14:54:09,499 - INFO - Resampling (356, 387, 273) to [292, 317, 341]...
2026-04-27 14:54:09,607 - INFO - Resampling (356, 387, 273) to [292, 317, 341]...
2026-04-27 14:54:09,810 - INFO - Epoch 1 volume 110/649 loaded: patches=8 image_shape=(8, 1, 128, 128, 128) label_shape=(8, 128, 128, 128)
2026-04-27 14:54:09,810 - INFO - Epoch 1 volume 110/649 patch 1/8 training started
2026-04-27 14:54:09,938 - INFO - Epoch 1 volume 110/649 patch 1/8 done: loss=1.535976 avg_loss=1.599174 global_patch_step=917
2026-04-27 14:54:09,938 - INFO - Epoch 1 volume 110/649 patch 2/8 training started
2026-04-27 14:54:10,068 - INFO - Epoch 1 volume 110/649 patch 2/8 done: loss=1.535682 avg_loss=1.599105 global_patch_step=918
2026-04-27 14:54:10,068 - INFO - Epoch 1 volume 110/649 patch 3/8 training started
2026-04-27 14:54:10,200 - INFO - Epoch 1 volume 110/649 patch 3/8 done: loss=1.536128 avg_loss=1.599036 global_patch_step=919
2026-04-27 14:54:10,200 - INFO - Epoch 1 volume 110/649 patch 4/8 training started
2026-04-27 14:54:10,328 - INFO - Epoch 1 volume 110/649 patch 4/8 done: loss=1.536644 avg_loss=1.598969 global_patch_step=920
2026-04-27 14:54:10,328 - INFO - Epoch 1 volume 110/649 patch 5/8 training started
2026-04-27 14:54:10,455 - INFO - Epoch 1 volume 110/649 patch 5/8 done: loss=1.535487 avg_loss=1.598900 global_patch_step=921
2026-04-27 14:54:10,455 - INFO - Epoch 1 volume 110/649 patch 6/8 training started
2026-04-27 14:54:10,587 - INFO - Epoch 1 volume 110/649 patch 6/8 done: loss=1.535622 avg_loss=1.598831 global_patch_step=922
2026-04-27 14:54:10,587 - INFO - Epoch 1 volume 110/649 patch 7/8 training started
2026-04-27 14:54:10,717 - INFO - Epoch 1 volume 110/649 patch 7/8 done: loss=1.534044 avg_loss=1.598761 global_patch_step=923
2026-04-27 14:54:10,717 - INFO - Epoch 1 volume 110/649 patch 8/8 training started
2026-04-27 14:54:10,838 - INFO - Epoch 1 volume 110/649 patch 8/8 done: loss=1.535767 avg_loss=1.598693 global_patch_step=924
2026-04-27 14:54:10,838 - INFO - Epoch 1 volume 111/649 loading
2026-04-27 14:54:10,981 - INFO - Resampling (324, 413, 243) to [284, 361, 304]...
2026-04-27 14:54:11,202 - INFO - Resampling (324, 413, 243) to [284, 361, 304]...
2026-04-27 14:54:11,409 - INFO - Resampling (324, 413, 243) to [284, 361, 304]...
2026-04-27 14:54:11,510 - INFO - Resampling (324, 413, 243) to [284, 361, 304]...
2026-04-27 14:54:11,706 - INFO - Epoch 1 volume 111/649 loaded: patches=8 image_shape=(8, 1, 128, 128, 128) label_shape=(8, 128, 128, 128)
2026-04-27 14:54:11,706 - INFO - Epoch 1 volume 111/649 patch 1/8 training started
2026-04-27 14:54:11,835 - INFO - Epoch 1 volume 111/649 patch 1/8 done: loss=1.535441 avg_loss=1.598624 global_patch_step=925
2026-04-27 14:54:11,835 - INFO - Epoch 1 volume 111/649 patch 2/8 training started
2026-04-27 14:54:11,961 - INFO - Epoch 1 volume 111/649 patch 2/8 done: loss=1.535694 avg_loss=1.598556 global_patch_step=926
2026-04-27 14:54:11,961 - INFO - Epoch 1 volume 111/649 patch 3/8 training started
2026-04-27 14:54:12,092 - INFO - Epoch 1 volume 111/649 patch 3/8 done: loss=1.535243 avg_loss=1.598488 global_patch_step=927
2026-04-27 14:54:12,092 - INFO - Epoch 1 volume 111/649 patch 4/8 training started
2026-04-27 14:54:12,224 - INFO - Epoch 1 volume 111/649 patch 4/8 done: loss=1.535347 avg_loss=1.598420 global_patch_step=928
2026-04-27 14:54:12,224 - INFO - Epoch 1 volume 111/649 patch 5/8 training started
2026-04-27 14:54:12,353 - INFO - Epoch 1 volume 111/649 patch 5/8 done: loss=1.534051 avg_loss=1.598351 global_patch_step=929
2026-04-27 14:54:12,353 - INFO - Epoch 1 volume 111/649 patch 6/8 training started
2026-04-27 14:54:12,482 - INFO - Epoch 1 volume 111/649 patch 6/8 done: loss=1.532449 avg_loss=1.598280 global_patch_step=930
2026-04-27 14:54:12,483 - INFO - Epoch 1 volume 111/649 patch 7/8 training started
2026-04-27 14:54:12,611 - INFO - Epoch 1 volume 111/649 patch 7/8 done: loss=1.533307 avg_loss=1.598210 global_patch_step=931
2026-04-27 14:54:12,612 - INFO - Epoch 1 volume 111/649 patch 8/8 training started
2026-04-27 14:54:12,740 - INFO - Epoch 1 volume 111/649 patch 8/8 done: loss=1.533724 avg_loss=1.598141 global_patch_step=932
2026-04-27 14:54:12,740 - INFO - Epoch 1 volume 112/649 loading
2026-04-27 14:54:13,008 - INFO - Resampling (336, 430, 278) to [276, 353, 348]...
2026-04-27 14:54:13,083 - INFO - Resampling (336, 430, 278) to [276, 353, 348]...
2026-04-27 14:54:13,318 - INFO - Resampling (336, 430, 278) to [276, 353, 348]...
2026-04-27 14:54:13,394 - INFO - Resampling (336, 430, 278) to [276, 353, 348]...
2026-04-27 14:54:13,624 - INFO - Epoch 1 volume 112/649 loaded: patches=8 image_shape=(8, 1, 128, 128, 128) label_shape=(8, 128, 128, 128)
2026-04-27 14:54:13,624 - INFO - Epoch 1 volume 112/649 patch 1/8 training started
2026-04-27 14:54:13,751 - INFO - Epoch 1 volume 112/649 patch 1/8 done: loss=1.533955 avg_loss=1.598072 global_patch_step=933
2026-04-27 14:54:13,752 - INFO - Epoch 1 volume 112/649 patch 2/8 training started
2026-04-27 14:54:13,883 - INFO - Epoch 1 volume 112/649 patch 2/8 done: loss=1.534043 avg_loss=1.598003 global_patch_step=934
2026-04-27 14:54:13,883 - INFO - Epoch 1 volume 112/649 patch 3/8 training started
2026-04-27 14:54:14,013 - INFO - Epoch 1 volume 112/649 patch 3/8 done: loss=1.534606 avg_loss=1.597936 global_patch_step=935
2026-04-27 14:54:14,013 - INFO - Epoch 1 volume 112/649 patch 4/8 training started
2026-04-27 14:54:14,144 - INFO - Epoch 1 volume 112/649 patch 4/8 done: loss=1.534335 avg_loss=1.597868 global_patch_step=936
2026-04-27 14:54:14,144 - INFO - Epoch 1 volume 112/649 patch 5/8 training started
2026-04-27 14:54:14,274 - INFO - Epoch 1 volume 112/649 patch 5/8 done: loss=1.533385 avg_loss=1.597799 global_patch_step=937
2026-04-27 14:54:14,274 - INFO - Epoch 1 volume 112/649 patch 6/8 training started
2026-04-27 14:54:14,404 - INFO - Epoch 1 volume 112/649 patch 6/8 done: loss=1.533997 avg_loss=1.597731 global_patch_step=938
2026-04-27 14:54:14,404 - INFO - Epoch 1 volume 112/649 patch 7/8 training started
2026-04-27 14:54:14,536 - INFO - Epoch 1 volume 112/649 patch 7/8 done: loss=1.532599 avg_loss=1.597661 global_patch_step=939
2026-04-27 14:54:14,536 - INFO - Epoch 1 volume 112/649 patch 8/8 training started
2026-04-27 14:54:14,663 - INFO - Epoch 1 volume 112/649 patch 8/8 done: loss=1.533331 avg_loss=1.597593 global_patch_step=940
2026-04-27 14:54:14,664 - INFO - Epoch 1 volume 113/649 loading
2026-04-27 14:54:14,797 - INFO - Resampling (318, 417, 227) to [261, 342, 284]...
2026-04-27 14:54:14,878 - INFO - Resampling (318, 417, 227) to [261, 342, 284]...
2026-04-27 14:54:15,061 - INFO - Resampling (318, 417, 227) to [261, 342, 284]...
2026-04-27 14:54:15,146 - INFO - Resampling (318, 417, 227) to [261, 342, 284]...
2026-04-27 14:54:15,318 - INFO - Epoch 1 volume 113/649 loaded: patches=8 image_shape=(8, 1, 128, 128, 128) label_shape=(8, 128, 128, 128)
2026-04-27 14:54:15,318 - INFO - Epoch 1 volume 113/649 patch 1/8 training started
2026-04-27 14:54:15,447 - INFO - Epoch 1 volume 113/649 patch 1/8 done: loss=1.533896 avg_loss=1.597525 global_patch_step=941
2026-04-27 14:54:15,447 - INFO - Epoch 1 volume 113/649 patch 2/8 training started
2026-04-27 14:54:15,577 - INFO - Epoch 1 volume 113/649 patch 2/8 done: loss=1.533350 avg_loss=1.597457 global_patch_step=942
2026-04-27 14:54:15,577 - INFO - Epoch 1 volume 113/649 patch 3/8 training started
2026-04-27 14:54:15,707 - INFO - Epoch 1 volume 113/649 patch 3/8 done: loss=1.533737 avg_loss=1.597390 global_patch_step=943
2026-04-27 14:54:15,707 - INFO - Epoch 1 volume 113/649 patch 4/8 training started
2026-04-27 14:54:15,836 - INFO - Epoch 1 volume 113/649 patch 4/8 done: loss=1.533359 avg_loss=1.597322 global_patch_step=944
2026-04-27 14:54:15,837 - INFO - Epoch 1 volume 113/649 patch 5/8 training started
2026-04-27 14:54:15,965 - INFO - Epoch 1 volume 113/649 patch 5/8 done: loss=1.532047 avg_loss=1.597253 global_patch_step=945
2026-04-27 14:54:15,965 - INFO - Epoch 1 volume 113/649 patch 6/8 training started
2026-04-27 14:54:16,093 - INFO - Epoch 1 volume 113/649 patch 6/8 done: loss=1.531751 avg_loss=1.597184 global_patch_step=946
2026-04-27 14:54:16,093 - INFO - Epoch 1 volume 113/649 patch 7/8 training started
2026-04-27 14:54:16,221 - INFO - Epoch 1 volume 113/649 patch 7/8 done: loss=1.531549 avg_loss=1.597114 global_patch_step=947
2026-04-27 14:54:16,221 - INFO - Epoch 1 volume 113/649 patch 8/8 training started
2026-04-27 14:54:16,352 - INFO - Epoch 1 volume 113/649 patch 8/8 done: loss=1.531976 avg_loss=1.597045 global_patch_step=948
2026-04-27 14:54:16,352 - INFO - Epoch 1 volume 114/649 loading
2026-04-27 14:54:16,614 - INFO - Resampling (334, 440, 281) to [297, 392, 351]...
2026-04-27 14:54:16,693 - INFO - Resampling (334, 440, 281) to [297, 392, 351]...
2026-04-27 14:54:16,941 - INFO - Resampling (334, 440, 281) to [297, 392, 351]...
2026-04-27 14:54:17,024 - INFO - Resampling (334, 440, 281) to [297, 392, 351]...
2026-04-27 14:54:17,628 - INFO - Epoch 1 volume 114/649 loaded: patches=12 image_shape=(12, 1, 128, 128, 128) label_shape=(12, 128, 128, 128)
2026-04-27 14:54:17,628 - INFO - Epoch 1 volume 114/649 patch 1/12 training started
2026-04-27 14:54:17,755 - INFO - Epoch 1 volume 114/649 patch 1/12 done: loss=1.532300 avg_loss=1.596977 global_patch_step=949
2026-04-27 14:54:17,755 - INFO - Epoch 1 volume 114/649 patch 2/12 training started
2026-04-27 14:54:17,884 - INFO - Epoch 1 volume 114/649 patch 2/12 done: loss=1.532230 avg_loss=1.596909 global_patch_step=950
2026-04-27 14:54:17,884 - INFO - Epoch 1 volume 114/649 patch 3/12 training started
2026-04-27 14:54:18,012 - INFO - Epoch 1 volume 114/649 patch 3/12 done: loss=1.532402 avg_loss=1.596841 global_patch_step=951
2026-04-27 14:54:18,012 - INFO - Epoch 1 volume 114/649 patch 4/12 training started
2026-04-27 14:54:18,137 - INFO - Epoch 1 volume 114/649 patch 4/12 done: loss=1.532782 avg_loss=1.596774 global_patch_step=952
2026-04-27 14:54:18,138 - INFO - Epoch 1 volume 114/649 patch 5/12 training started
2026-04-27 14:54:18,266 - INFO - Epoch 1 volume 114/649 patch 5/12 done: loss=1.533359 avg_loss=1.596707 global_patch_step=953
2026-04-27 14:54:18,266 - INFO - Epoch 1 volume 114/649 patch 6/12 training started
2026-04-27 14:54:18,391 - INFO - Epoch 1 volume 114/649 patch 6/12 done: loss=1.531229 avg_loss=1.596639 global_patch_step=954
2026-04-27 14:54:18,391 - INFO - Epoch 1 volume 114/649 patch 7/12 training started
2026-04-27 14:54:18,519 - INFO - Epoch 1 volume 114/649 patch 7/12 done: loss=1.532328 avg_loss=1.596571 global_patch_step=955
2026-04-27 14:54:18,519 - INFO - Epoch 1 volume 114/649 patch 8/12 training started
2026-04-27 14:54:18,647 - INFO - Epoch 1 volume 114/649 patch 8/12 done: loss=1.532468 avg_loss=1.596504 global_patch_step=956
2026-04-27 14:54:18,647 - INFO - Epoch 1 volume 114/649 patch 9/12 training started
2026-04-27 14:54:18,790 - INFO - Epoch 1 volume 114/649 patch 9/12 done: loss=1.531561 avg_loss=1.596437 global_patch_step=957
2026-04-27 14:54:18,790 - INFO - Epoch 1 volume 114/649 patch 10/12 training started
2026-04-27 14:54:18,919 - INFO - Epoch 1 volume 114/649 patch 10/12 done: loss=1.531582 avg_loss=1.596369 global_patch_step=958
2026-04-27 14:54:18,919 - INFO - Epoch 1 volume 114/649 patch 11/12 training started
2026-04-27 14:54:19,051 - INFO - Epoch 1 volume 114/649 patch 11/12 done: loss=1.530382 avg_loss=1.596300 global_patch_step=959
2026-04-27 14:54:19,051 - INFO - Epoch 1 volume 114/649 patch 12/12 training started
2026-04-27 14:54:19,179 - INFO - Epoch 1 volume 114/649 patch 12/12 done: loss=1.530799 avg_loss=1.596232 global_patch_step=960
2026-04-27 14:54:19,179 - INFO - Epoch 1 volume 115/649 loading
2026-04-27 14:54:19,384 - INFO - Resampling (324, 413, 231) to [294, 374, 289]...
2026-04-27 14:54:19,457 - INFO - Resampling (324, 413, 231) to [294, 374, 289]...
2026-04-27 14:54:19,705 - INFO - Resampling (324, 413, 231) to [294, 374, 289]...
2026-04-27 14:54:19,777 - INFO - Resampling (324, 413, 231) to [294, 374, 289]...
2026-04-27 14:54:19,987 - INFO - Epoch 1 volume 115/649 loaded: patches=8 image_shape=(8, 1, 128, 128, 128) label_shape=(8, 128, 128, 128)
2026-04-27 14:54:19,987 - INFO - Epoch 1 volume 115/649 patch 1/8 training started
2026-04-27 14:54:20,115 - INFO - Epoch 1 volume 115/649 patch 1/8 done: loss=1.531816 avg_loss=1.596165 global_patch_step=961
2026-04-27 14:54:20,115 - INFO - Epoch 1 volume 115/649 patch 2/8 training started
2026-04-27 14:54:20,242 - INFO - Epoch 1 volume 115/649 patch 2/8 done: loss=1.531932 avg_loss=1.596098 global_patch_step=962
2026-04-27 14:54:20,242 - INFO - Epoch 1 volume 115/649 patch 3/8 training started
2026-04-27 14:54:20,371 - INFO - Epoch 1 volume 115/649 patch 3/8 done: loss=1.531169 avg_loss=1.596031 global_patch_step=963
2026-04-27 14:54:20,372 - INFO - Epoch 1 volume 115/649 patch 4/8 training started
2026-04-27 14:54:20,501 - INFO - Epoch 1 volume 115/649 patch 4/8 done: loss=1.531660 avg_loss=1.595964 global_patch_step=964
2026-04-27 14:54:20,501 - INFO - Epoch 1 volume 115/649 patch 5/8 training started
2026-04-27 14:54:20,632 - INFO - Epoch 1 volume 115/649 patch 5/8 done: loss=1.530061 avg_loss=1.595896 global_patch_step=965
2026-04-27 14:54:20,632 - INFO - Epoch 1 volume 115/649 patch 6/8 training started
2026-04-27 14:54:20,760 - INFO - Epoch 1 volume 115/649 patch 6/8 done: loss=1.529798 avg_loss=1.595827 global_patch_step=966
2026-04-27 14:54:20,760 - INFO - Epoch 1 volume 115/649 patch 7/8 training started
2026-04-27 14:54:20,886 - INFO - Epoch 1 volume 115/649 patch 7/8 done: loss=1.529530 avg_loss=1.595759 global_patch_step=967
2026-04-27 14:54:20,886 - INFO - Epoch 1 volume 115/649 patch 8/8 training started
2026-04-27 14:54:21,013 - INFO - Epoch 1 volume 115/649 patch 8/8 done: loss=1.530017 avg_loss=1.595691 global_patch_step=968
2026-04-27 14:54:21,013 - INFO - Epoch 1 volume 116/649 loading
2026-04-27 14:54:21,171 - INFO - Resampling (340, 425, 230) to [279, 349, 288]...
2026-04-27 14:54:21,239 - INFO - Resampling (340, 425, 230) to [279, 349, 288]...
2026-04-27 14:54:21,456 - INFO - Resampling (340, 425, 230) to [279, 349, 288]...
2026-04-27 14:54:21,514 - INFO - Resampling (340, 425, 230) to [279, 349, 288]...
2026-04-27 14:54:21,697 - INFO - Epoch 1 volume 116/649 loaded: patches=8 image_shape=(8, 1, 128, 128, 128) label_shape=(8, 128, 128, 128)
2026-04-27 14:54:21,697 - INFO - Epoch 1 volume 116/649 patch 1/8 training started
2026-04-27 14:54:21,831 - INFO - Epoch 1 volume 116/649 patch 1/8 done: loss=1.531451 avg_loss=1.595624 global_patch_step=969
2026-04-27 14:54:21,831 - INFO - Epoch 1 volume 116/649 patch 2/8 training started
2026-04-27 14:54:21,963 - INFO - Epoch 1 volume 116/649 patch 2/8 done: loss=1.530896 avg_loss=1.595558 global_patch_step=970
2026-04-27 14:54:21,963 - INFO - Epoch 1 volume 116/649 patch 3/8 training started
2026-04-27 14:54:22,096 - INFO - Epoch 1 volume 116/649 patch 3/8 done: loss=1.531010 avg_loss=1.595491 global_patch_step=971
2026-04-27 14:54:22,096 - INFO - Epoch 1 volume 116/649 patch 4/8 training started
2026-04-27 14:54:22,225 - INFO - Epoch 1 volume 116/649 patch 4/8 done: loss=1.530889 avg_loss=1.595425 global_patch_step=972
2026-04-27 14:54:22,225 - INFO - Epoch 1 volume 116/649 patch 5/8 training started
2026-04-27 14:54:22,356 - INFO - Epoch 1 volume 116/649 patch 5/8 done: loss=1.529638 avg_loss=1.595357 global_patch_step=973
2026-04-27 14:54:22,356 - INFO - Epoch 1 volume 116/649 patch 6/8 training started
2026-04-27 14:54:22,482 - INFO - Epoch 1 volume 116/649 patch 6/8 done: loss=1.529094 avg_loss=1.595289 global_patch_step=974
2026-04-27 14:54:22,482 - INFO - Epoch 1 volume 116/649 patch 7/8 training started
2026-04-27 14:54:22,612 - INFO - Epoch 1 volume 116/649 patch 7/8 done: loss=1.528591 avg_loss=1.595221 global_patch_step=975
2026-04-27 14:54:22,612 - INFO - Epoch 1 volume 116/649 patch 8/8 training started
2026-04-27 14:54:22,740 - INFO - Epoch 1 volume 116/649 patch 8/8 done: loss=1.529189 avg_loss=1.595153 global_patch_step=976
2026-04-27 14:54:22,740 - INFO - Epoch 1 volume 117/649 loading
2026-04-27 14:54:22,977 - INFO - Resampling (352, 431, 288) to [296, 362, 360]...
2026-04-27 14:54:23,178 - INFO - Resampling (352, 431, 288) to [296, 362, 360]...
2026-04-27 14:54:23,483 - INFO - Resampling (352, 431, 288) to [296, 362, 360]...
2026-04-27 14:54:23,581 - INFO - Resampling (352, 431, 288) to [296, 362, 360]...
2026-04-27 14:54:24,080 - INFO - Epoch 1 volume 117/649 loaded: patches=8 image_shape=(8, 1, 128, 128, 128) label_shape=(8, 128, 128, 128)
2026-04-27 14:54:24,080 - INFO - Epoch 1 volume 117/649 patch 1/8 training started
2026-04-27 14:54:24,211 - INFO - Epoch 1 volume 117/649 patch 1/8 done: loss=1.529097 avg_loss=1.595085 global_patch_step=977
2026-04-27 14:54:24,211 - INFO - Epoch 1 volume 117/649 patch 2/8 training started
2026-04-27 14:54:24,340 - INFO - Epoch 1 volume 117/649 patch 2/8 done: loss=1.529229 avg_loss=1.595018 global_patch_step=978
2026-04-27 14:54:24,340 - INFO - Epoch 1 volume 117/649 patch 3/8 training started
2026-04-27 14:54:24,471 - INFO - Epoch 1 volume 117/649 patch 3/8 done: loss=1.529791 avg_loss=1.594951 global_patch_step=979
2026-04-27 14:54:24,472 - INFO - Epoch 1 volume 117/649 patch 4/8 training started
2026-04-27 14:54:24,602 - INFO - Epoch 1 volume 117/649 patch 4/8 done: loss=1.530041 avg_loss=1.594885 global_patch_step=980
2026-04-27 14:54:24,603 - INFO - Epoch 1 volume 117/649 patch 5/8 training started
2026-04-27 14:54:24,733 - INFO - Epoch 1 volume 117/649 patch 5/8 done: loss=1.529615 avg_loss=1.594819 global_patch_step=981
2026-04-27 14:54:24,733 - INFO - Epoch 1 volume 117/649 patch 6/8 training started
2026-04-27 14:54:24,860 - INFO - Epoch 1 volume 117/649 patch 6/8 done: loss=1.529612 avg_loss=1.594752 global_patch_step=982
2026-04-27 14:54:24,860 - INFO - Epoch 1 volume 117/649 patch 7/8 training started
2026-04-27 14:54:24,989 - INFO - Epoch 1 volume 117/649 patch 7/8 done: loss=1.528800 avg_loss=1.594685 global_patch_step=983
2026-04-27 14:54:24,989 - INFO - Epoch 1 volume 117/649 patch 8/8 training started
2026-04-27 14:54:25,118 - INFO - Epoch 1 volume 117/649 patch 8/8 done: loss=1.529113 avg_loss=1.594618 global_patch_step=984
2026-04-27 14:54:25,119 - INFO - Epoch 1 volume 118/649 loading
2026-04-27 14:54:25,416 - INFO - Resampling (363, 438, 226) to [298, 359, 282]...
2026-04-27 14:54:25,616 - INFO - Resampling (363, 438, 226) to [298, 359, 282]...
2026-04-27 14:54:25,893 - INFO - Resampling (363, 438, 226) to [298, 359, 282]...
2026-04-27 14:54:25,959 - INFO - Resampling (363, 438, 226) to [298, 359, 282]...
2026-04-27 14:54:26,145 - INFO - Epoch 1 volume 118/649 loaded: patches=8 image_shape=(8, 1, 128, 128, 128) label_shape=(8, 128, 128, 128)
2026-04-27 14:54:26,145 - INFO - Epoch 1 volume 118/649 patch 1/8 training started
2026-04-27 14:54:26,269 - INFO - Epoch 1 volume 118/649 patch 1/8 done: loss=1.529471 avg_loss=1.594552 global_patch_step=985
2026-04-27 14:54:26,269 - INFO - Epoch 1 volume 118/649 patch 2/8 training started
2026-04-27 14:54:26,396 - INFO - Epoch 1 volume 118/649 patch 2/8 done: loss=1.529771 avg_loss=1.594487 global_patch_step=986
2026-04-27 14:54:26,396 - INFO - Epoch 1 volume 118/649 patch 3/8 training started
2026-04-27 14:54:26,524 - INFO - Epoch 1 volume 118/649 patch 3/8 done: loss=1.529111 avg_loss=1.594420 global_patch_step=987
2026-04-27 14:54:26,525 - INFO - Epoch 1 volume 118/649 patch 4/8 training started
2026-04-27 14:54:26,656 - INFO - Epoch 1 volume 118/649 patch 4/8 done: loss=1.529555 avg_loss=1.594355 global_patch_step=988
2026-04-27 14:54:26,656 - INFO - Epoch 1 volume 118/649 patch 5/8 training started
2026-04-27 14:54:26,783 - INFO - Epoch 1 volume 118/649 patch 5/8 done: loss=1.528125 avg_loss=1.594288 global_patch_step=989
2026-04-27 14:54:26,783 - INFO - Epoch 1 volume 118/649 patch 6/8 training started
2026-04-27 14:54:26,910 - INFO - Epoch 1 volume 118/649 patch 6/8 done: loss=1.527893 avg_loss=1.594221 global_patch_step=990
2026-04-27 14:54:26,910 - INFO - Epoch 1 volume 118/649 patch 7/8 training started
2026-04-27 14:54:27,039 - INFO - Epoch 1 volume 118/649 patch 7/8 done: loss=1.527380 avg_loss=1.594153 global_patch_step=991
2026-04-27 14:54:27,039 - INFO - Epoch 1 volume 118/649 patch 8/8 training started
2026-04-27 14:54:27,171 - INFO - Epoch 1 volume 118/649 patch 8/8 done: loss=1.528279 avg_loss=1.594087 global_patch_step=992
2026-04-27 14:54:27,171 - INFO - Epoch 1 volume 119/649 loading
2026-04-27 14:54:27,384 - INFO - Resampling (330, 408, 255) to [271, 335, 319]...
2026-04-27 14:54:27,446 - INFO - Resampling (330, 408, 255) to [271, 335, 319]...
2026-04-27 14:54:27,651 - INFO - Resampling (330, 408, 255) to [271, 335, 319]...
2026-04-27 14:54:27,716 - INFO - Resampling (330, 408, 255) to [271, 335, 319]...
2026-04-27 14:54:27,906 - INFO - Epoch 1 volume 119/649 loaded: patches=8 image_shape=(8, 1, 128, 128, 128) label_shape=(8, 128, 128, 128)
2026-04-27 14:54:27,906 - INFO - Epoch 1 volume 119/649 patch 1/8 training started
2026-04-27 14:54:28,033 - INFO - Epoch 1 volume 119/649 patch 1/8 done: loss=1.528673 avg_loss=1.594021 global_patch_step=993
2026-04-27 14:54:28,033 - INFO - Epoch 1 volume 119/649 patch 2/8 training started
2026-04-27 14:54:28,167 - INFO - Epoch 1 volume 119/649 patch 2/8 done: loss=1.528517 avg_loss=1.593955 global_patch_step=994
2026-04-27 14:54:28,167 - INFO - Epoch 1 volume 119/649 patch 3/8 training started
2026-04-27 14:54:28,296 - INFO - Epoch 1 volume 119/649 patch 3/8 done: loss=1.528092 avg_loss=1.593889 global_patch_step=995
2026-04-27 14:54:28,296 - INFO - Epoch 1 volume 119/649 patch 4/8 training started
2026-04-27 14:54:28,424 - INFO - Epoch 1 volume 119/649 patch 4/8 done: loss=1.528198 avg_loss=1.593823 global_patch_step=996
2026-04-27 14:54:28,425 - INFO - Epoch 1 volume 119/649 patch 5/8 training started
2026-04-27 14:54:28,549 - INFO - Epoch 1 volume 119/649 patch 5/8 done: loss=1.528242 avg_loss=1.593757 global_patch_step=997
2026-04-27 14:54:28,549 - INFO - Epoch 1 volume 119/649 patch 6/8 training started
2026-04-27 14:54:28,678 - INFO - Epoch 1 volume 119/649 patch 6/8 done: loss=1.527988 avg_loss=1.593691 global_patch_step=998
2026-04-27 14:54:28,678 - INFO - Epoch 1 volume 119/649 patch 7/8 training started
2026-04-27 14:54:28,808 - INFO - Epoch 1 volume 119/649 patch 7/8 done: loss=1.526499 avg_loss=1.593624 global_patch_step=999
2026-04-27 14:54:28,808 - INFO - Epoch 1 volume 119/649 patch 8/8 training started
2026-04-27 14:54:28,935 - INFO - Epoch 1 volume 119/649 patch 8/8 done: loss=1.527506 avg_loss=1.593558 global_patch_step=1000
2026-04-27 14:54:28,935 - INFO - Epoch 1 volume 120/649 loading
2026-04-27 14:54:29,120 - INFO - Resampling (311, 401, 215) to [276, 356, 269]...
2026-04-27 14:54:29,341 - INFO - Resampling (311, 401, 215) to [276, 356, 269]...
2026-04-27 14:54:29,518 - INFO - Resampling (311, 401, 215) to [276, 356, 269]...
2026-04-27 14:54:29,605 - INFO - Resampling (311, 401, 215) to [276, 356, 269]...
2026-04-27 14:54:29,779 - INFO - Epoch 1 volume 120/649 loaded: patches=8 image_shape=(8, 1, 128, 128, 128) label_shape=(8, 128, 128, 128)
2026-04-27 14:54:29,779 - INFO - Epoch 1 volume 120/649 patch 1/8 training started
2026-04-27 14:54:29,910 - INFO - Epoch 1 volume 120/649 patch 1/8 done: loss=1.528160 avg_loss=1.593493 global_patch_step=1001
2026-04-27 14:54:29,910 - INFO - Epoch 1 volume 120/649 patch 2/8 training started
2026-04-27 14:54:30,039 - INFO - Epoch 1 volume 120/649 patch 2/8 done: loss=1.527356 avg_loss=1.593427 global_patch_step=1002
2026-04-27 14:54:30,039 - INFO - Epoch 1 volume 120/649 patch 3/8 training started
2026-04-27 14:54:30,168 - INFO - Epoch 1 volume 120/649 patch 3/8 done: loss=1.527312 avg_loss=1.593361 global_patch_step=1003
2026-04-27 14:54:30,168 - INFO - Epoch 1 volume 120/649 patch 4/8 training started
2026-04-27 14:54:30,297 - INFO - Epoch 1 volume 120/649 patch 4/8 done: loss=1.527807 avg_loss=1.593295 global_patch_step=1004
2026-04-27 14:54:30,298 - INFO - Epoch 1 volume 120/649 patch 5/8 training started
2026-04-27 14:54:30,427 - INFO - Epoch 1 volume 120/649 patch 5/8 done: loss=1.526464 avg_loss=1.593229 global_patch_step=1005
2026-04-27 14:54:30,427 - INFO - Epoch 1 volume 120/649 patch 6/8 training started
2026-04-27 14:54:30,553 - INFO - Epoch 1 volume 120/649 patch 6/8 done: loss=1.526469 avg_loss=1.593162 global_patch_step=1006
2026-04-27 14:54:30,553 - INFO - Epoch 1 volume 120/649 patch 7/8 training started
2026-04-27 14:54:30,678 - INFO - Epoch 1 volume 120/649 patch 7/8 done: loss=1.525873 avg_loss=1.593096 global_patch_step=1007
2026-04-27 14:54:30,679 - INFO - Epoch 1 volume 120/649 patch 8/8 training started
2026-04-27 14:54:30,805 - INFO - Epoch 1 volume 120/649 patch 8/8 done: loss=1.526232 avg_loss=1.593029 global_patch_step=1008
2026-04-27 14:54:30,805 - INFO - Epoch 1 volume 121/649 loading
2026-04-27 14:54:31,003 - INFO - Resampling (365, 421, 238) to [282, 326, 298]...
2026-04-27 14:54:31,207 - INFO - Resampling (365, 421, 238) to [282, 326, 298]...
2026-04-27 14:54:31,460 - INFO - Resampling (365, 421, 238) to [282, 326, 298]...
2026-04-27 14:54:31,550 - INFO - Resampling (365, 421, 238) to [282, 326, 298]...
2026-04-27 14:54:31,726 - INFO - Epoch 1 volume 121/649 loaded: patches=8 image_shape=(8, 1, 128, 128, 128) label_shape=(8, 128, 128, 128)
2026-04-27 14:54:31,726 - INFO - Epoch 1 volume 121/649 patch 1/8 training started
2026-04-27 14:54:31,856 - INFO - Epoch 1 volume 121/649 patch 1/8 done: loss=1.526319 avg_loss=1.592963 global_patch_step=1009
2026-04-27 14:54:31,856 - INFO - Epoch 1 volume 121/649 patch 2/8 training started
2026-04-27 14:54:31,986 - INFO - Epoch 1 volume 121/649 patch 2/8 done: loss=1.527300 avg_loss=1.592898 global_patch_step=1010
2026-04-27 14:54:31,986 - INFO - Epoch 1 volume 121/649 patch 3/8 training started
2026-04-27 14:54:32,122 - INFO - Epoch 1 volume 121/649 patch 3/8 done: loss=1.526430 avg_loss=1.592832 global_patch_step=1011
2026-04-27 14:54:32,122 - INFO - Epoch 1 volume 121/649 patch 4/8 training started
2026-04-27 14:54:32,246 - INFO - Epoch 1 volume 121/649 patch 4/8 done: loss=1.526541 avg_loss=1.592767 global_patch_step=1012
2026-04-27 14:54:32,246 - INFO - Epoch 1 volume 121/649 patch 5/8 training started
2026-04-27 14:54:32,381 - INFO - Epoch 1 volume 121/649 patch 5/8 done: loss=1.525722 avg_loss=1.592701 global_patch_step=1013
2026-04-27 14:54:32,381 - INFO - Epoch 1 volume 121/649 patch 6/8 training started
2026-04-27 14:54:32,508 - INFO - Epoch 1 volume 121/649 patch 6/8 done: loss=1.525429 avg_loss=1.592634 global_patch_step=1014
2026-04-27 14:54:32,508 - INFO - Epoch 1 volume 121/649 patch 7/8 training started
2026-04-27 14:54:32,638 - INFO - Epoch 1 volume 121/649 patch 7/8 done: loss=1.524827 avg_loss=1.592568 global_patch_step=1015
2026-04-27 14:54:32,638 - INFO - Epoch 1 volume 121/649 patch 8/8 training started
2026-04-27 14:54:32,772 - INFO - Epoch 1 volume 121/649 patch 8/8 done: loss=1.526176 avg_loss=1.592502 global_patch_step=1016
2026-04-27 14:54:32,772 - INFO - Epoch 1 volume 122/649 loading
2026-04-27 14:54:32,979 - INFO - Resampling (351, 404, 262) to [288, 331, 328]...
2026-04-27 14:54:33,057 - INFO - Resampling (351, 404, 262) to [288, 331, 328]...
2026-04-27 14:54:33,334 - INFO - Resampling (351, 404, 262) to [288, 331, 328]...
2026-04-27 14:54:33,403 - INFO - Resampling (351, 404, 262) to [288, 331, 328]...
2026-04-27 14:54:33,650 - INFO - Epoch 1 volume 122/649 loaded: patches=8 image_shape=(8, 1, 128, 128, 128) label_shape=(8, 128, 128, 128)
2026-04-27 14:54:33,650 - INFO - Epoch 1 volume 122/649 patch 1/8 training started
2026-04-27 14:54:33,784 - INFO - Epoch 1 volume 122/649 patch 1/8 done: loss=1.526000 avg_loss=1.592437 global_patch_step=1017
2026-04-27 14:54:33,784 - INFO - Epoch 1 volume 122/649 patch 2/8 training started
2026-04-27 14:54:33,918 - INFO - Epoch 1 volume 122/649 patch 2/8 done: loss=1.525696 avg_loss=1.592371 global_patch_step=1018
2026-04-27 14:54:33,918 - INFO - Epoch 1 volume 122/649 patch 3/8 training started
2026-04-27 14:54:34,052 - INFO - Epoch 1 volume 122/649 patch 3/8 done: loss=1.525952 avg_loss=1.592306 global_patch_step=1019
2026-04-27 14:54:34,052 - INFO - Epoch 1 volume 122/649 patch 4/8 training started
2026-04-27 14:54:34,183 - INFO - Epoch 1 volume 122/649 patch 4/8 done: loss=1.526001 avg_loss=1.592241 global_patch_step=1020
2026-04-27 14:54:34,183 - INFO - Epoch 1 volume 122/649 patch 5/8 training started
2026-04-27 14:54:34,311 - INFO - Epoch 1 volume 122/649 patch 5/8 done: loss=1.525334 avg_loss=1.592176 global_patch_step=1021
2026-04-27 14:54:34,311 - INFO - Epoch 1 volume 122/649 patch 6/8 training started
2026-04-27 14:54:34,443 - INFO - Epoch 1 volume 122/649 patch 6/8 done: loss=1.525151 avg_loss=1.592110 global_patch_step=1022
2026-04-27 14:54:34,443 - INFO - Epoch 1 volume 122/649 patch 7/8 training started
2026-04-27 14:54:34,568 - INFO - Epoch 1 volume 122/649 patch 7/8 done: loss=1.524200 avg_loss=1.592044 global_patch_step=1023
2026-04-27 14:54:34,568 - INFO - Epoch 1 volume 122/649 patch 8/8 training started
2026-04-27 14:54:34,700 - INFO - Epoch 1 volume 122/649 patch 8/8 done: loss=1.524342 avg_loss=1.591978 global_patch_step=1024
2026-04-27 14:54:34,700 - INFO - Epoch 1 volume 123/649 loading
2026-04-27 14:54:34,920 - INFO - Resampling (345, 413, 317) to [283, 339, 396]...
2026-04-27 14:54:35,135 - INFO - Resampling (345, 413, 317) to [283, 339, 396]...
2026-04-27 14:54:35,425 - INFO - Resampling (345, 413, 317) to [283, 339, 396]...
2026-04-27 14:54:35,543 - INFO - Resampling (345, 413, 317) to [283, 339, 396]...
2026-04-27 14:54:35,916 - INFO - Epoch 1 volume 123/649 loaded: patches=12 image_shape=(12, 1, 128, 128, 128) label_shape=(12, 128, 128, 128)
2026-04-27 14:54:35,916 - INFO - Epoch 1 volume 123/649 patch 1/12 training started
2026-04-27 14:54:36,046 - INFO - Epoch 1 volume 123/649 patch 1/12 done: loss=1.524419 avg_loss=1.591912 global_patch_step=1025
2026-04-27 14:54:36,046 - INFO - Epoch 1 volume 123/649 patch 2/12 training started
2026-04-27 14:54:36,175 - INFO - Epoch 1 volume 123/649 patch 2/12 done: loss=1.524260 avg_loss=1.591846 global_patch_step=1026
2026-04-27 14:54:36,176 - INFO - Epoch 1 volume 123/649 patch 3/12 training started
2026-04-27 14:54:36,303 - INFO - Epoch 1 volume 123/649 patch 3/12 done: loss=1.524492 avg_loss=1.591780 global_patch_step=1027
2026-04-27 14:54:36,303 - INFO - Epoch 1 volume 123/649 patch 4/12 training started
2026-04-27 14:54:36,429 - INFO - Epoch 1 volume 123/649 patch 4/12 done: loss=1.525025 avg_loss=1.591715 global_patch_step=1028
2026-04-27 14:54:36,429 - INFO - Epoch 1 volume 123/649 patch 5/12 training started
2026-04-27 14:54:36,560 - INFO - Epoch 1 volume 123/649 patch 5/12 done: loss=1.525377 avg_loss=1.591651 global_patch_step=1029
2026-04-27 14:54:36,560 - INFO - Epoch 1 volume 123/649 patch 6/12 training started
2026-04-27 14:54:36,688 - INFO - Epoch 1 volume 123/649 patch 6/12 done: loss=1.524860 avg_loss=1.591586 global_patch_step=1030
2026-04-27 14:54:36,688 - INFO - Epoch 1 volume 123/649 patch 7/12 training started
2026-04-27 14:54:36,819 - INFO - Epoch 1 volume 123/649 patch 7/12 done: loss=1.524406 avg_loss=1.591521 global_patch_step=1031
2026-04-27 14:54:36,819 - INFO - Epoch 1 volume 123/649 patch 8/12 training started
2026-04-27 14:54:36,949 - INFO - Epoch 1 volume 123/649 patch 8/12 done: loss=1.524629 avg_loss=1.591456 global_patch_step=1032
2026-04-27 14:54:36,949 - INFO - Epoch 1 volume 123/649 patch 9/12 training started
2026-04-27 14:54:37,076 - INFO - Epoch 1 volume 123/649 patch 9/12 done: loss=1.523524 avg_loss=1.591390 global_patch_step=1033
2026-04-27 14:54:37,076 - INFO - Epoch 1 volume 123/649 patch 10/12 training started
2026-04-27 14:54:37,208 - INFO - Epoch 1 volume 123/649 patch 10/12 done: loss=1.523281 avg_loss=1.591324 global_patch_step=1034
2026-04-27 14:54:37,208 - INFO - Epoch 1 volume 123/649 patch 11/12 training started
2026-04-27 14:54:37,339 - INFO - Epoch 1 volume 123/649 patch 11/12 done: loss=1.523077 avg_loss=1.591258 global_patch_step=1035
2026-04-27 14:54:37,339 - INFO - Epoch 1 volume 123/649 patch 12/12 training started
2026-04-27 14:54:37,466 - INFO - Epoch 1 volume 123/649 patch 12/12 done: loss=1.523842 avg_loss=1.591193 global_patch_step=1036
2026-04-27 14:54:37,466 - INFO - Epoch 1 volume 124/649 loading
2026-04-27 14:54:37,838 - INFO - Resampling (338, 413, 314) to [277, 339, 392]...
2026-04-27 14:54:37,927 - INFO - Resampling (338, 413, 314) to [277, 339, 392]...
2026-04-27 14:54:38,256 - INFO - Resampling (338, 413, 314) to [277, 339, 392]...
2026-04-27 14:54:38,340 - INFO - Resampling (338, 413, 314) to [277, 339, 392]...
2026-04-27 14:54:38,692 - INFO - Epoch 1 volume 124/649 loaded: patches=12 image_shape=(12, 1, 128, 128, 128) label_shape=(12, 128, 128, 128)
2026-04-27 14:54:38,692 - INFO - Epoch 1 volume 124/649 patch 1/12 training started
2026-04-27 14:54:38,817 - INFO - Epoch 1 volume 124/649 patch 1/12 done: loss=1.523548 avg_loss=1.591128 global_patch_step=1037
2026-04-27 14:54:38,817 - INFO - Epoch 1 volume 124/649 patch 2/12 training started
2026-04-27 14:54:38,947 - INFO - Epoch 1 volume 124/649 patch 2/12 done: loss=1.523317 avg_loss=1.591063 global_patch_step=1038
2026-04-27 14:54:38,947 - INFO - Epoch 1 volume 124/649 patch 3/12 training started
2026-04-27 14:54:39,075 - INFO - Epoch 1 volume 124/649 patch 3/12 done: loss=1.523620 avg_loss=1.590998 global_patch_step=1039
2026-04-27 14:54:39,076 - INFO - Epoch 1 volume 124/649 patch 4/12 training started
2026-04-27 14:54:39,206 - INFO - Epoch 1 volume 124/649 patch 4/12 done: loss=1.523576 avg_loss=1.590933 global_patch_step=1040
2026-04-27 14:54:39,206 - INFO - Epoch 1 volume 124/649 patch 5/12 training started
2026-04-27 14:54:39,333 - INFO - Epoch 1 volume 124/649 patch 5/12 done: loss=1.523948 avg_loss=1.590869 global_patch_step=1041
2026-04-27 14:54:39,333 - INFO - Epoch 1 volume 124/649 patch 6/12 training started
2026-04-27 14:54:39,465 - INFO - Epoch 1 volume 124/649 patch 6/12 done: loss=1.523732 avg_loss=1.590804 global_patch_step=1042
2026-04-27 14:54:39,465 - INFO - Epoch 1 volume 124/649 patch 7/12 training started
2026-04-27 14:54:39,591 - INFO - Epoch 1 volume 124/649 patch 7/12 done: loss=1.522830 avg_loss=1.590739 global_patch_step=1043
2026-04-27 14:54:39,591 - INFO - Epoch 1 volume 124/649 patch 8/12 training started
2026-04-27 14:54:39,721 - INFO - Epoch 1 volume 124/649 patch 8/12 done: loss=1.522775 avg_loss=1.590674 global_patch_step=1044
2026-04-27 14:54:39,721 - INFO - Epoch 1 volume 124/649 patch 9/12 training started
2026-04-27 14:54:39,848 - INFO - Epoch 1 volume 124/649 patch 9/12 done: loss=1.522471 avg_loss=1.590609 global_patch_step=1045
2026-04-27 14:54:39,848 - INFO - Epoch 1 volume 124/649 patch 10/12 training started
2026-04-27 14:54:39,976 - INFO - Epoch 1 volume 124/649 patch 10/12 done: loss=1.522051 avg_loss=1.590543 global_patch_step=1046
2026-04-27 14:54:39,976 - INFO - Epoch 1 volume 124/649 patch 11/12 training started
2026-04-27 14:54:40,107 - INFO - Epoch 1 volume 124/649 patch 11/12 done: loss=1.521651 avg_loss=1.590477 global_patch_step=1047
2026-04-27 14:54:40,107 - INFO - Epoch 1 volume 124/649 patch 12/12 training started
2026-04-27 14:54:40,237 - INFO - Epoch 1 volume 124/649 patch 12/12 done: loss=1.522102 avg_loss=1.590412 global_patch_step=1048
2026-04-27 14:54:40,237 - INFO - Epoch 1 volume 125/649 loading
2026-04-27 14:54:40,452 - INFO - Resampling (338, 399, 214) to [277, 327, 268]...
2026-04-27 14:54:40,508 - INFO - Resampling (338, 399, 214) to [277, 327, 268]...
2026-04-27 14:54:40,724 - INFO - Resampling (338, 399, 214) to [277, 327, 268]...
2026-04-27 14:54:40,778 - INFO - Resampling (338, 399, 214) to [277, 327, 268]...
2026-04-27 14:54:40,957 - INFO - Epoch 1 volume 125/649 loaded: patches=8 image_shape=(8, 1, 128, 128, 128) label_shape=(8, 128, 128, 128)
2026-04-27 14:54:40,957 - INFO - Epoch 1 volume 125/649 patch 1/8 training started
2026-04-27 14:54:41,063 - INFO - Epoch 1 volume 125/649 patch 1/8 done: loss=1.522765 avg_loss=1.590348 global_patch_step=1049
2026-04-27 14:54:41,063 - INFO - Epoch 1 volume 125/649 patch 2/8 training started
2026-04-27 14:54:41,176 - INFO - Epoch 1 volume 125/649 patch 2/8 done: loss=1.523625 avg_loss=1.590284 global_patch_step=1050
2026-04-27 14:54:41,177 - INFO - Epoch 1 volume 125/649 patch 3/8 training started
2026-04-27 14:54:41,309 - INFO - Epoch 1 volume 125/649 patch 3/8 done: loss=1.522476 avg_loss=1.590219 global_patch_step=1051
2026-04-27 14:54:41,309 - INFO - Epoch 1 volume 125/649 patch 4/8 training started
2026-04-27 14:54:41,437 - INFO - Epoch 1 volume 125/649 patch 4/8 done: loss=1.522051 avg_loss=1.590155 global_patch_step=1052
2026-04-27 14:54:41,437 - INFO - Epoch 1 volume 125/649 patch 5/8 training started
2026-04-27 14:54:41,565 - INFO - Epoch 1 volume 125/649 patch 5/8 done: loss=1.521387 avg_loss=1.590089 global_patch_step=1053
2026-04-27 14:54:41,565 - INFO - Epoch 1 volume 125/649 patch 6/8 training started
2026-04-27 14:54:41,693 - INFO - Epoch 1 volume 125/649 patch 6/8 done: loss=1.521287 avg_loss=1.590024 global_patch_step=1054
2026-04-27 14:54:41,693 - INFO - Epoch 1 volume 125/649 patch 7/8 training started
2026-04-27 14:54:41,821 - INFO - Epoch 1 volume 125/649 patch 7/8 done: loss=1.520900 avg_loss=1.589959 global_patch_step=1055
2026-04-27 14:54:41,821 - INFO - Epoch 1 volume 125/649 patch 8/8 training started
2026-04-27 14:54:41,951 - INFO - Epoch 1 volume 125/649 patch 8/8 done: loss=1.521415 avg_loss=1.589894 global_patch_step=1056
2026-04-27 14:54:41,951 - INFO - Epoch 1 volume 126/649 loading
2026-04-27 14:54:42,199 - INFO - Resampling (354, 434, 271) to [290, 356, 339]...
2026-04-27 14:54:42,400 - INFO - Resampling (354, 434, 271) to [290, 356, 339]...
2026-04-27 14:54:42,705 - INFO - Resampling (354, 434, 271) to [290, 356, 339]...
2026-04-27 14:54:42,781 - INFO - Resampling (354, 434, 271) to [290, 356, 339]...
2026-04-27 14:54:43,115 - INFO - Epoch 1 volume 126/649 loaded: patches=8 image_shape=(8, 1, 128, 128, 128) label_shape=(8, 128, 128, 128)
2026-04-27 14:54:43,115 - INFO - Epoch 1 volume 126/649 patch 1/8 training started
2026-04-27 14:54:43,243 - INFO - Epoch 1 volume 126/649 patch 1/8 done: loss=1.521951 avg_loss=1.589829 global_patch_step=1057
2026-04-27 14:54:43,243 - INFO - Epoch 1 volume 126/649 patch 2/8 training started
2026-04-27 14:54:43,371 - INFO - Epoch 1 volume 126/649 patch 2/8 done: loss=1.521972 avg_loss=1.589765 global_patch_step=1058
2026-04-27 14:54:43,372 - INFO - Epoch 1 volume 126/649 patch 3/8 training started
2026-04-27 14:54:43,498 - INFO - Epoch 1 volume 126/649 patch 3/8 done: loss=1.522434 avg_loss=1.589702 global_patch_step=1059
2026-04-27 14:54:43,498 - INFO - Epoch 1 volume 126/649 patch 4/8 training started
2026-04-27 14:54:43,627 - INFO - Epoch 1 volume 126/649 patch 4/8 done: loss=1.522393 avg_loss=1.589638 global_patch_step=1060
2026-04-27 14:54:43,627 - INFO - Epoch 1 volume 126/649 patch 5/8 training started
2026-04-27 14:54:43,753 - INFO - Epoch 1 volume 126/649 patch 5/8 done: loss=1.521162 avg_loss=1.589574 global_patch_step=1061
2026-04-27 14:54:43,753 - INFO - Epoch 1 volume 126/649 patch 6/8 training started
2026-04-27 14:54:43,878 - INFO - Epoch 1 volume 126/649 patch 6/8 done: loss=1.521419 avg_loss=1.589509 global_patch_step=1062
2026-04-27 14:54:43,878 - INFO - Epoch 1 volume 126/649 patch 7/8 training started
2026-04-27 14:54:44,004 - INFO - Epoch 1 volume 126/649 patch 7/8 done: loss=1.520687 avg_loss=1.589445 global_patch_step=1063
2026-04-27 14:54:44,004 - INFO - Epoch 1 volume 126/649 patch 8/8 training started
2026-04-27 14:54:44,130 - INFO - Epoch 1 volume 126/649 patch 8/8 done: loss=1.522121 avg_loss=1.589381 global_patch_step=1064
2026-04-27 14:54:44,131 - INFO - Epoch 1 volume 127/649 loading
2026-04-27 14:54:44,422 - INFO - Resampling (325, 421, 291) to [267, 345, 364]...
2026-04-27 14:54:44,624 - INFO - Resampling (325, 421, 291) to [267, 345, 364]...
2026-04-27 14:54:44,921 - INFO - Resampling (325, 421, 291) to [267, 345, 364]...
2026-04-27 14:54:45,032 - INFO - Resampling (325, 421, 291) to [267, 345, 364]...
2026-04-27 14:54:45,251 - INFO - Epoch 1 volume 127/649 loaded: patches=8 image_shape=(8, 1, 128, 128, 128) label_shape=(8, 128, 128, 128)
2026-04-27 14:54:45,252 - INFO - Epoch 1 volume 127/649 patch 1/8 training started
2026-04-27 14:54:45,380 - INFO - Epoch 1 volume 127/649 patch 1/8 done: loss=1.521033 avg_loss=1.589317 global_patch_step=1065
2026-04-27 14:54:45,380 - INFO - Epoch 1 volume 127/649 patch 2/8 training started
2026-04-27 14:54:45,510 - INFO - Epoch 1 volume 127/649 patch 2/8 done: loss=1.520796 avg_loss=1.589253 global_patch_step=1066
2026-04-27 14:54:45,510 - INFO - Epoch 1 volume 127/649 patch 3/8 training started
2026-04-27 14:54:45,638 - INFO - Epoch 1 volume 127/649 patch 3/8 done: loss=1.521708 avg_loss=1.589190 global_patch_step=1067
2026-04-27 14:54:45,638 - INFO - Epoch 1 volume 127/649 patch 4/8 training started
2026-04-27 14:54:45,767 - INFO - Epoch 1 volume 127/649 patch 4/8 done: loss=1.521198 avg_loss=1.589126 global_patch_step=1068
2026-04-27 14:54:45,767 - INFO - Epoch 1 volume 127/649 patch 5/8 training started
2026-04-27 14:54:45,893 - INFO - Epoch 1 volume 127/649 patch 5/8 done: loss=1.521226 avg_loss=1.589062 global_patch_step=1069
2026-04-27 14:54:45,893 - INFO - Epoch 1 volume 127/649 patch 6/8 training started
2026-04-27 14:54:46,019 - INFO - Epoch 1 volume 127/649 patch 6/8 done: loss=1.520515 avg_loss=1.588998 global_patch_step=1070
2026-04-27 14:54:46,019 - INFO - Epoch 1 volume 127/649 patch 7/8 training started
2026-04-27 14:54:46,148 - INFO - Epoch 1 volume 127/649 patch 7/8 done: loss=1.520570 avg_loss=1.588935 global_patch_step=1071
2026-04-27 14:54:46,149 - INFO - Epoch 1 volume 127/649 patch 8/8 training started
2026-04-27 14:54:46,274 - INFO - Epoch 1 volume 127/649 patch 8/8 done: loss=1.520271 avg_loss=1.588870 global_patch_step=1072
2026-04-27 14:54:46,274 - INFO - Epoch 1 volume 128/649 loading
2026-04-27 14:54:46,644 - INFO - Resampling (329, 441, 345) to [270, 362, 431]...
2026-04-27 14:54:46,892 - INFO - Resampling (329, 441, 345) to [270, 362, 431]...
2026-04-27 14:54:47,352 - INFO - Resampling (329, 441, 345) to [270, 362, 431]...
2026-04-27 14:54:47,505 - INFO - Resampling (329, 441, 345) to [270, 362, 431]...
2026-04-27 14:54:47,929 - INFO - Epoch 1 volume 128/649 loaded: patches=12 image_shape=(12, 1, 128, 128, 128) label_shape=(12, 128, 128, 128)
2026-04-27 14:54:47,929 - INFO - Epoch 1 volume 128/649 patch 1/12 training started
2026-04-27 14:54:48,059 - INFO - Epoch 1 volume 128/649 patch 1/12 done: loss=1.519789 avg_loss=1.588806 global_patch_step=1073
2026-04-27 14:54:48,059 - INFO - Epoch 1 volume 128/649 patch 2/12 training started
2026-04-27 14:54:48,186 - INFO - Epoch 1 volume 128/649 patch 2/12 done: loss=1.519470 avg_loss=1.588742 global_patch_step=1074
2026-04-27 14:54:48,187 - INFO - Epoch 1 volume 128/649 patch 3/12 training started
2026-04-27 14:54:48,314 - INFO - Epoch 1 volume 128/649 patch 3/12 done: loss=1.520008 avg_loss=1.588678 global_patch_step=1075
2026-04-27 14:54:48,314 - INFO - Epoch 1 volume 128/649 patch 4/12 training started
2026-04-27 14:54:48,443 - INFO - Epoch 1 volume 128/649 patch 4/12 done: loss=1.520598 avg_loss=1.588614 global_patch_step=1076
2026-04-27 14:54:48,443 - INFO - Epoch 1 volume 128/649 patch 5/12 training started
2026-04-27 14:54:48,572 - INFO - Epoch 1 volume 128/649 patch 5/12 done: loss=1.520293 avg_loss=1.588551 global_patch_step=1077
2026-04-27 14:54:48,572 - INFO - Epoch 1 volume 128/649 patch 6/12 training started
2026-04-27 14:54:48,702 - INFO - Epoch 1 volume 128/649 patch 6/12 done: loss=1.519717 avg_loss=1.588487 global_patch_step=1078
2026-04-27 14:54:48,702 - INFO - Epoch 1 volume 128/649 patch 7/12 training started
2026-04-27 14:54:48,836 - INFO - Epoch 1 volume 128/649 patch 7/12 done: loss=1.520165 avg_loss=1.588424 global_patch_step=1079
2026-04-27 14:54:48,837 - INFO - Epoch 1 volume 128/649 patch 8/12 training started
2026-04-27 14:54:48,968 - INFO - Epoch 1 volume 128/649 patch 8/12 done: loss=1.520270 avg_loss=1.588361 global_patch_step=1080
2026-04-27 14:54:48,968 - INFO - Epoch 1 volume 128/649 patch 9/12 training started
2026-04-27 14:54:49,096 - INFO - Epoch 1 volume 128/649 patch 9/12 done: loss=1.519071 avg_loss=1.588297 global_patch_step=1081
2026-04-27 14:54:49,096 - INFO - Epoch 1 volume 128/649 patch 10/12 training started
2026-04-27 14:54:49,226 - INFO - Epoch 1 volume 128/649 patch 10/12 done: loss=1.518817 avg_loss=1.588232 global_patch_step=1082
2026-04-27 14:54:49,226 - INFO - Epoch 1 volume 128/649 patch 11/12 training started
2026-04-27 14:54:49,356 - INFO - Epoch 1 volume 128/649 patch 11/12 done: loss=1.518366 avg_loss=1.588168 global_patch_step=1083
2026-04-27 14:54:49,357 - INFO - Epoch 1 volume 128/649 patch 12/12 training started
2026-04-27 14:54:49,483 - INFO - Epoch 1 volume 128/649 patch 12/12 done: loss=1.518840 avg_loss=1.588104 global_patch_step=1084
2026-04-27 14:54:49,483 - INFO - Epoch 1 volume 129/649 loading
2026-04-27 14:54:49,698 - INFO - Resampling (331, 383, 227) to [272, 314, 284]...
2026-04-27 14:54:49,788 - INFO - Resampling (331, 383, 227) to [272, 314, 284]...
2026-04-27 14:54:49,972 - INFO - Resampling (331, 383, 227) to [272, 314, 284]...
2026-04-27 14:54:50,050 - INFO - Resampling (331, 383, 227) to [272, 314, 284]...
2026-04-27 14:54:50,227 - INFO - Epoch 1 volume 129/649 loaded: patches=8 image_shape=(8, 1, 128, 128, 128) label_shape=(8, 128, 128, 128)
2026-04-27 14:54:50,227 - INFO - Epoch 1 volume 129/649 patch 1/8 training started
2026-04-27 14:54:50,353 - INFO - Epoch 1 volume 129/649 patch 1/8 done: loss=1.519966 avg_loss=1.588041 global_patch_step=1085
2026-04-27 14:54:50,353 - INFO - Epoch 1 volume 129/649 patch 2/8 training started
2026-04-27 14:54:50,485 - INFO - Epoch 1 volume 129/649 patch 2/8 done: loss=1.519858 avg_loss=1.587978 global_patch_step=1086
2026-04-27 14:54:50,485 - INFO - Epoch 1 volume 129/649 patch 3/8 training started
2026-04-27 14:54:50,616 - INFO - Epoch 1 volume 129/649 patch 3/8 done: loss=1.518989 avg_loss=1.587915 global_patch_step=1087
2026-04-27 14:54:50,616 - INFO - Epoch 1 volume 129/649 patch 4/8 training started
2026-04-27 14:54:50,747 - INFO - Epoch 1 volume 129/649 patch 4/8 done: loss=1.519088 avg_loss=1.587852 global_patch_step=1088
2026-04-27 14:54:50,748 - INFO - Epoch 1 volume 129/649 patch 5/8 training started
2026-04-27 14:54:50,878 - INFO - Epoch 1 volume 129/649 patch 5/8 done: loss=1.519228 avg_loss=1.587788 global_patch_step=1089
2026-04-27 14:54:50,878 - INFO - Epoch 1 volume 129/649 patch 6/8 training started
2026-04-27 14:54:51,005 - INFO - Epoch 1 volume 129/649 patch 6/8 done: loss=1.517880 avg_loss=1.587724 global_patch_step=1090
2026-04-27 14:54:51,006 - INFO - Epoch 1 volume 129/649 patch 7/8 training started
2026-04-27 14:54:51,134 - INFO - Epoch 1 volume 129/649 patch 7/8 done: loss=1.517937 avg_loss=1.587660 global_patch_step=1091
2026-04-27 14:54:51,134 - INFO - Epoch 1 volume 129/649 patch 8/8 training started
2026-04-27 14:54:51,260 - INFO - Epoch 1 volume 129/649 patch 8/8 done: loss=1.518876 avg_loss=1.587597 global_patch_step=1092
2026-04-27 14:54:51,260 - INFO - Epoch 1 volume 130/649 loading
2026-04-27 14:54:51,527 - INFO - Resampling (354, 445, 217) to [290, 365, 271]...
2026-04-27 14:54:51,732 - INFO - Resampling (354, 445, 217) to [290, 365, 271]...
2026-04-27 14:54:51,996 - INFO - Resampling (354, 445, 217) to [290, 365, 271]...
2026-04-27 14:54:52,082 - INFO - Resampling (354, 445, 217) to [290, 365, 271]...
2026-04-27 14:54:52,260 - INFO - Epoch 1 volume 130/649 loaded: patches=8 image_shape=(8, 1, 128, 128, 128) label_shape=(8, 128, 128, 128)
2026-04-27 14:54:52,260 - INFO - Epoch 1 volume 130/649 patch 1/8 training started
2026-04-27 14:54:52,389 - INFO - Epoch 1 volume 130/649 patch 1/8 done: loss=1.518692 avg_loss=1.587534 global_patch_step=1093
2026-04-27 14:54:52,389 - INFO - Epoch 1 volume 130/649 patch 2/8 training started
2026-04-27 14:54:52,518 - INFO - Epoch 1 volume 130/649 patch 2/8 done: loss=1.517943 avg_loss=1.587471 global_patch_step=1094
2026-04-27 14:54:52,518 - INFO - Epoch 1 volume 130/649 patch 3/8 training started
2026-04-27 14:54:52,645 - INFO - Epoch 1 volume 130/649 patch 3/8 done: loss=1.518494 avg_loss=1.587408 global_patch_step=1095
2026-04-27 14:54:52,645 - INFO - Epoch 1 volume 130/649 patch 4/8 training started
2026-04-27 14:54:52,774 - INFO - Epoch 1 volume 130/649 patch 4/8 done: loss=1.518453 avg_loss=1.587345 global_patch_step=1096
2026-04-27 14:54:52,774 - INFO - Epoch 1 volume 130/649 patch 5/8 training started
2026-04-27 14:54:52,900 - INFO - Epoch 1 volume 130/649 patch 5/8 done: loss=1.517439 avg_loss=1.587281 global_patch_step=1097
2026-04-27 14:54:52,900 - INFO - Epoch 1 volume 130/649 patch 6/8 training started
2026-04-27 14:54:53,030 - INFO - Epoch 1 volume 130/649 patch 6/8 done: loss=1.517184 avg_loss=1.587217 global_patch_step=1098
2026-04-27 14:54:53,030 - INFO - Epoch 1 volume 130/649 patch 7/8 training started
2026-04-27 14:54:53,158 - INFO - Epoch 1 volume 130/649 patch 7/8 done: loss=1.516779 avg_loss=1.587153 global_patch_step=1099
2026-04-27 14:54:53,159 - INFO - Epoch 1 volume 130/649 patch 8/8 training started
2026-04-27 14:54:53,288 - INFO - Epoch 1 volume 130/649 patch 8/8 done: loss=1.517388 avg_loss=1.587090 global_patch_step=1100
2026-04-27 14:54:53,288 - INFO - Epoch 1 volume 131/649 loading
2026-04-27 14:54:53,548 - INFO - Resampling (356, 443, 352) to [292, 363, 440]...
2026-04-27 14:54:53,647 - INFO - Resampling (356, 443, 352) to [292, 363, 440]...
2026-04-27 14:54:54,000 - INFO - Resampling (356, 443, 352) to [292, 363, 440]...
2026-04-27 14:54:54,100 - INFO - Resampling (356, 443, 352) to [292, 363, 440]...
2026-04-27 14:54:54,635 - INFO - Epoch 1 volume 131/649 loaded: patches=12 image_shape=(12, 1, 128, 128, 128) label_shape=(12, 128, 128, 128)
2026-04-27 14:54:54,635 - INFO - Epoch 1 volume 131/649 patch 1/12 training started
2026-04-27 14:54:54,767 - INFO - Epoch 1 volume 131/649 patch 1/12 done: loss=1.517614 avg_loss=1.587027 global_patch_step=1101
2026-04-27 14:54:54,767 - INFO - Epoch 1 volume 131/649 patch 2/12 training started
2026-04-27 14:54:54,896 - INFO - Epoch 1 volume 131/649 patch 2/12 done: loss=1.516732 avg_loss=1.586963 global_patch_step=1102
2026-04-27 14:54:54,896 - INFO - Epoch 1 volume 131/649 patch 3/12 training started
2026-04-27 14:54:55,024 - INFO - Epoch 1 volume 131/649 patch 3/12 done: loss=1.517377 avg_loss=1.586900 global_patch_step=1103
2026-04-27 14:54:55,024 - INFO - Epoch 1 volume 131/649 patch 4/12 training started
2026-04-27 14:54:55,153 - INFO - Epoch 1 volume 131/649 patch 4/12 done: loss=1.517800 avg_loss=1.586837 global_patch_step=1104
2026-04-27 14:54:55,153 - INFO - Epoch 1 volume 131/649 patch 5/12 training started
2026-04-27 14:54:55,283 - INFO - Epoch 1 volume 131/649 patch 5/12 done: loss=1.517012 avg_loss=1.586774 global_patch_step=1105
2026-04-27 14:54:55,283 - INFO - Epoch 1 volume 131/649 patch 6/12 training started
2026-04-27 14:54:55,411 - INFO - Epoch 1 volume 131/649 patch 6/12 done: loss=1.517022 avg_loss=1.586711 global_patch_step=1106
2026-04-27 14:54:55,411 - INFO - Epoch 1 volume 131/649 patch 7/12 training started
2026-04-27 14:54:55,541 - INFO - Epoch 1 volume 131/649 patch 7/12 done: loss=1.517686 avg_loss=1.586649 global_patch_step=1107
2026-04-27 14:54:55,541 - INFO - Epoch 1 volume 131/649 patch 8/12 training started
2026-04-27 14:54:55,668 - INFO - Epoch 1 volume 131/649 patch 8/12 done: loss=1.517532 avg_loss=1.586586 global_patch_step=1108
2026-04-27 14:54:55,668 - INFO - Epoch 1 volume 131/649 patch 9/12 training started
2026-04-27 14:54:55,796 - INFO - Epoch 1 volume 131/649 patch 9/12 done: loss=1.516657 avg_loss=1.586523 global_patch_step=1109
2026-04-27 14:54:55,796 - INFO - Epoch 1 volume 131/649 patch 10/12 training started
2026-04-27 14:54:55,924 - INFO - Epoch 1 volume 131/649 patch 10/12 done: loss=1.516377 avg_loss=1.586460 global_patch_step=1110
2026-04-27 14:54:55,924 - INFO - Epoch 1 volume 131/649 patch 11/12 training started
2026-04-27 14:54:56,052 - INFO - Epoch 1 volume 131/649 patch 11/12 done: loss=1.515874 avg_loss=1.586396 global_patch_step=1111
2026-04-27 14:54:56,052 - INFO - Epoch 1 volume 131/649 patch 12/12 training started
2026-04-27 14:54:56,184 - INFO - Epoch 1 volume 131/649 patch 12/12 done: loss=1.518007 avg_loss=1.586335 global_patch_step=1112
2026-04-27 14:54:56,184 - INFO - Epoch 1 volume 132/649 loading
2026-04-27 14:54:56,370 - INFO - Resampling (330, 408, 220) to [271, 335, 275]...
2026-04-27 14:54:56,431 - INFO - Resampling (330, 408, 220) to [271, 335, 275]...
2026-04-27 14:54:56,651 - INFO - Resampling (330, 408, 220) to [271, 335, 275]...
2026-04-27 14:54:56,707 - INFO - Resampling (330, 408, 220) to [271, 335, 275]...
2026-04-27 14:54:56,860 - INFO - Epoch 1 volume 132/649 loaded: patches=8 image_shape=(8, 1, 128, 128, 128) label_shape=(8, 128, 128, 128)
2026-04-27 14:54:56,860 - INFO - Epoch 1 volume 132/649 patch 1/8 training started
2026-04-27 14:54:56,984 - INFO - Epoch 1 volume 132/649 patch 1/8 done: loss=1.516911 avg_loss=1.586273 global_patch_step=1113
2026-04-27 14:54:56,984 - INFO - Epoch 1 volume 132/649 patch 2/8 training started
2026-04-27 14:54:57,113 - INFO - Epoch 1 volume 132/649 patch 2/8 done: loss=1.516068 avg_loss=1.586210 global_patch_step=1114
2026-04-27 14:54:57,113 - INFO - Epoch 1 volume 132/649 patch 3/8 training started
2026-04-27 14:54:57,241 - INFO - Epoch 1 volume 132/649 patch 3/8 done: loss=1.516398 avg_loss=1.586147 global_patch_step=1115
2026-04-27 14:54:57,241 - INFO - Epoch 1 volume 132/649 patch 4/8 training started
2026-04-27 14:54:57,369 - INFO - Epoch 1 volume 132/649 patch 4/8 done: loss=1.516349 avg_loss=1.586084 global_patch_step=1116
2026-04-27 14:54:57,369 - INFO - Epoch 1 volume 132/649 patch 5/8 training started
2026-04-27 14:54:57,499 - INFO - Epoch 1 volume 132/649 patch 5/8 done: loss=1.515505 avg_loss=1.586021 global_patch_step=1117
2026-04-27 14:54:57,499 - INFO - Epoch 1 volume 132/649 patch 6/8 training started
2026-04-27 14:54:57,629 - INFO - Epoch 1 volume 132/649 patch 6/8 done: loss=1.515163 avg_loss=1.585958 global_patch_step=1118
2026-04-27 14:54:57,629 - INFO - Epoch 1 volume 132/649 patch 7/8 training started
2026-04-27 14:54:57,758 - INFO - Epoch 1 volume 132/649 patch 7/8 done: loss=1.514850 avg_loss=1.585894 global_patch_step=1119
2026-04-27 14:54:57,759 - INFO - Epoch 1 volume 132/649 patch 8/8 training started
2026-04-27 14:54:57,887 - INFO - Epoch 1 volume 132/649 patch 8/8 done: loss=1.515299 avg_loss=1.585831 global_patch_step=1120
2026-04-27 14:54:57,888 - INFO - Epoch 1 volume 133/649 loading
2026-04-27 14:54:58,147 - INFO - Resampling (341, 418, 207) to [280, 343, 259]...
2026-04-27 14:54:58,237 - INFO - Resampling (341, 418, 207) to [280, 343, 259]...
2026-04-27 14:54:58,460 - INFO - Resampling (341, 418, 207) to [280, 343, 259]...
2026-04-27 14:54:58,543 - INFO - Resampling (341, 418, 207) to [280, 343, 259]...
2026-04-27 14:54:58,710 - INFO - Epoch 1 volume 133/649 loaded: patches=8 image_shape=(8, 1, 128, 128, 128) label_shape=(8, 128, 128, 128)
2026-04-27 14:54:58,710 - INFO - Epoch 1 volume 133/649 patch 1/8 training started
2026-04-27 14:54:58,840 - INFO - Epoch 1 volume 133/649 patch 1/8 done: loss=1.516081 avg_loss=1.585769 global_patch_step=1121
2026-04-27 14:54:58,840 - INFO - Epoch 1 volume 133/649 patch 2/8 training started
2026-04-27 14:54:58,972 - INFO - Epoch 1 volume 133/649 patch 2/8 done: loss=1.516011 avg_loss=1.585707 global_patch_step=1122
2026-04-27 14:54:58,972 - INFO - Epoch 1 volume 133/649 patch 3/8 training started
2026-04-27 14:54:59,104 - INFO - Epoch 1 volume 133/649 patch 3/8 done: loss=1.515486 avg_loss=1.585644 global_patch_step=1123
2026-04-27 14:54:59,104 - INFO - Epoch 1 volume 133/649 patch 4/8 training started
2026-04-27 14:54:59,237 - INFO - Epoch 1 volume 133/649 patch 4/8 done: loss=1.515621 avg_loss=1.585582 global_patch_step=1124
2026-04-27 14:54:59,237 - INFO - Epoch 1 volume 133/649 patch 5/8 training started
2026-04-27 14:54:59,369 - INFO - Epoch 1 volume 133/649 patch 5/8 done: loss=1.514969 avg_loss=1.585519 global_patch_step=1125
2026-04-27 14:54:59,369 - INFO - Epoch 1 volume 133/649 patch 6/8 training started
2026-04-27 14:54:59,500 - INFO - Epoch 1 volume 133/649 patch 6/8 done: loss=1.514571 avg_loss=1.585456 global_patch_step=1126
2026-04-27 14:54:59,500 - INFO - Epoch 1 volume 133/649 patch 7/8 training started
2026-04-27 14:54:59,630 - INFO - Epoch 1 volume 133/649 patch 7/8 done: loss=1.514357 avg_loss=1.585393 global_patch_step=1127
2026-04-27 14:54:59,630 - INFO - Epoch 1 volume 133/649 patch 8/8 training started
2026-04-27 14:54:59,756 - INFO - Epoch 1 volume 133/649 patch 8/8 done: loss=1.514690 avg_loss=1.585330 global_patch_step=1128
2026-04-27 14:54:59,756 - INFO - Epoch 1 volume 134/649 loading
2026-04-27 14:54:59,961 - INFO - Resampling (316, 408, 233) to [276, 357, 291]...
2026-04-27 14:55:00,026 - INFO - Resampling (316, 408, 233) to [276, 357, 291]...
2026-04-27 14:55:00,234 - INFO - Resampling (316, 408, 233) to [276, 357, 291]...
2026-04-27 14:55:00,300 - INFO - Resampling (316, 408, 233) to [276, 357, 291]...
2026-04-27 14:55:00,464 - INFO - Epoch 1 volume 134/649 loaded: patches=8 image_shape=(8, 1, 128, 128, 128) label_shape=(8, 128, 128, 128)
2026-04-27 14:55:00,464 - INFO - Epoch 1 volume 134/649 patch 1/8 training started
2026-04-27 14:55:00,591 - INFO - Epoch 1 volume 134/649 patch 1/8 done: loss=1.515624 avg_loss=1.585269 global_patch_step=1129
2026-04-27 14:55:00,592 - INFO - Epoch 1 volume 134/649 patch 2/8 training started
2026-04-27 14:55:00,724 - INFO - Epoch 1 volume 134/649 patch 2/8 done: loss=1.515260 avg_loss=1.585207 global_patch_step=1130
2026-04-27 14:55:00,724 - INFO - Epoch 1 volume 134/649 patch 3/8 training started
2026-04-27 14:55:00,853 - INFO - Epoch 1 volume 134/649 patch 3/8 done: loss=1.515130 avg_loss=1.585145 global_patch_step=1131
2026-04-27 14:55:00,853 - INFO - Epoch 1 volume 134/649 patch 4/8 training started
2026-04-27 14:55:00,983 - INFO - Epoch 1 volume 134/649 patch 4/8 done: loss=1.515120 avg_loss=1.585083 global_patch_step=1132
2026-04-27 14:55:00,983 - INFO - Epoch 1 volume 134/649 patch 5/8 training started
2026-04-27 14:55:01,109 - INFO - Epoch 1 volume 134/649 patch 5/8 done: loss=1.514760 avg_loss=1.585021 global_patch_step=1133
2026-04-27 14:55:01,109 - INFO - Epoch 1 volume 134/649 patch 6/8 training started
2026-04-27 14:55:01,238 - INFO - Epoch 1 volume 134/649 patch 6/8 done: loss=1.514323 avg_loss=1.584959 global_patch_step=1134
2026-04-27 14:55:01,238 - INFO - Epoch 1 volume 134/649 patch 7/8 training started
2026-04-27 14:55:01,363 - INFO - Epoch 1 volume 134/649 patch 7/8 done: loss=1.513578 avg_loss=1.584896 global_patch_step=1135
2026-04-27 14:55:01,364 - INFO - Epoch 1 volume 134/649 patch 8/8 training started
2026-04-27 14:55:01,489 - INFO - Epoch 1 volume 134/649 patch 8/8 done: loss=1.514316 avg_loss=1.584834 global_patch_step=1136
2026-04-27 14:55:01,489 - INFO - Epoch 1 volume 135/649 loading
2026-04-27 14:55:01,801 - INFO - Resampling (341, 469, 296) to [280, 385, 370]...
2026-04-27 14:55:02,004 - INFO - Resampling (341, 469, 296) to [280, 385, 370]...
2026-04-27 14:55:02,356 - INFO - Resampling (341, 469, 296) to [280, 385, 370]...
2026-04-27 14:55:02,447 - INFO - Resampling (341, 469, 296) to [280, 385, 370]...
2026-04-27 14:55:02,864 - INFO - Epoch 1 volume 135/649 loaded: patches=12 image_shape=(12, 1, 128, 128, 128) label_shape=(12, 128, 128, 128)
2026-04-27 14:55:02,864 - INFO - Epoch 1 volume 135/649 patch 1/12 training started
2026-04-27 14:55:02,992 - INFO - Epoch 1 volume 135/649 patch 1/12 done: loss=1.513552 avg_loss=1.584771 global_patch_step=1137
2026-04-27 14:55:02,992 - INFO - Epoch 1 volume 135/649 patch 2/12 training started
2026-04-27 14:55:03,121 - INFO - Epoch 1 volume 135/649 patch 2/12 done: loss=1.513172 avg_loss=1.584708 global_patch_step=1138
2026-04-27 14:55:03,121 - INFO - Epoch 1 volume 135/649 patch 3/12 training started
2026-04-27 14:55:03,250 - INFO - Epoch 1 volume 135/649 patch 3/12 done: loss=1.514209 avg_loss=1.584646 global_patch_step=1139
2026-04-27 14:55:03,250 - INFO - Epoch 1 volume 135/649 patch 4/12 training started
2026-04-27 14:55:03,375 - INFO - Epoch 1 volume 135/649 patch 4/12 done: loss=1.514450 avg_loss=1.584584 global_patch_step=1140
2026-04-27 14:55:03,376 - INFO - Epoch 1 volume 135/649 patch 5/12 training started
2026-04-27 14:55:03,502 - INFO - Epoch 1 volume 135/649 patch 5/12 done: loss=1.514674 avg_loss=1.584523 global_patch_step=1141
2026-04-27 14:55:03,502 - INFO - Epoch 1 volume 135/649 patch 6/12 training started
2026-04-27 14:55:03,633 - INFO - Epoch 1 volume 135/649 patch 6/12 done: loss=1.512731 avg_loss=1.584460 global_patch_step=1142
2026-04-27 14:55:03,633 - INFO - Epoch 1 volume 135/649 patch 7/12 training started
2026-04-27 14:55:03,768 - INFO - Epoch 1 volume 135/649 patch 7/12 done: loss=1.513572 avg_loss=1.584398 global_patch_step=1143
2026-04-27 14:55:03,768 - INFO - Epoch 1 volume 135/649 patch 8/12 training started
2026-04-27 14:55:03,895 - INFO - Epoch 1 volume 135/649 patch 8/12 done: loss=1.513232 avg_loss=1.584336 global_patch_step=1144
2026-04-27 14:55:03,896 - INFO - Epoch 1 volume 135/649 patch 9/12 training started
2026-04-27 14:55:04,020 - INFO - Epoch 1 volume 135/649 patch 9/12 done: loss=1.513754 avg_loss=1.584274 global_patch_step=1145
2026-04-27 14:55:04,020 - INFO - Epoch 1 volume 135/649 patch 10/12 training started
2026-04-27 14:55:04,150 - INFO - Epoch 1 volume 135/649 patch 10/12 done: loss=1.512918 avg_loss=1.584212 global_patch_step=1146
2026-04-27 14:55:04,150 - INFO - Epoch 1 volume 135/649 patch 11/12 training started
2026-04-27 14:55:04,278 - INFO - Epoch 1 volume 135/649 patch 11/12 done: loss=1.512308 avg_loss=1.584149 global_patch_step=1147
2026-04-27 14:55:04,278 - INFO - Epoch 1 volume 135/649 patch 12/12 training started
2026-04-27 14:55:04,404 - INFO - Epoch 1 volume 135/649 patch 12/12 done: loss=1.512548 avg_loss=1.584087 global_patch_step=1148
2026-04-27 14:55:04,404 - INFO - Epoch 1 volume 136/649 loading
2026-04-27 14:55:04,529 - INFO - Resampling (293, 327, 219) to [586, 654, 438]...
2026-04-27 14:55:05,755 - INFO - Resampling (293, 327, 219) to [586, 654, 438]...
2026-04-27 14:55:07,749 - INFO - Resampling (293, 327, 219) to [586, 654, 438]...
2026-04-27 14:55:09,462 - INFO - Resampling (293, 327, 219) to [586, 654, 438]...
2026-04-27 14:55:15,789 - INFO - Epoch 1 volume 136/649 loaded: patches=60 image_shape=(60, 1, 128, 128, 128) label_shape=(60, 128, 128, 128)
2026-04-27 14:55:15,789 - INFO - Epoch 1 volume 136/649 patch 1/60 training started
2026-04-27 14:55:15,972 - INFO - Epoch 1 volume 136/649 patch 1/60 done: loss=1.512401 avg_loss=1.584025 global_patch_step=1149
2026-04-27 14:55:15,972 - INFO - Epoch 1 volume 136/649 patch 2/60 training started
2026-04-27 14:55:16,109 - INFO - Epoch 1 volume 136/649 patch 2/60 done: loss=1.512569 avg_loss=1.583963 global_patch_step=1150
2026-04-27 14:55:16,130 - INFO - Epoch 1 volume 136/649 patch 3/60 training started
2026-04-27 14:55:16,260 - INFO - Epoch 1 volume 136/649 patch 3/60 done: loss=1.512841 avg_loss=1.583901 global_patch_step=1151
2026-04-27 14:55:16,260 - INFO - Epoch 1 volume 136/649 patch 4/60 training started
2026-04-27 14:55:16,387 - INFO - Epoch 1 volume 136/649 patch 4/60 done: loss=1.512654 avg_loss=1.583839 global_patch_step=1152
2026-04-27 14:55:16,387 - INFO - Epoch 1 volume 136/649 patch 5/60 training started
2026-04-27 14:55:16,514 - INFO - Epoch 1 volume 136/649 patch 5/60 done: loss=1.512286 avg_loss=1.583777 global_patch_step=1153
2026-04-27 14:55:16,514 - INFO - Epoch 1 volume 136/649 patch 6/60 training started
2026-04-27 14:55:16,644 - INFO - Epoch 1 volume 136/649 patch 6/60 done: loss=1.512443 avg_loss=1.583715 global_patch_step=1154
2026-04-27 14:55:16,644 - INFO - Epoch 1 volume 136/649 patch 7/60 training started
2026-04-27 14:55:16,770 - INFO - Epoch 1 volume 136/649 patch 7/60 done: loss=1.512520 avg_loss=1.583653 global_patch_step=1155
2026-04-27 14:55:16,770 - INFO - Epoch 1 volume 136/649 patch 8/60 training started
2026-04-27 14:55:16,896 - INFO - Epoch 1 volume 136/649 patch 8/60 done: loss=1.512080 avg_loss=1.583592 global_patch_step=1156
2026-04-27 14:55:16,896 - INFO - Epoch 1 volume 136/649 patch 9/60 training started
2026-04-27 14:55:17,022 - INFO - Epoch 1 volume 136/649 patch 9/60 done: loss=1.512195 avg_loss=1.583530 global_patch_step=1157
2026-04-27 14:55:17,023 - INFO - Epoch 1 volume 136/649 patch 10/60 training started
2026-04-27 14:55:17,152 - INFO - Epoch 1 volume 136/649 patch 10/60 done: loss=1.512657 avg_loss=1.583469 global_patch_step=1158
2026-04-27 14:55:17,153 - INFO - Epoch 1 volume 136/649 patch 11/60 training started
2026-04-27 14:55:17,282 - INFO - Epoch 1 volume 136/649 patch 11/60 done: loss=1.512476 avg_loss=1.583407 global_patch_step=1159
2026-04-27 14:55:17,282 - INFO - Epoch 1 volume 136/649 patch 12/60 training started
2026-04-27 14:55:17,407 - INFO - Epoch 1 volume 136/649 patch 12/60 done: loss=1.512160 avg_loss=1.583346 global_patch_step=1160
2026-04-27 14:55:17,407 - INFO - Epoch 1 volume 136/649 patch 13/60 training started
2026-04-27 14:55:17,535 - INFO - Epoch 1 volume 136/649 patch 13/60 done: loss=1.511211 avg_loss=1.583284 global_patch_step=1161
2026-04-27 14:55:17,535 - INFO - Epoch 1 volume 136/649 patch 14/60 training started
2026-04-27 14:55:17,666 - INFO - Epoch 1 volume 136/649 patch 14/60 done: loss=1.511116 avg_loss=1.583222 global_patch_step=1162
2026-04-27 14:55:17,666 - INFO - Epoch 1 volume 136/649 patch 15/60 training started
2026-04-27 14:55:17,793 - INFO - Epoch 1 volume 136/649 patch 15/60 done: loss=1.511140 avg_loss=1.583160 global_patch_step=1163
2026-04-27 14:55:17,793 - INFO - Epoch 1 volume 136/649 patch 16/60 training started
2026-04-27 14:55:17,919 - INFO - Epoch 1 volume 136/649 patch 16/60 done: loss=1.511090 avg_loss=1.583098 global_patch_step=1164
2026-04-27 14:55:17,919 - INFO - Epoch 1 volume 136/649 patch 17/60 training started
2026-04-27 14:55:18,050 - INFO - Epoch 1 volume 136/649 patch 17/60 done: loss=1.510898 avg_loss=1.583036 global_patch_step=1165
2026-04-27 14:55:18,050 - INFO - Epoch 1 volume 136/649 patch 18/60 training started
2026-04-27 14:55:18,175 - INFO - Epoch 1 volume 136/649 patch 18/60 done: loss=1.511056 avg_loss=1.582974 global_patch_step=1166
2026-04-27 14:55:18,175 - INFO - Epoch 1 volume 136/649 patch 19/60 training started
2026-04-27 14:55:18,304 - INFO - Epoch 1 volume 136/649 patch 19/60 done: loss=1.511092 avg_loss=1.582912 global_patch_step=1167
2026-04-27 14:55:18,304 - INFO - Epoch 1 volume 136/649 patch 20/60 training started
2026-04-27 14:55:18,429 - INFO - Epoch 1 volume 136/649 patch 20/60 done: loss=1.510789 avg_loss=1.582851 global_patch_step=1168
2026-04-27 14:55:18,429 - INFO - Epoch 1 volume 136/649 patch 21/60 training started
2026-04-27 14:55:18,558 - INFO - Epoch 1 volume 136/649 patch 21/60 done: loss=1.510499 avg_loss=1.582789 global_patch_step=1169
2026-04-27 14:55:18,558 - INFO - Epoch 1 volume 136/649 patch 22/60 training started
2026-04-27 14:55:18,690 - INFO - Epoch 1 volume 136/649 patch 22/60 done: loss=1.511362 avg_loss=1.582728 global_patch_step=1170
2026-04-27 14:55:18,691 - INFO - Epoch 1 volume 136/649 patch 23/60 training started
2026-04-27 14:55:18,815 - INFO - Epoch 1 volume 136/649 patch 23/60 done: loss=1.511313 avg_loss=1.582667 global_patch_step=1171
2026-04-27 14:55:18,815 - INFO - Epoch 1 volume 136/649 patch 24/60 training started
2026-04-27 14:55:18,954 - INFO - Epoch 1 volume 136/649 patch 24/60 done: loss=1.510646 avg_loss=1.582605 global_patch_step=1172
2026-04-27 14:55:18,954 - INFO - Epoch 1 volume 136/649 patch 25/60 training started
2026-04-27 14:55:19,081 - INFO - Epoch 1 volume 136/649 patch 25/60 done: loss=1.510553 avg_loss=1.582544 global_patch_step=1173
2026-04-27 14:55:19,081 - INFO - Epoch 1 volume 136/649 patch 26/60 training started
2026-04-27 14:55:19,210 - INFO - Epoch 1 volume 136/649 patch 26/60 done: loss=1.508313 avg_loss=1.582481 global_patch_step=1174
2026-04-27 14:55:19,210 - INFO - Epoch 1 volume 136/649 patch 27/60 training started
2026-04-27 14:55:19,339 - INFO - Epoch 1 volume 136/649 patch 27/60 done: loss=1.511015 avg_loss=1.582420 global_patch_step=1175
2026-04-27 14:55:19,339 - INFO - Epoch 1 volume 136/649 patch 28/60 training started
2026-04-27 14:55:19,468 - INFO - Epoch 1 volume 136/649 patch 28/60 done: loss=1.510211 avg_loss=1.582358 global_patch_step=1176
2026-04-27 14:55:19,468 - INFO - Epoch 1 volume 136/649 patch 29/60 training started
2026-04-27 14:55:19,594 - INFO - Epoch 1 volume 136/649 patch 29/60 done: loss=1.510008 avg_loss=1.582297 global_patch_step=1177
2026-04-27 14:55:19,594 - INFO - Epoch 1 volume 136/649 patch 30/60 training started
2026-04-27 14:55:19,726 - INFO - Epoch 1 volume 136/649 patch 30/60 done: loss=1.509871 avg_loss=1.582236 global_patch_step=1178
2026-04-27 14:55:19,726 - INFO - Epoch 1 volume 136/649 patch 31/60 training started
2026-04-27 14:55:19,853 - INFO - Epoch 1 volume 136/649 patch 31/60 done: loss=1.510495 avg_loss=1.582175 global_patch_step=1179
2026-04-27 14:55:19,853 - INFO - Epoch 1 volume 136/649 patch 32/60 training started
2026-04-27 14:55:19,981 - INFO - Epoch 1 volume 136/649 patch 32/60 done: loss=1.511029 avg_loss=1.582114 global_patch_step=1180
2026-04-27 14:55:19,982 - INFO - Epoch 1 volume 136/649 patch 33/60 training started
2026-04-27 14:55:20,111 - INFO - Epoch 1 volume 136/649 patch 33/60 done: loss=1.509424 avg_loss=1.582053 global_patch_step=1181
2026-04-27 14:55:20,111 - INFO - Epoch 1 volume 136/649 patch 34/60 training started
2026-04-27 14:55:20,239 - INFO - Epoch 1 volume 136/649 patch 34/60 done: loss=1.511314 avg_loss=1.581993 global_patch_step=1182
2026-04-27 14:55:20,239 - INFO - Epoch 1 volume 136/649 patch 35/60 training started
2026-04-27 14:55:20,366 - INFO - Epoch 1 volume 136/649 patch 35/60 done: loss=1.510082 avg_loss=1.581932 global_patch_step=1183
2026-04-27 14:55:20,366 - INFO - Epoch 1 volume 136/649 patch 36/60 training started
2026-04-27 14:55:20,490 - INFO - Epoch 1 volume 136/649 patch 36/60 done: loss=1.510007 avg_loss=1.581871 global_patch_step=1184
2026-04-27 14:55:20,490 - INFO - Epoch 1 volume 136/649 patch 37/60 training started
2026-04-27 14:55:20,618 - INFO - Epoch 1 volume 136/649 patch 37/60 done: loss=1.509024 avg_loss=1.581810 global_patch_step=1185
2026-04-27 14:55:20,619 - INFO - Epoch 1 volume 136/649 patch 38/60 training started
2026-04-27 14:55:20,747 - INFO - Epoch 1 volume 136/649 patch 38/60 done: loss=1.509352 avg_loss=1.581749 global_patch_step=1186
2026-04-27 14:55:20,748 - INFO - Epoch 1 volume 136/649 patch 39/60 training started
2026-04-27 14:55:20,875 - INFO - Epoch 1 volume 136/649 patch 39/60 done: loss=1.509094 avg_loss=1.581688 global_patch_step=1187
2026-04-27 14:55:20,875 - INFO - Epoch 1 volume 136/649 patch 40/60 training started
2026-04-27 14:55:21,003 - INFO - Epoch 1 volume 136/649 patch 40/60 done: loss=1.509302 avg_loss=1.581627 global_patch_step=1188
2026-04-27 14:55:21,003 - INFO - Epoch 1 volume 136/649 patch 41/60 training started
2026-04-27 14:55:21,135 - INFO - Epoch 1 volume 136/649 patch 41/60 done: loss=1.508363 avg_loss=1.581565 global_patch_step=1189
2026-04-27 14:55:21,135 - INFO - Epoch 1 volume 136/649 patch 42/60 training started
2026-04-27 14:55:21,260 - INFO - Epoch 1 volume 136/649 patch 42/60 done: loss=1.509073 avg_loss=1.581504 global_patch_step=1190
2026-04-27 14:55:21,260 - INFO - Epoch 1 volume 136/649 patch 43/60 training started
2026-04-27 14:55:21,389 - INFO - Epoch 1 volume 136/649 patch 43/60 done: loss=1.508816 avg_loss=1.581443 global_patch_step=1191
2026-04-27 14:55:21,389 - INFO - Epoch 1 volume 136/649 patch 44/60 training started
2026-04-27 14:55:21,517 - INFO - Epoch 1 volume 136/649 patch 44/60 done: loss=1.508522 avg_loss=1.581382 global_patch_step=1192
2026-04-27 14:55:21,517 - INFO - Epoch 1 volume 136/649 patch 45/60 training started
2026-04-27 14:55:21,646 - INFO - Epoch 1 volume 136/649 patch 45/60 done: loss=1.508219 avg_loss=1.581321 global_patch_step=1193
2026-04-27 14:55:21,646 - INFO - Epoch 1 volume 136/649 patch 46/60 training started
2026-04-27 14:55:21,772 - INFO - Epoch 1 volume 136/649 patch 46/60 done: loss=1.508355 avg_loss=1.581260 global_patch_step=1194
2026-04-27 14:55:21,772 - INFO - Epoch 1 volume 136/649 patch 47/60 training started
2026-04-27 14:55:21,900 - INFO - Epoch 1 volume 136/649 patch 47/60 done: loss=1.508516 avg_loss=1.581199 global_patch_step=1195
2026-04-27 14:55:21,900 - INFO - Epoch 1 volume 136/649 patch 48/60 training started
2026-04-27 14:55:22,029 - INFO - Epoch 1 volume 136/649 patch 48/60 done: loss=1.507796 avg_loss=1.581137 global_patch_step=1196
2026-04-27 14:55:22,029 - INFO - Epoch 1 volume 136/649 patch 49/60 training started
2026-04-27 14:55:22,156 - INFO - Epoch 1 volume 136/649 patch 49/60 done: loss=1.507825 avg_loss=1.581076 global_patch_step=1197
2026-04-27 14:55:22,156 - INFO - Epoch 1 volume 136/649 patch 50/60 training started
2026-04-27 14:55:22,285 - INFO - Epoch 1 volume 136/649 patch 50/60 done: loss=1.509292 avg_loss=1.581016 global_patch_step=1198
2026-04-27 14:55:22,285 - INFO - Epoch 1 volume 136/649 patch 51/60 training started
2026-04-27 14:55:22,412 - INFO - Epoch 1 volume 136/649 patch 51/60 done: loss=1.509065 avg_loss=1.580956 global_patch_step=1199
2026-04-27 14:55:22,412 - INFO - Epoch 1 volume 136/649 patch 52/60 training started
2026-04-27 14:55:22,532 - INFO - Epoch 1 volume 136/649 patch 52/60 done: loss=1.507512 avg_loss=1.580895 global_patch_step=1200
2026-04-27 14:55:22,532 - INFO - Epoch 1 volume 136/649 patch 53/60 training started
2026-04-27 14:55:22,664 - INFO - Epoch 1 volume 136/649 patch 53/60 done: loss=1.507712 avg_loss=1.580834 global_patch_step=1201
2026-04-27 14:55:22,664 - INFO - Epoch 1 volume 136/649 patch 54/60 training started
2026-04-27 14:55:22,795 - INFO - Epoch 1 volume 136/649 patch 54/60 done: loss=1.507739 avg_loss=1.580773 global_patch_step=1202
2026-04-27 14:55:22,795 - INFO - Epoch 1 volume 136/649 patch 55/60 training started
2026-04-27 14:55:22,924 - INFO - Epoch 1 volume 136/649 patch 55/60 done: loss=1.507939 avg_loss=1.580713 global_patch_step=1203
2026-04-27 14:55:22,924 - INFO - Epoch 1 volume 136/649 patch 56/60 training started
2026-04-27 14:55:23,051 - INFO - Epoch 1 volume 136/649 patch 56/60 done: loss=1.507417 avg_loss=1.580652 global_patch_step=1204
2026-04-27 14:55:23,051 - INFO - Epoch 1 volume 136/649 patch 57/60 training started
2026-04-27 14:55:23,182 - INFO - Epoch 1 volume 136/649 patch 57/60 done: loss=1.507069 avg_loss=1.580591 global_patch_step=1205
2026-04-27 14:55:23,183 - INFO - Epoch 1 volume 136/649 patch 58/60 training started
2026-04-27 14:55:23,314 - INFO - Epoch 1 volume 136/649 patch 58/60 done: loss=1.508174 avg_loss=1.580531 global_patch_step=1206
2026-04-27 14:55:23,314 - INFO - Epoch 1 volume 136/649 patch 59/60 training started
2026-04-27 14:55:23,442 - INFO - Epoch 1 volume 136/649 patch 59/60 done: loss=1.508038 avg_loss=1.580471 global_patch_step=1207
2026-04-27 14:55:23,442 - INFO - Epoch 1 volume 136/649 patch 60/60 training started
2026-04-27 14:55:23,570 - INFO - Epoch 1 volume 136/649 patch 60/60 done: loss=1.508494 avg_loss=1.580411 global_patch_step=1208
2026-04-27 14:55:23,570 - INFO - Epoch 1 volume 137/649 loading
2026-04-27 14:55:23,702 - INFO - Resampling (304, 366, 234) to [608, 732, 468]...
2026-04-27 14:55:25,032 - INFO - Resampling (304, 366, 234) to [608, 732, 468]...
2026-04-27 14:55:27,091 - INFO - Resampling (304, 366, 234) to [608, 732, 468]...
2026-04-27 14:55:29,779 - INFO - Resampling (304, 366, 234) to [608, 732, 468]...
2026-04-27 14:55:40,797 - INFO - Epoch 1 volume 137/649 loaded: patches=60 image_shape=(60, 1, 128, 128, 128) label_shape=(60, 128, 128, 128)
2026-04-27 14:55:40,798 - INFO - Epoch 1 volume 137/649 patch 1/60 training started
2026-04-27 14:55:40,996 - INFO - Epoch 1 volume 137/649 patch 1/60 done: loss=1.506808 avg_loss=1.580350 global_patch_step=1209
2026-04-27 14:55:40,996 - INFO - Epoch 1 volume 137/649 patch 2/60 training started
2026-04-27 14:55:41,115 - INFO - Epoch 1 volume 137/649 patch 2/60 done: loss=1.506950 avg_loss=1.580289 global_patch_step=1210
2026-04-27 14:55:41,116 - INFO - Epoch 1 volume 137/649 patch 3/60 training started
2026-04-27 14:55:41,233 - INFO - Epoch 1 volume 137/649 patch 3/60 done: loss=1.506829 avg_loss=1.580229 global_patch_step=1211
2026-04-27 14:55:41,233 - INFO - Epoch 1 volume 137/649 patch 4/60 training started
2026-04-27 14:55:41,346 - INFO - Epoch 1 volume 137/649 patch 4/60 done: loss=1.506718 avg_loss=1.580168 global_patch_step=1212
2026-04-27 14:55:41,346 - INFO - Epoch 1 volume 137/649 patch 5/60 training started
2026-04-27 14:55:41,463 - INFO - Epoch 1 volume 137/649 patch 5/60 done: loss=1.506314 avg_loss=1.580107 global_patch_step=1213
2026-04-27 14:55:41,463 - INFO - Epoch 1 volume 137/649 patch 6/60 training started
2026-04-27 14:55:41,594 - INFO - Epoch 1 volume 137/649 patch 6/60 done: loss=1.506514 avg_loss=1.580047 global_patch_step=1214
2026-04-27 14:55:41,595 - INFO - Epoch 1 volume 137/649 patch 7/60 training started
2026-04-27 14:55:41,720 - INFO - Epoch 1 volume 137/649 patch 7/60 done: loss=1.506554 avg_loss=1.579986 global_patch_step=1215
2026-04-27 14:55:41,720 - INFO - Epoch 1 volume 137/649 patch 8/60 training started
2026-04-27 14:55:41,853 - INFO - Epoch 1 volume 137/649 patch 8/60 done: loss=1.506125 avg_loss=1.579925 global_patch_step=1216
2026-04-27 14:55:41,853 - INFO - Epoch 1 volume 137/649 patch 9/60 training started
2026-04-27 14:55:41,980 - INFO - Epoch 1 volume 137/649 patch 9/60 done: loss=1.506282 avg_loss=1.579865 global_patch_step=1217
2026-04-27 14:55:41,981 - INFO - Epoch 1 volume 137/649 patch 10/60 training started
2026-04-27 14:55:42,112 - INFO - Epoch 1 volume 137/649 patch 10/60 done: loss=1.506841 avg_loss=1.579805 global_patch_step=1218
2026-04-27 14:55:42,112 - INFO - Epoch 1 volume 137/649 patch 11/60 training started
2026-04-27 14:55:42,239 - INFO - Epoch 1 volume 137/649 patch 11/60 done: loss=1.506896 avg_loss=1.579745 global_patch_step=1219
2026-04-27 14:55:42,239 - INFO - Epoch 1 volume 137/649 patch 12/60 training started
2026-04-27 14:55:42,370 - INFO - Epoch 1 volume 137/649 patch 12/60 done: loss=1.506367 avg_loss=1.579685 global_patch_step=1220
2026-04-27 14:55:42,370 - INFO - Epoch 1 volume 137/649 patch 13/60 training started
2026-04-27 14:55:42,498 - INFO - Epoch 1 volume 137/649 patch 13/60 done: loss=1.506132 avg_loss=1.579625 global_patch_step=1221
2026-04-27 14:55:42,498 - INFO - Epoch 1 volume 137/649 patch 14/60 training started
2026-04-27 14:55:42,627 - INFO - Epoch 1 volume 137/649 patch 14/60 done: loss=1.505902 avg_loss=1.579564 global_patch_step=1222
2026-04-27 14:55:42,627 - INFO - Epoch 1 volume 137/649 patch 15/60 training started
2026-04-27 14:55:42,754 - INFO - Epoch 1 volume 137/649 patch 15/60 done: loss=1.505774 avg_loss=1.579504 global_patch_step=1223
2026-04-27 14:55:42,754 - INFO - Epoch 1 volume 137/649 patch 16/60 training started
2026-04-27 14:55:42,886 - INFO - Epoch 1 volume 137/649 patch 16/60 done: loss=1.505451 avg_loss=1.579444 global_patch_step=1224
2026-04-27 14:55:42,886 - INFO - Epoch 1 volume 137/649 patch 17/60 training started
2026-04-27 14:55:43,012 - INFO - Epoch 1 volume 137/649 patch 17/60 done: loss=1.505023 avg_loss=1.579383 global_patch_step=1225
2026-04-27 14:55:43,012 - INFO - Epoch 1 volume 137/649 patch 18/60 training started
2026-04-27 14:55:43,142 - INFO - Epoch 1 volume 137/649 patch 18/60 done: loss=1.505149 avg_loss=1.579322 global_patch_step=1226
2026-04-27 14:55:43,142 - INFO - Epoch 1 volume 137/649 patch 19/60 training started
2026-04-27 14:55:43,269 - INFO - Epoch 1 volume 137/649 patch 19/60 done: loss=1.505201 avg_loss=1.579262 global_patch_step=1227
2026-04-27 14:55:43,269 - INFO - Epoch 1 volume 137/649 patch 20/60 training started
2026-04-27 14:55:43,398 - INFO - Epoch 1 volume 137/649 patch 20/60 done: loss=1.505004 avg_loss=1.579201 global_patch_step=1228
2026-04-27 14:55:43,398 - INFO - Epoch 1 volume 137/649 patch 21/60 training started
2026-04-27 14:55:43,524 - INFO - Epoch 1 volume 137/649 patch 21/60 done: loss=1.505114 avg_loss=1.579141 global_patch_step=1229
2026-04-27 14:55:43,524 - INFO - Epoch 1 volume 137/649 patch 22/60 training started
2026-04-27 14:55:43,654 - INFO - Epoch 1 volume 137/649 patch 22/60 done: loss=1.505863 avg_loss=1.579082 global_patch_step=1230
2026-04-27 14:55:43,655 - INFO - Epoch 1 volume 137/649 patch 23/60 training started
2026-04-27 14:55:43,782 - INFO - Epoch 1 volume 137/649 patch 23/60 done: loss=1.505782 avg_loss=1.579022 global_patch_step=1231
2026-04-27 14:55:43,782 - INFO - Epoch 1 volume 137/649 patch 24/60 training started
2026-04-27 14:55:43,913 - INFO - Epoch 1 volume 137/649 patch 24/60 done: loss=1.504937 avg_loss=1.578962 global_patch_step=1232
2026-04-27 14:55:43,913 - INFO - Epoch 1 volume 137/649 patch 25/60 training started
2026-04-27 14:55:44,041 - INFO - Epoch 1 volume 137/649 patch 25/60 done: loss=1.504820 avg_loss=1.578902 global_patch_step=1233
2026-04-27 14:55:44,041 - INFO - Epoch 1 volume 137/649 patch 26/60 training started
2026-04-27 14:55:44,172 - INFO - Epoch 1 volume 137/649 patch 26/60 done: loss=1.505269 avg_loss=1.578842 global_patch_step=1234
2026-04-27 14:55:44,172 - INFO - Epoch 1 volume 137/649 patch 27/60 training started
2026-04-27 14:55:44,302 - INFO - Epoch 1 volume 137/649 patch 27/60 done: loss=1.504953 avg_loss=1.578782 global_patch_step=1235
2026-04-27 14:55:44,302 - INFO - Epoch 1 volume 137/649 patch 28/60 training started
2026-04-27 14:55:44,423 - INFO - Epoch 1 volume 137/649 patch 28/60 done: loss=1.504694 avg_loss=1.578722 global_patch_step=1236
2026-04-27 14:55:44,423 - INFO - Epoch 1 volume 137/649 patch 29/60 training started
2026-04-27 14:55:44,551 - INFO - Epoch 1 volume 137/649 patch 29/60 done: loss=1.504331 avg_loss=1.578662 global_patch_step=1237
2026-04-27 14:55:44,551 - INFO - Epoch 1 volume 137/649 patch 30/60 training started
2026-04-27 14:55:44,684 - INFO - Epoch 1 volume 137/649 patch 30/60 done: loss=1.504316 avg_loss=1.578602 global_patch_step=1238
2026-04-27 14:55:44,684 - INFO - Epoch 1 volume 137/649 patch 31/60 training started
2026-04-27 14:55:44,810 - INFO - Epoch 1 volume 137/649 patch 31/60 done: loss=1.504271 avg_loss=1.578542 global_patch_step=1239
2026-04-27 14:55:44,810 - INFO - Epoch 1 volume 137/649 patch 32/60 training started
2026-04-27 14:55:44,941 - INFO - Epoch 1 volume 137/649 patch 32/60 done: loss=1.503977 avg_loss=1.578482 global_patch_step=1240
2026-04-27 14:55:44,941 - INFO - Epoch 1 volume 137/649 patch 33/60 training started
2026-04-27 14:55:45,069 - INFO - Epoch 1 volume 137/649 patch 33/60 done: loss=1.503798 avg_loss=1.578422 global_patch_step=1241
2026-04-27 14:55:45,069 - INFO - Epoch 1 volume 137/649 patch 34/60 training started
2026-04-27 14:55:45,200 - INFO - Epoch 1 volume 137/649 patch 34/60 done: loss=1.504111 avg_loss=1.578362 global_patch_step=1242
2026-04-27 14:55:45,200 - INFO - Epoch 1 volume 137/649 patch 35/60 training started
2026-04-27 14:55:45,327 - INFO - Epoch 1 volume 137/649 patch 35/60 done: loss=1.505453 avg_loss=1.578303 global_patch_step=1243
2026-04-27 14:55:45,327 - INFO - Epoch 1 volume 137/649 patch 36/60 training started
2026-04-27 14:55:45,456 - INFO - Epoch 1 volume 137/649 patch 36/60 done: loss=1.504227 avg_loss=1.578244 global_patch_step=1244
2026-04-27 14:55:45,456 - INFO - Epoch 1 volume 137/649 patch 37/60 training started
2026-04-27 14:55:45,581 - INFO - Epoch 1 volume 137/649 patch 37/60 done: loss=1.503346 avg_loss=1.578184 global_patch_step=1245
2026-04-27 14:55:45,581 - INFO - Epoch 1 volume 137/649 patch 38/60 training started
2026-04-27 14:55:45,714 - INFO - Epoch 1 volume 137/649 patch 38/60 done: loss=1.504036 avg_loss=1.578124 global_patch_step=1246
2026-04-27 14:55:45,714 - INFO - Epoch 1 volume 137/649 patch 39/60 training started
2026-04-27 14:55:45,843 - INFO - Epoch 1 volume 137/649 patch 39/60 done: loss=1.505150 avg_loss=1.578066 global_patch_step=1247
2026-04-27 14:55:45,843 - INFO - Epoch 1 volume 137/649 patch 40/60 training started
2026-04-27 14:55:45,972 - INFO - Epoch 1 volume 137/649 patch 40/60 done: loss=1.503382 avg_loss=1.578006 global_patch_step=1248
2026-04-27 14:55:45,972 - INFO - Epoch 1 volume 137/649 patch 41/60 training started
2026-04-27 14:55:46,102 - INFO - Epoch 1 volume 137/649 patch 41/60 done: loss=1.503150 avg_loss=1.577946 global_patch_step=1249
2026-04-27 14:55:46,102 - INFO - Epoch 1 volume 137/649 patch 42/60 training started
2026-04-27 14:55:46,231 - INFO - Epoch 1 volume 137/649 patch 42/60 done: loss=1.503531 avg_loss=1.577886 global_patch_step=1250
2026-04-27 14:55:46,231 - INFO - Epoch 1 volume 137/649 patch 43/60 training started
2026-04-27 14:55:46,360 - INFO - Epoch 1 volume 137/649 patch 43/60 done: loss=1.503253 avg_loss=1.577827 global_patch_step=1251
2026-04-27 14:55:46,360 - INFO - Epoch 1 volume 137/649 patch 44/60 training started
2026-04-27 14:55:46,488 - INFO - Epoch 1 volume 137/649 patch 44/60 done: loss=1.503320 avg_loss=1.577767 global_patch_step=1252
2026-04-27 14:55:46,488 - INFO - Epoch 1 volume 137/649 patch 45/60 training started
2026-04-27 14:55:46,610 - INFO - Epoch 1 volume 137/649 patch 45/60 done: loss=1.502684 avg_loss=1.577707 global_patch_step=1253
2026-04-27 14:55:46,610 - INFO - Epoch 1 volume 137/649 patch 46/60 training started
2026-04-27 14:55:46,741 - INFO - Epoch 1 volume 137/649 patch 46/60 done: loss=1.505680 avg_loss=1.577650 global_patch_step=1254
2026-04-27 14:55:46,741 - INFO - Epoch 1 volume 137/649 patch 47/60 training started
2026-04-27 14:55:46,871 - INFO - Epoch 1 volume 137/649 patch 47/60 done: loss=1.503855 avg_loss=1.577591 global_patch_step=1255
2026-04-27 14:55:46,871 - INFO - Epoch 1 volume 137/649 patch 48/60 training started
2026-04-27 14:55:47,002 - INFO - Epoch 1 volume 137/649 patch 48/60 done: loss=1.502520 avg_loss=1.577531 global_patch_step=1256
2026-04-27 14:55:47,002 - INFO - Epoch 1 volume 137/649 patch 49/60 training started
2026-04-27 14:55:47,133 - INFO - Epoch 1 volume 137/649 patch 49/60 done: loss=1.502244 avg_loss=1.577471 global_patch_step=1257
2026-04-27 14:55:47,133 - INFO - Epoch 1 volume 137/649 patch 50/60 training started
2026-04-27 14:55:47,268 - INFO - Epoch 1 volume 137/649 patch 50/60 done: loss=1.505210 avg_loss=1.577414 global_patch_step=1258
2026-04-27 14:55:47,268 - INFO - Epoch 1 volume 137/649 patch 51/60 training started
2026-04-27 14:55:47,397 - INFO - Epoch 1 volume 137/649 patch 51/60 done: loss=1.504253 avg_loss=1.577356 global_patch_step=1259
2026-04-27 14:55:47,397 - INFO - Epoch 1 volume 137/649 patch 52/60 training started
2026-04-27 14:55:47,529 - INFO - Epoch 1 volume 137/649 patch 52/60 done: loss=1.504357 avg_loss=1.577298 global_patch_step=1260
2026-04-27 14:55:47,529 - INFO - Epoch 1 volume 137/649 patch 53/60 training started
2026-04-27 14:55:47,658 - INFO - Epoch 1 volume 137/649 patch 53/60 done: loss=1.501902 avg_loss=1.577238 global_patch_step=1261
2026-04-27 14:55:47,658 - INFO - Epoch 1 volume 137/649 patch 54/60 training started
2026-04-27 14:55:47,787 - INFO - Epoch 1 volume 137/649 patch 54/60 done: loss=1.504391 avg_loss=1.577180 global_patch_step=1262
2026-04-27 14:55:47,788 - INFO - Epoch 1 volume 137/649 patch 55/60 training started
2026-04-27 14:55:47,918 - INFO - Epoch 1 volume 137/649 patch 55/60 done: loss=1.503361 avg_loss=1.577122 global_patch_step=1263
2026-04-27 14:55:47,918 - INFO - Epoch 1 volume 137/649 patch 56/60 training started
2026-04-27 14:55:48,050 - INFO - Epoch 1 volume 137/649 patch 56/60 done: loss=1.503969 avg_loss=1.577064 global_patch_step=1264
2026-04-27 14:55:48,050 - INFO - Epoch 1 volume 137/649 patch 57/60 training started
2026-04-27 14:55:48,180 - INFO - Epoch 1 volume 137/649 patch 57/60 done: loss=1.501655 avg_loss=1.577004 global_patch_step=1265
2026-04-27 14:55:48,180 - INFO - Epoch 1 volume 137/649 patch 58/60 training started
2026-04-27 14:55:48,313 - INFO - Epoch 1 volume 137/649 patch 58/60 done: loss=1.501619 avg_loss=1.576945 global_patch_step=1266
2026-04-27 14:55:48,313 - INFO - Epoch 1 volume 137/649 patch 59/60 training started
2026-04-27 14:55:48,441 - INFO - Epoch 1 volume 137/649 patch 59/60 done: loss=1.501801 avg_loss=1.576886 global_patch_step=1267
2026-04-27 14:55:48,442 - INFO - Epoch 1 volume 137/649 patch 60/60 training started
2026-04-27 14:55:48,573 - INFO - Epoch 1 volume 137/649 patch 60/60 done: loss=1.501554 avg_loss=1.576826 global_patch_step=1268
2026-04-27 14:55:48,573 - INFO - Epoch 1 volume 138/649 loading
2026-04-27 14:55:48,730 - INFO - Resampling (348, 406, 222) to [696, 812, 444]...
2026-04-27 14:55:50,718 - INFO - Resampling (348, 406, 222) to [696, 812, 444]...
2026-04-27 14:55:54,318 - INFO - Resampling (348, 406, 222) to [696, 812, 444]...
2026-04-27 14:55:57,251 - INFO - Resampling (348, 406, 222) to [696, 812, 444]...
